side,axis,dir,moving_body,moving_solid,other_sub,other_body,other_solid,q_onset_deg
LA,1,+,body1,body1.어깨_Pitch_회전부_260423_Right_어깨양단지지_URDF@LeftArm@HumanoidUpperBody,LA,body0,body0.어깨_Pitch_고정부_A_Left_260511_URDF@LeftArm@HumanoidUpperBody,1.0
LA,1,+,body1,body1.어깨_Pitch_회전부_260423_Right_어깨양단지지_URDF@LeftArm@HumanoidUpperBody,LA,body0,body0.____mm_______1@LeftArm@HumanoidUpperBody,1.0
LA,1,+,body1,body1.어깨_Pitch_회전부_260423_Right_어깨양단지지_URDF@LeftArm@HumanoidUpperBody,LA,body0,body0._________12@LeftArm@HumanoidUpperBody,1.0
LA,1,+,body1,body1.어깨_Pitch_회전부_260423_Right_어깨양단지지_URDF@LeftArm@HumanoidUpperBody,LA,body0,body0._________1@LeftArm@HumanoidUpperBody,4.0
LA,1,+,body1,body1.어깨_Pitch_회전부_260423_Right_어깨양단지지_URDF@LeftArm@HumanoidUpperBody,LA,body0,body0._________11@LeftArm@HumanoidUpperBody,4.0
LA,1,-,body1,body1.어깨_Pitch_회전부_260423_Right_어깨양단지지_URDF@LeftArm@HumanoidUpperBody,LA,body0,body0.어깨_Pitch_고정부_A_Left_260511_URDF@LeftArm@HumanoidUpperBody,-0.0
LA,1,-,body1,body1.어깨_Pitch_회전부_260423_Right_어깨양단지지_URDF@LeftArm@HumanoidUpperBody,LA,body0,body0.____mm_______1@LeftArm@HumanoidUpperBody,-0.0
LA,1,-,body1,body1.어깨_Pitch_회전부_260423_Right_어깨양단지지_URDF@LeftArm@HumanoidUpperBody,LA,body0,body0._________12@LeftArm@HumanoidUpperBody,-0.0
LA,1,-,body1,body1.어깨_Pitch_회전부_260423_Right_어깨양단지지_URDF@LeftArm@HumanoidUpperBody,LA,body0,body0._________1@LeftArm@HumanoidUpperBody,-16.0
LA,1,-,body1,body1.어깨_Pitch_회전부_260423_Right_어깨양단지지_URDF@LeftArm@HumanoidUpperBody,LA,body0,body0._________11@LeftArm@HumanoidUpperBody,-16.0
LA,2,+,body2,body2.어깨_Roll베어링_고정파트_URDF기본@LeftArm@HumanoidUpperBody,LA,body1,body1._________4@LeftArm@HumanoidUpperBody,1.0
LA,2,+,body2,body2.어깨_Roll베어링_고정파트_URDF기본@LeftArm@HumanoidUpperBody,LA,body1,body1._________12@LeftArm@HumanoidUpperBody,1.0
LA,2,+,body2,body2.어깨_Roll베어링_고정파트_URDF기본@LeftArm@HumanoidUpperBody,LA,body1,body1.____3@LeftArm@HumanoidUpperBody,1.0
LA,2,+,body2,body2.어깨_Roll베어링_고정파트_URDF기본1@LeftArm@HumanoidUpperBody,LA,body1,body1._________4@LeftArm@HumanoidUpperBody,1.0
LA,2,+,body2,body2.어깨_Roll베어링_고정파트_URDF기본1@LeftArm@HumanoidUpperBody,LA,body1,body1._________12@LeftArm@HumanoidUpperBody,1.0
LA,2,+,body2,body2.어깨_Roll베어링_고정파트_URDF기본1@LeftArm@HumanoidUpperBody,LA,body1,body1.____3@LeftArm@HumanoidUpperBody,1.0
LA,2,+,body2,body2.어깨_Roll_베어링_연결부_260423_URDF@LeftArm@HumanoidUpperBody,LA,body1,body1.어깨_Pitch_회전부_260423_Right_어깨양단지지_URDF@LeftArm@HumanoidUpperBody,1.0
LA,2,+,body2,body2.어깨_Roll_연결부_260511_Left_URDF@LeftArm@HumanoidUpperBody,LA,body1,body1.어깨_Roll모터_고정막대_260423_URDF@LeftArm@HumanoidUpperBody,1.0
LA,2,+,body2,body2.어깨_Roll_연결부_260511_Left_URDF@LeftArm@HumanoidUpperBody,LA,body1,body1.어깨_Pitch_회전부_260423_Right_어깨양단지지_URDF@LeftArm@HumanoidUpperBody,1.0
LA,2,+,body2,body2.어깨_Roll_연결부_260511_Left_URDF@LeftArm@HumanoidUpperBody,LA,body1,body1._________11@LeftArm@HumanoidUpperBody,1.0
LA,2,+,body2,body2.어깨_Roll_연결부_260511_Left_URDF@LeftArm@HumanoidUpperBody,LA,body1,body1._________12@LeftArm@HumanoidUpperBody,1.0
LA,2,+,body2,body2.어깨_Roll_Yaw_연결부_260422_URDF@LeftArm@HumanoidUpperBody,LA,body1,body1._________12@LeftArm@HumanoidUpperBody,2.0
LA,2,+,body2,body2.어깨_Roll베어링_고정파트_URDF기본1@LeftArm@HumanoidUpperBody,LA,body1,body1.____2@LeftArm@HumanoidUpperBody,8.0
LA,2,+,body2,body2.어깨_Roll_연결부_260511_Left_URDF@LeftArm@HumanoidUpperBody,LA,body0,body0.어깨_Pitch_고정부_A_Left_260511_URDF@LeftArm@HumanoidUpperBody,8.0
LA,2,+,body2,body2.어깨_Roll베어링_고정파트_URDF기본1@LeftArm@HumanoidUpperBody,LA,body1,body1._________46@LeftArm@HumanoidUpperBody,9.0
LA,2,+,body2,body2.어깨_Roll베어링_고정파트_URDF기본1@LeftArm@HumanoidUpperBody,LA,body1,body1.____mm_______1@LeftArm@HumanoidUpperBody,9.0
LA,2,+,body3,body3.어깨_Yaw_체결부_260415_URDF@LeftArm@HumanoidUpperBody,LA,body1,body1.어깨_Pitch_회전부_260423_Right_어깨양단지지_URDF@LeftArm@HumanoidUpperBody,10.0
LA,2,+,body2,body2.어깨_Roll_연결부_260511_Left_URDF@LeftArm@HumanoidUpperBody,LA,body1,body1._________4@LeftArm@HumanoidUpperBody,10.0
LA,2,+,body2,body2.어깨_Roll베어링_고정파트_URDF기본1@LeftArm@HumanoidUpperBody,LA,body1,body1.어깨_Pitch_고정연결부_260511_B_Left_URDF@LeftArm@HumanoidUpperBody,11.0
LA,2,+,body2,body2.어깨_Roll베어링_고정파트_URDF기본1@LeftArm@HumanoidUpperBody,LA,body1,body1.어깨_Pitch_고정연결부_260511_A_Left_URDF@LeftArm@HumanoidUpperBody,11.0
LA,2,+,body3,body3.________2@LeftArm@HumanoidUpperBody,LA,body1,body1.어깨_Pitch_회전부_260423_Right_어깨양단지지_URDF@LeftArm@HumanoidUpperBody,13.0
LA,2,+,body2,body2.어깨_Roll베어링_고정파트_URDF기본1@LeftArm@HumanoidUpperBody,LA,body1,body1.어깨_Pitch_고정연결부_260511_B_Left_URDF1@LeftArm@HumanoidUpperBody,13.0
LA,2,+,body2,body2.어깨_Roll_연결부_260511_Left_URDF@LeftArm@HumanoidUpperBody,LA,body1,body1.____3@LeftArm@HumanoidUpperBody,13.0
LA,2,+,body2,body2.어깨_Roll베어링_고정파트_URDF기본1@LeftArm@HumanoidUpperBody,LA,body1,body1.________2@LeftArm@HumanoidUpperBody,14.0
LA,2,+,body2,body2.어깨_Roll_베어링_연결부_260423_URDF@LeftArm@HumanoidUpperBody,LA,body1,body1._________4@LeftArm@HumanoidUpperBody,16.0
LA,2,+,body2,body2.어깨_Roll_베어링_연결부_260423_URDF@LeftArm@HumanoidUpperBody,LA,body0,body0.어깨_Pitch_고정부_A_Left_260511_URDF@LeftArm@HumanoidUpperBody,16.0
LA,2,+,body2,body2.어깨_Roll_연결부_260511_Left_URDF@LeftArm@HumanoidUpperBody,LA,body1,body1.어깨_Pitch_고정연결부_260511_B_Left_URDF@LeftArm@HumanoidUpperBody,16.0
LA,2,+,body2,body2.어깨_Roll_연결부_260511_Left_URDF@LeftArm@HumanoidUpperBody,LA,body1,body1.어깨_Pitch_고정연결부_260511_A_Left_URDF@LeftArm@HumanoidUpperBody,16.0
LA,2,+,body2,body2.어깨_Roll_연결부_260511_Left_URDF@LeftArm@HumanoidUpperBody,LA,body0,body0.____mm_______1@LeftArm@HumanoidUpperBody,16.0
LA,2,+,body3,body3.어깨_Yaw_체결부_260415_URDF@LeftArm@HumanoidUpperBody,LA,body0,body0.어깨_Pitch_고정부_A_Left_260511_URDF@LeftArm@HumanoidUpperBody,17.0
LA,2,+,body3,body3.________2@LeftArm@HumanoidUpperBody,LA,body0,body0.어깨_Pitch_고정부_A_Left_260511_URDF@LeftArm@HumanoidUpperBody,18.0
LA,2,+,body3,body3.____3@LeftArm@HumanoidUpperBody,LA,body0,body0.어깨_Pitch_고정부_A_Left_260511_URDF@LeftArm@HumanoidUpperBody,18.0
LA,2,+,body2,body2.어깨_Roll_베어링_연결부_260423_URDF@LeftArm@HumanoidUpperBody,LA,body1,body1.____3@LeftArm@HumanoidUpperBody,18.0
LA,2,+,body2,body2.어깨_Roll_연결부_260511_Left_URDF@LeftArm@HumanoidUpperBody,LA,body0,body0._________12@LeftArm@HumanoidUpperBody,18.0
LA,2,+,body2,body2.어깨_Roll_연결부_260511_Left_URDF@LeftArm@HumanoidUpperBody,LA,body1,body1.____2@LeftArm@HumanoidUpperBody,19.0
LA,2,+,body3,body3.어깨_Yaw_팔꿈치_연결부_B_260423_URDF@LeftArm@HumanoidUpperBody,HumanoidUpperBody,base,base.어댑터_260518@HumanoidUpperBody,20.0
LA,2,+,body3,body3.어깨_Yaw_팔꿈치_연결부_B_260423_URDF@LeftArm@HumanoidUpperBody,HumanoidUpperBody,base,base.C1_Body_Part07_260515@HumanoidUpperBody,20.0
LA,2,+,body3,body3.어깨_Yaw_체결부_260415_URDF@LeftArm@HumanoidUpperBody,LA,body0,body0._________11@LeftArm@HumanoidUpperBody,21.0
LA,2,+,body3,body3.팔꿈치_끝단베어링_체결부_260417_URDF@LeftArm@HumanoidUpperBody,HumanoidUpperBody,base,base.어댑터_260518@HumanoidUpperBody,21.0
LA,2,+,body2,body2.어깨_Roll_베어링_연결부_260423_URDF@LeftArm@HumanoidUpperBody,LA,body1,body1.어깨_Pitch_고정연결부_260511_B_Left_URDF@LeftArm@HumanoidUpperBody,21.0
LA,2,+,body2,body2.어깨_Roll_연결부_260511_Left_URDF@LeftArm@HumanoidUpperBody,LA,body1,body1._________46@LeftArm@HumanoidUpperBody,21.0
LA,2,+,body3,body3.베어링_6708U_H_URDF@LeftArm@HumanoidUpperBody,HumanoidUpperBody,base,base.어댑터_260518@HumanoidUpperBody,22.0
LA,2,+,body3,body3.어깨_Yaw_체결부_260415_URDF@LeftArm@HumanoidUpperBody,LA,body0,body0.________2@LeftArm@HumanoidUpperBody,22.0
LA,2,+,body3,body3.____3@LeftArm@HumanoidUpperBody,LA,body0,body0._________11@LeftArm@HumanoidUpperBody,22.0
LA,2,+,body4,body4.팔꿈치_Pitch_회전부2_260427_URDF@LeftArm@HumanoidUpperBody,HumanoidUpperBody,base,base.C1_Body_Part07_260515@HumanoidUpperBody,23.0
LA,2,+,body3,body3.________2@LeftArm@HumanoidUpperBody,LA,body0,body0.________2@LeftArm@HumanoidUpperBody,23.0
LA,2,+,body3,body3.____3@LeftArm@HumanoidUpperBody,LA,body0,body0.________2@LeftArm@HumanoidUpperBody,23.0
LA,2,+,body3,body3.어깨_팔꿈치_연결부_260416_URDF@LeftArm@HumanoidUpperBody,HumanoidUpperBody,base,base.C2_Body_Part01_260515@HumanoidUpperBody,23.0
LA,2,+,body3,body3.어깨_팔꿈치_연결부_260416_URDF@LeftArm@HumanoidUpperBody,HumanoidUpperBody,base,base.C1_Body_Part07_260515@HumanoidUpperBody,23.0
LA,2,+,body4,body4.팔꿈치_Pitch_회전부2_260427_URDF@LeftArm@HumanoidUpperBody,HumanoidUpperBody,base,base.C2_Body_Part01_260515@HumanoidUpperBody,24.0
LA,2,+,body3,body3.팔꿈치_스토퍼_260424_URDF@LeftArm@HumanoidUpperBody,HumanoidUpperBody,base,base.C1_Body_Part07_260515@HumanoidUpperBody,24.0
LA,2,+,body3,body3.팔꿈치_끝단베어링_체결부_260417_URDF@LeftArm@HumanoidUpperBody,HumanoidUpperBody,base,base.C1_Body_Part07_260515@HumanoidUpperBody,24.0
LA,2,+,body2,body2.어깨_Roll베어링_고정파트_URDF기본1@LeftArm@HumanoidUpperBody,LA,body1,body1.어깨_Pitch_회전부_260423_Right_어깨양단지지_URDF@LeftArm@HumanoidUpperBody,24.0
LA,2,+,body2,body2.어깨_Roll_연결부_260511_Left_URDF@LeftArm@HumanoidUpperBody,LA,body1,body1.________2@LeftArm@HumanoidUpperBody,24.0
LA,2,+,body4,body4.팔꿈치_Pitch_회전부2_260427_URDF@LeftArm@HumanoidUpperBody,HumanoidUpperBody,base,base.어댑터_260518@HumanoidUpperBody,25.0
LA,2,+,body3,body3.베어링_6708U_H_URDF@LeftArm@HumanoidUpperBody,HumanoidUpperBody,base,base.C1_Body_Part07_260515@HumanoidUpperBody,25.0
LA,2,+,body3,body3.어깨_Yaw_체결부_260415_URDF@LeftArm@HumanoidUpperBody,LA,body0,body0.____mm_______1@LeftArm@HumanoidUpperBody,25.0
LA,2,+,body3,body3.____3@LeftArm@HumanoidUpperBody,LA,body1,body1.어깨_Pitch_회전부_260423_Right_어깨양단지지_URDF@LeftArm@HumanoidUpperBody,25.0
LA,2,+,body3,body3.팔꿈치_스토퍼_260424_URDF@LeftArm@HumanoidUpperBody,HumanoidUpperBody,base,base.어댑터_260518@HumanoidUpperBody,25.0
LA,2,+,body3,body3.NONE@LeftArm@HumanoidUpperBody,HumanoidUpperBody,base,base.C1_Body_Part07_260515@HumanoidUpperBody,25.0
LA,2,+,body2,body2.어깨_Roll_베어링_연결부_260423_URDF@LeftArm@HumanoidUpperBody,LA,body1,body1.____2@LeftArm@HumanoidUpperBody,25.0
LA,2,+,body3,body3.어깨_Yaw_체결부_260415_URDF@LeftArm@HumanoidUpperBody,LA,body0,body0.____3@LeftArm@HumanoidUpperBody,26.0
LA,2,+,body3,body3.________2@LeftArm@HumanoidUpperBody,LA,body0,body0.____mm_______1@LeftArm@HumanoidUpperBody,26.0
LA,2,+,body3,body3.NONE@LeftArm@HumanoidUpperBody,HumanoidUpperBody,base,base.C2_Body_Part01_260515@HumanoidUpperBody,26.0
LA,2,+,body2,body2.어깨_Roll_베어링_연결부_260423_URDF@LeftArm@HumanoidUpperBody,LA,body1,body1._________46@LeftArm@HumanoidUpperBody,26.0
LA,2,+,body3,body3.________2@LeftArm@HumanoidUpperBody,LA,body0,body0.____3@LeftArm@HumanoidUpperBody,27.0
LA,2,+,body3,body3.____3@LeftArm@HumanoidUpperBody,LA,body0,body0.____3@LeftArm@HumanoidUpperBody,27.0
LA,2,+,body3,body3.NONE@LeftArm@HumanoidUpperBody,HumanoidUpperBody,base,base.어댑터_260518@HumanoidUpperBody,27.0
LA,2,+,body2,body2.어깨_Roll베어링_고정파트_URDF기본1@LeftArm@HumanoidUpperBody,LA,body0,body0.어깨_Pitch_고정부_A_Left_260511_URDF@LeftArm@HumanoidUpperBody,27.0
LA,2,+,body2,body2.어깨_Roll_베어링_연결부_260423_URDF@LeftArm@HumanoidUpperBody,LA,body0,body0.____mm_______1@LeftArm@HumanoidUpperBody,27.0
LA,2,+,body3,body3.어깨_팔꿈치_연결부_260416_URDF@LeftArm@HumanoidUpperBody,HumanoidUpperBody,base,base.C1_WS_TALL_MID_FRAME_NEW_1@HumanoidUpperBody,29.0
LA,2,+,body3,body3.어깨_팔꿈치_연결부_260416_URDF@LeftArm@HumanoidUpperBody,HumanoidUpperBody,base,base.C1_WS_TALL_TOP_SHIELD_NEW_2022___1@HumanoidUpperBody,29.0
LA,2,+,body3,body3.어깨_팔꿈치_연결부_260416_URDF@LeftArm@HumanoidUpperBody,HumanoidUpperBody,base,base.C1_AN_TOP_COVER_1@HumanoidUpperBody,29.0
LA,2,+,body3,body3.________11@LeftArm@HumanoidUpperBody,HumanoidUpperBody,base,base.C2_Body_Part01_260515@HumanoidUpperBody,29.0
LA,2,+,body3,body3.________11@LeftArm@HumanoidUpperBody,HumanoidUpperBody,base,base.C1_Body_Part07_260515@HumanoidUpperBody,29.0
LA,2,+,body3,body3.________11@LeftArm@HumanoidUpperBody,HumanoidUpperBody,base,base.어댑터_260518@HumanoidUpperBody,30.0
LA,2,+,body2,body2.어깨_Roll_연결부_260511_Left_URDF@LeftArm@HumanoidUpperBody,LA,body1,body1.____mm_______1@LeftArm@HumanoidUpperBody,30.0
LA,2,+,body3,body3.____mm_______1@LeftArm@HumanoidUpperBody,LA,body0,body0.어깨_Pitch_고정부_A_Left_260511_URDF@LeftArm@HumanoidUpperBody,31.0
LA,2,+,body3,body3.어깨_Yaw_팔꿈치_연결부_260423_URDF@LeftArm@HumanoidUpperBody,HumanoidUpperBody,base,base.C1_Body_Part07_260515@HumanoidUpperBody,31.0
LA,2,+,body2,body2.어깨_Roll베어링_고정파트_URDF기본1@LeftArm@HumanoidUpperBody,LA,body0,body0._________11@LeftArm@HumanoidUpperBody,31.0
LA,2,+,body3,body3.____3@LeftArm@HumanoidUpperBody,LA,body0,body0.____mm_______1@LeftArm@HumanoidUpperBody,32.0
LA,2,+,body3,body3.어깨_Yaw_팔꿈치_연결부_B_260423_URDF@LeftArm@HumanoidUpperBody,HumanoidUpperBody,base,base.C1_Body_Part22_260515@HumanoidUpperBody,32.0
LA,2,+,body3,body3.팔꿈치_끝단베어링_체결부_260417_URDF@LeftArm@HumanoidUpperBody,HumanoidUpperBody,base,base.C1_Body_Part22_260515@HumanoidUpperBody,32.0
LA,2,+,body2,body2.어깨_Roll베어링_고정파트_URDF기본1@LeftArm@HumanoidUpperBody,LA,body0,body0.________2@LeftArm@HumanoidUpperBody,32.0
LA,2,+,body3,body3.베어링_6708U_H_URDF@LeftArm@HumanoidUpperBody,HumanoidUpperBody,base,base.C1_Body_Part22_260515@HumanoidUpperBody,33.0
LA,2,+,body4,body4.팔꿈치_Pitchl베어링_고정파트_URDF기본@LeftArm@HumanoidUpperBody,HumanoidUpperBody,base,base.어댑터_260518@HumanoidUpperBody,34.0
LA,2,+,body4,body4.팔꿈치_Pitchl베어링_고정파트_URDF기본1@LeftArm@HumanoidUpperBody,HumanoidUpperBody,base,base.어댑터_260518@HumanoidUpperBody,34.0
LA,2,+,body3,body3.____2@LeftArm@HumanoidUpperBody,HumanoidUpperBody,base,base.C2_Body_Part01_260515@HumanoidUpperBody,34.0
LA,2,+,body3,body3.____mm_______1@LeftArm@HumanoidUpperBody,LA,body1,body1.어깨_Pitch_회전부_260423_Right_어깨양단지지_URDF@LeftArm@HumanoidUpperBody,34.0
LA,2,+,body3,body3.____mm_______1@LeftArm@HumanoidUpperBody,LA,body0,body0._________11@LeftArm@HumanoidUpperBody,34.0
LA,2,+,body3,body3.어깨_Yaw_팔꿈치_연결부_B_260423_URDF@LeftArm@HumanoidUpperBody,HumanoidUpperBody,base,base.C1_Imported1@HumanoidUpperBody,34.0
LA,2,+,body3,body3.어깨_팔꿈치_연결부_260416_URDF@LeftArm@HumanoidUpperBody,HumanoidUpperBody,base,base.C1_TN_DAUGHTER_BKT_LAN_GASKET_1@HumanoidUpperBody,34.0
LA,2,+,body3,body3.어깨_팔꿈치_연결부_260416_URDF@LeftArm@HumanoidUpperBody,HumanoidUpperBody,base,base.C1_WS_M2_BKT_A_1@HumanoidUpperBody,34.0
LA,2,+,body3,body3.어깨_팔꿈치_연결부_260416_URDF@LeftArm@HumanoidUpperBody,HumanoidUpperBody,base,base.C1_WS_TALL_BTM_BKT_NEW_1_1@HumanoidUpperBody,34.0
LA,2,+,body4,body4.팔꿈치_Pitch_회전부2_260427_URDF@LeftArm@HumanoidUpperBody,HumanoidUpperBody,base,base.C1_WS_TALL_BTM_BKT_NEW_1_1@HumanoidUpperBody,35.0
LA,2,+,body4,body4.팔꿈치_Pitch_회전부2_260427_URDF@LeftArm@HumanoidUpperBody,HumanoidUpperBody,base,base.C1_WS_TALL_MID_FRAME_NEW_1@HumanoidUpperBody,35.0
LA,2,+,body4,body4.팔꿈치_Pitch_회전부2_260427_URDF@LeftArm@HumanoidUpperBody,HumanoidUpperBody,base,base.C1_WS_TALL_TOP_SHIELD_NEW_2022___1@HumanoidUpperBody,35.0
LA,2,+,body4,body4.팔꿈치_Pitch_회전부2_260427_URDF@LeftArm@HumanoidUpperBody,HumanoidUpperBody,base,base.C1_TN_BLANK_PLATE_1@HumanoidUpperBody,35.0
LA,2,+,body4,body4.팔꿈치_Pitch_회전부2_260427_URDF@LeftArm@HumanoidUpperBody,HumanoidUpperBody,base,base.C1_Body_Part22_260515@HumanoidUpperBody,35.0
LA,2,+,body3,body3.어깨_Yaw_체결부_260415_URDF@LeftArm@HumanoidUpperBody,LA,body0,body0._________12@LeftArm@HumanoidUpperBody,35.0
LA,2,+,body3,body3.____mm_______1@LeftArm@HumanoidUpperBody,LA,body0,body0.________2@LeftArm@HumanoidUpperBody,35.0
LA,2,+,body3,body3.어깨_팔꿈치_연결부_260416_URDF@LeftArm@HumanoidUpperBody,HumanoidUpperBody,base,base.C1_TN_DAUGHTER_BKT_SPONGE_1@HumanoidUpperBody,35.0
LA,2,+,body3,body3.어깨_팔꿈치_연결부_260416_URDF@LeftArm@HumanoidUpperBody,HumanoidUpperBody,base,base.C1_TN_DAUGHTER_BKT_C_1@HumanoidUpperBody,35.0
LA,2,+,body3,body3.어깨_팔꿈치_연결부_260416_URDF@LeftArm@HumanoidUpperBody,HumanoidUpperBody,base,base.C1_TN_BLANK_PLATE_1@HumanoidUpperBody,35.0
LA,2,+,body3,body3.NONE@LeftArm@HumanoidUpperBody,HumanoidUpperBody,base,base.C1_WS_TALL_MID_FRAME_NEW_1@HumanoidUpperBody,35.0
LA,2,+,body3,body3.NONE@LeftArm@HumanoidUpperBody,HumanoidUpperBody,base,base.C1_WS_TALL_TOP_SHIELD_NEW_2022___1@HumanoidUpperBody,35.0
LA,2,+,body2,body2.어깨_Roll베어링_고정파트_URDF기본1@LeftArm@HumanoidUpperBody,LA,body0,body0.____3@LeftArm@HumanoidUpperBody,35.0
LA,2,+,body4,body4.팔꿈치_Pitch_회전부2_260427_URDF@LeftArm@HumanoidUpperBody,HumanoidUpperBody,base,base.C1_TN_DAUGHTER_BKT_C_1@HumanoidUpperBody,36.0
LA,2,+,body3,body3._________46@LeftArm@HumanoidUpperBody,HumanoidUpperBody,base,base.C2_Body_Part01_260515@HumanoidUpperBody,36.0
LA,2,+,body3,body3.어깨_Yaw_팔꿈치_연결부_B_260423_URDF@LeftArm@HumanoidUpperBody,HumanoidUpperBody,base,base.C1_Nvidia_Jetson_AGX_Thor_developerKit@HumanoidUpperBody,36.0
LA,2,+,body3,body3.어깨_팔꿈치_연결부_260416_URDF@LeftArm@HumanoidUpperBody,HumanoidUpperBody,base,base.C1_WS_M2_BKT_CU_FFC_A2_1@HumanoidUpperBody,36.0
LA,2,+,body4,body4.팔꿈치_Pitchl베어링_고정파트_URDF기본@LeftArm@HumanoidUpperBody,HumanoidUpperBody,base,base.C1_Body_Part07_260515@HumanoidUpperBody,37.0
LA,2,+,body4,body4.팔꿈치_Pitchl베어링_고정파트_URDF기본1@LeftArm@HumanoidUpperBody,HumanoidUpperBody,base,base.C1_Body_Part07_260515@HumanoidUpperBody,37.0
LA,2,+,body4,body4.팔꿈치_Pitch_회전부2_260427_URDF@LeftArm@HumanoidUpperBody,HumanoidUpperBody,base,base.C1_TN_DAUGHTER_BKT_GASKET_1@HumanoidUpperBody,37.0
LA,2,+,body4,body4.팔꿈치_Pitch_회전부2_260427_URDF@LeftArm@HumanoidUpperBody,HumanoidUpperBody,base,base.C1_WS_M2_BKT_A_1@HumanoidUpperBody,37.0
LA,2,+,body4,body4.팔꿈치_Pitch_회전부2_260427_URDF@LeftArm@HumanoidUpperBody,HumanoidUpperBody,base,base.C1_WS_DIMM_BRKT_V1_1_1@HumanoidUpperBody,37.0
LA,2,+,body4,body4.팔꿈치_Pitch_회전부2_260427_URDF@LeftArm@HumanoidUpperBody,HumanoidUpperBody,base,base.C1_WS_DAUGHTER_BKT_GASKET_1@HumanoidUpperBody,37.0
LA,2,+,body4,body4.팔꿈치_Pitch_회전부2_260427_URDF@LeftArm@HumanoidUpperBody,HumanoidUpperBody,base,base.C2_WS_DAUGHTER_BKT_GASKET_1@HumanoidUpperBody,37.0
LA,2,+,body3,body3._________4@LeftArm@HumanoidUpperBody,LA,body0,body0.____3@LeftArm@HumanoidUpperBody,37.0
LA,2,+,body3,body3.팔꿈치_스토퍼_260424_URDF@LeftArm@HumanoidUpperBody,HumanoidUpperBody,base,base.C1_Body_Part22_260515@HumanoidUpperBody,37.0
LA,2,+,body3,body3.어깨_팔꿈치_연결부_샤프트_260413_URDF1@LeftArm@HumanoidUpperBody,HumanoidUpperBody,base,base.C2_Body_Part01_260515@HumanoidUpperBody,37.0
LA,2,+,body3,body3.어깨_팔꿈치_연결부_샤프트_260413_URDF1@LeftArm@HumanoidUpperBody,HumanoidUpperBody,base,base.C2_LCFR6_2020_216@HumanoidUpperBody,37.0
LA,2,+,body3,body3.어깨_팔꿈치_연결부_샤프트_260413_URDF2@LeftArm@HumanoidUpperBody,HumanoidUpperBody,base,base.C2_Body_Part01_260515@HumanoidUpperBody,37.0
LA,2,+,body3,body3.어깨_팔꿈치_연결부_샤프트_260413_URDF2@LeftArm@HumanoidUpperBody,HumanoidUpperBody,base,base.C3_LCFR6_2020_216@HumanoidUpperBody,37.0
LA,2,+,body3,body3.팔꿈치_끝단베어링_체결부_260417_URDF@LeftArm@HumanoidUpperBody,HumanoidUpperBody,base,base.C1_Nvidia_Jetson_AGX_Thor_developerKit@HumanoidUpperBody,37.0
LA,2,+,body3,body3.어깨_팔꿈치_연결부_260416_URDF@LeftArm@HumanoidUpperBody,HumanoidUpperBody,base,base.C1_TN_DAUGHTER_BKT_GASKET_1@HumanoidUpperBody,37.0
LA,2,+,body3,body3.어깨_팔꿈치_연결부_260416_URDF@LeftArm@HumanoidUpperBody,HumanoidUpperBody,base,base.C2_TN_VESA_BKT_STANDOFF_1@HumanoidUpperBody,37.0
LA,2,+,body3,body3.어깨_팔꿈치_연결부_260416_URDF@LeftArm@HumanoidUpperBody,HumanoidUpperBody,base,base.C1_Imported1@HumanoidUpperBody,37.0
LA,2,+,body3,body3.NONE@LeftArm@HumanoidUpperBody,HumanoidUpperBody,base,base.C1_TN_DAUGHTER_BKT_USB_GASKET_1@HumanoidUpperBody,37.0
LA,2,+,body3,body3.NONE@LeftArm@HumanoidUpperBody,HumanoidUpperBody,base,base.C1_TN_DAUGHTER_BKT_USB_GASKET_11@HumanoidUpperBody,37.0
LA,2,+,body3,body3.NONE@LeftArm@HumanoidUpperBody,HumanoidUpperBody,base,base.C1_TN_DAUGHTER_BKT_LAN_GASKET_1@HumanoidUpperBody,37.0
LA,2,+,body3,body3.NONE@LeftArm@HumanoidUpperBody,HumanoidUpperBody,base,base.C1_TN_DAUGHTER_BKT_SPONGE_1@HumanoidUpperBody,37.0
LA,2,+,body3,body3.NONE@LeftArm@HumanoidUpperBody,HumanoidUpperBody,base,base.C1_TN_DAUGHTER_BKT_STANDOFF_B_1@HumanoidUpperBody,37.0
LA,2,+,body3,body3.NONE@LeftArm@HumanoidUpperBody,HumanoidUpperBody,base,base.C1_TN_DAUGHTER_BKT_STANDOFF_B_11@HumanoidUpperBody,37.0
LA,2,+,body3,body3.NONE@LeftArm@HumanoidUpperBody,HumanoidUpperBody,base,base.C1_TN_DAUGHTER_BKT_C_1@HumanoidUpperBody,37.0
LA,2,+,body3,body3.NONE@LeftArm@HumanoidUpperBody,HumanoidUpperBody,base,base.C1_WS_M2_BKT_A_1@HumanoidUpperBody,37.0
LA,2,+,body3,body3.NONE@LeftArm@HumanoidUpperBody,HumanoidUpperBody,base,base.C1_WS_DIMM_BRKT_V1_1_1@HumanoidUpperBody,37.0
LA,2,+,body3,body3.NONE@LeftArm@HumanoidUpperBody,HumanoidUpperBody,base,base.C1_WS_TALL_BTM_BKT_NEW_1_1@HumanoidUpperBody,37.0
LA,2,+,body3,body3.NONE@LeftArm@HumanoidUpperBody,HumanoidUpperBody,base,base.C1_TN_SCREW_M3L5_F_1@HumanoidUpperBody,37.0
LA,2,+,body3,body3.NONE@LeftArm@HumanoidUpperBody,HumanoidUpperBody,base,base.C2_TN_SCREW_M3L5_F_1@HumanoidUpperBody,37.0
LA,2,+,body3,body3.NONE@LeftArm@HumanoidUpperBody,HumanoidUpperBody,base,base.C1_TN_BLANK_PLATE_1@HumanoidUpperBody,37.0
LA,2,+,body3,body3.NONE@LeftArm@HumanoidUpperBody,HumanoidUpperBody,base,base.C1_Body_Part22_260515@HumanoidUpperBody,37.0
LA,2,+,body2,body2.어깨_Roll베어링_고정파트_URDF기본1@LeftArm@HumanoidUpperBody,LA,body0,body0.____mm_______1@LeftArm@HumanoidUpperBody,37.0
LA,2,+,body4,body4.팔꿈치_Pitchl베어링_고정파트_URDF기본@LeftArm@HumanoidUpperBody,HumanoidUpperBody,base,base.C1_Nvidia_Jetson_AGX_Thor_developerKit@HumanoidUpperBody,38.0
LA,2,+,body4,body4.팔꿈치_Pitchl베어링_고정파트_URDF기본1@LeftArm@HumanoidUpperBody,HumanoidUpperBody,base,base.C1_Nvidia_Jetson_AGX_Thor_developerKit@HumanoidUpperBody,38.0
LA,2,+,body4,body4.팔꿈치_Pitch_회전부_260427_URDF@LeftArm@HumanoidUpperBody,HumanoidUpperBody,base,base.C1_Body_Part07_260515@HumanoidUpperBody,38.0
LA,2,+,body4,body4.팔꿈치_Pitch_회전부2_260427_URDF@LeftArm@HumanoidUpperBody,HumanoidUpperBody,base,base.C2_TN_VESA_BKT_STANDOFF_1@HumanoidUpperBody,38.0
LA,2,+,body4,body4.팔꿈치_Pitch_회전부2_260427_URDF@LeftArm@HumanoidUpperBody,HumanoidUpperBody,base,base.C1_Imported1@HumanoidUpperBody,38.0
LA,2,+,body4,body4.팔꿈치_Pitch_회전부2_260427_URDF@LeftArm@HumanoidUpperBody,HumanoidUpperBody,base,base.C1_Nvidia_Jetson_AGX_Thor_developerKit@HumanoidUpperBody,38.0
LA,2,+,body3,body3.베어링_6708U_H_URDF@LeftArm@HumanoidUpperBody,HumanoidUpperBody,base,base.C1_Nvidia_Jetson_AGX_Thor_developerKit@HumanoidUpperBody,38.0
LA,2,+,body3,body3.어깨_Yaw_체결부_260415_URDF@LeftArm@HumanoidUpperBody,LA,body0,body0._________4@LeftArm@HumanoidUpperBody,38.0
LA,2,+,body3,body3.________2@LeftArm@HumanoidUpperBody,LA,body0,body0._________12@LeftArm@HumanoidUpperBody,38.0
LA,2,+,body3,body3.____mm_______1@LeftArm@HumanoidUpperBody,LA,body0,body0.____3@LeftArm@HumanoidUpperBody,38.0
LA,2,+,body3,body3.팔꿈치_스토퍼_260424_URDF@LeftArm@HumanoidUpperBody,HumanoidUpperBody,base,base.C1_Imported1@HumanoidUpperBody,38.0
LA,2,+,body3,body3.어깨_팔꿈치_연결부_260416_URDF@LeftArm@HumanoidUpperBody,HumanoidUpperBody,base,base.C1_Body_Part22_260515@HumanoidUpperBody,38.0
LA,2,+,body4,body4.팔꿈치_Pitch_회전부_260427_URDF@LeftArm@HumanoidUpperBody,HumanoidUpperBody,base,base.어댑터_260518@HumanoidUpperBody,39.0
LA,2,+,body4,body4.팔꿈치_Pitch_회전부_260427_URDF@LeftArm@HumanoidUpperBody,HumanoidUpperBody,base,base.C2_Body_Part01_260515@HumanoidUpperBody,39.0
LA,2,+,body4,body4.팔꿈치_Pitch_회전부2_260427_URDF@LeftArm@HumanoidUpperBody,HumanoidUpperBody,base,base.C3_PC_Braket_02@HumanoidUpperBody,39.0
LA,2,+,body3,body3._________4@LeftArm@HumanoidUpperBody,HumanoidUpperBody,base,base.C2_Body_Part01_260515@HumanoidUpperBody,39.0
LA,2,+,body3,body3.________2@LeftArm@HumanoidUpperBody,LA,body0,body0._________4@LeftArm@HumanoidUpperBody,39.0
LA,2,+,body3,body3.____3@LeftArm@HumanoidUpperBody,LA,body0,body0._________4@LeftArm@HumanoidUpperBody,39.0
LA,2,+,body3,body3.어깨_Yaw_팔꿈치_연결부_B_260423_URDF@LeftArm@HumanoidUpperBody,HumanoidUpperBody,base,base.C2_PC_Braket_02@HumanoidUpperBody,39.0
LA,2,+,body3,body3.NONE@LeftArm@HumanoidUpperBody,HumanoidUpperBody,base,base.C1_WS_DAUGHTER_BKT_GASKET_1@HumanoidUpperBody,39.0
LA,2,+,body3,body3.NONE@LeftArm@HumanoidUpperBody,HumanoidUpperBody,base,base.C2_WS_DAUGHTER_BKT_GASKET_1@HumanoidUpperBody,39.0
LA,2,+,body3,body3.________11@LeftArm@HumanoidUpperBody,HumanoidUpperBody,base,base.C1_WS_TALL_MID_FRAME_NEW_1@HumanoidUpperBody,39.0
LA,2,+,body3,body3.어깨_Yaw_팔꿈치_연결부_260423_URDF@LeftArm@HumanoidUpperBody,HumanoidUpperBody,base,base.어댑터_260518@HumanoidUpperBody,39.0
LA,2,+,body4,body4.팔꿈치_Pitch_회전부3_260422_URDF@LeftArm@HumanoidUpperBody,HumanoidUpperBody,base,base.어댑터_260518@HumanoidUpperBody,40.0
LA,2,+,body3,body3.____2@LeftArm@HumanoidUpperBody,HumanoidUpperBody,base,base.C1_AN_TOP_COVER_1@HumanoidUpperBody,40.0
LA,2,+,body3,body3.NONE@LeftArm@HumanoidUpperBody,HumanoidUpperBody,base,base.C1_TN_DAUGHTER_BKT_GASKET_1@HumanoidUpperBody,40.0
LA,2,+,body3,body3.NONE@LeftArm@HumanoidUpperBody,HumanoidUpperBody,base,base.C1_WS_ST_BTM_BKT_MYLAR_1@HumanoidUpperBody,40.0
LA,2,+,body3,body3.NONE@LeftArm@HumanoidUpperBody,HumanoidUpperBody,base,base.C2_WS_ST_BTM_BKT_MYLAR_1@HumanoidUpperBody,40.0
LA,2,+,body3,body3.NONE@LeftArm@HumanoidUpperBody,HumanoidUpperBody,base,base.C4_TN_SCREW_M2_5L4_1@HumanoidUpperBody,40.0
LA,2,+,body3,body3.NONE@LeftArm@HumanoidUpperBody,HumanoidUpperBody,base,base.C3_TN_M2_BKT_STANDOFF_1@HumanoidUpperBody,40.0
LA,2,+,body3,body3.NONE@LeftArm@HumanoidUpperBody,HumanoidUpperBody,base,base.C2_TN_VESA_BKT_STANDOFF_1@HumanoidUpperBody,40.0
LA,2,+,body3,body3.NONE@LeftArm@HumanoidUpperBody,HumanoidUpperBody,base,base.C2_TN_RUBBER_FOOT_1@HumanoidUpperBody,40.0
LA,2,+,body3,body3.NONE@LeftArm@HumanoidUpperBody,HumanoidUpperBody,base,base.C1_Imported1@HumanoidUpperBody,40.0
LA,2,+,body3,body3.NONE@LeftArm@HumanoidUpperBody,HumanoidUpperBody,base,base.C3_PC_Braket_02@HumanoidUpperBody,40.0
LA,2,+,body3,body3.NONE@LeftArm@HumanoidUpperBody,HumanoidUpperBody,base,base.C1_Nvidia_Jetson_AGX_Thor_developerKit@HumanoidUpperBody,40.0
LA,2,+,body3,body3.________11@LeftArm@HumanoidUpperBody,HumanoidUpperBody,base,base.C1_WS_TALL_BTM_BKT_NEW_1_1@HumanoidUpperBody,40.0
LA,2,+,body3,body3.________11@LeftArm@HumanoidUpperBody,HumanoidUpperBody,base,base.C1_WS_TALL_TOP_SHIELD_NEW_2022___1@HumanoidUpperBody,40.0
LA,2,+,body3,body3.________11@LeftArm@HumanoidUpperBody,HumanoidUpperBody,base,base.C1_TN_BLANK_PLATE_1@HumanoidUpperBody,40.0
LA,2,+,body3,body3.________11@LeftArm@HumanoidUpperBody,HumanoidUpperBody,base,base.C1_Body_Part22_260515@HumanoidUpperBody,40.0
LA,2,+,body4,body4.팔꿈치_Pitchl베어링_고정파트_URDF기본@LeftArm@HumanoidUpperBody,HumanoidUpperBody,base,base.C3_PC_Braket_02@HumanoidUpperBody,41.0
LA,2,+,body4,body4.팔꿈치_Pitchl베어링_고정파트_URDF기본1@LeftArm@HumanoidUpperBody,HumanoidUpperBody,base,base.C3_PC_Braket_02@HumanoidUpperBody,41.0
LA,2,+,body4,body4.팔꿈치_손목_연결부_샤프트_260413_URDF1@LeftArm@HumanoidUpperBody,HumanoidUpperBody,base,base.어댑터_260518@HumanoidUpperBody,41.0
LA,2,+,body4,body4.팔꿈치_손목_연결부_샤프트_260413_URDF3@LeftArm@HumanoidUpperBody,HumanoidUpperBody,base,base.어댑터_260518@HumanoidUpperBody,41.0
LA,2,+,body3,body3.____2@LeftArm@HumanoidUpperBody,HumanoidUpperBody,base,base.C1_WS_TALL_MID_FRAME_NEW_1@HumanoidUpperBody,41.0
LA,2,+,body3,body3._________4@LeftArm@HumanoidUpperBody,LA,body0,body0._________4@LeftArm@HumanoidUpperBody,41.0
LA,2,+,body3,body3.____mm_______1@LeftArm@HumanoidUpperBody,LA,body0,body0.____mm_______1@LeftArm@HumanoidUpperBody,41.0
LA,2,+,body3,body3.어깨_팔꿈치_연결부_260416_URDF@LeftArm@HumanoidUpperBody,HumanoidUpperBody,base,base.C1_WS_2242_STANDER_PAD_1@HumanoidUpperBody,41.0
LA,2,+,body3,body3.________11@LeftArm@HumanoidUpperBody,HumanoidUpperBody,base,base.C1_TN_DAUGHTER_BKT_SPONGE_1@HumanoidUpperBody,41.0
LA,2,+,body3,body3.________11@LeftArm@HumanoidUpperBody,HumanoidUpperBody,base,base.C1_TN_DAUGHTER_BKT_C_1@HumanoidUpperBody,41.0
LA,2,+,body3,body3.________11@LeftArm@HumanoidUpperBody,HumanoidUpperBody,base,base.C1_WS_M2_BKT_A_1@HumanoidUpperBody,41.0
LA,2,+,body2,body2.어깨_Roll_베어링_연결부_260423_URDF@LeftArm@HumanoidUpperBody,LA,body1,body1.어깨_Pitch_고정연결부_260511_B_Left_URDF1@LeftArm@HumanoidUpperBody,41.0
LA,2,+,body3,body3.팔꿈치_스토퍼_260424_URDF@LeftArm@HumanoidUpperBody,HumanoidUpperBody,base,base.C1_Nvidia_Jetson_AGX_Thor_developerKit@HumanoidUpperBody,42.0
LA,2,+,body3,body3.팔꿈치_끝단베어링_체결부_260417_URDF@LeftArm@HumanoidUpperBody,HumanoidUpperBody,base,base.C2_PC_Braket_02@HumanoidUpperBody,42.0
LA,2,+,body3,body3.________11@LeftArm@HumanoidUpperBody,HumanoidUpperBody,base,base.C1_WS_DIMM_BRKT_V1_1_1@HumanoidUpperBody,42.0
LA,2,+,body4,body4.NONE@LeftArm@HumanoidUpperBody,HumanoidUpperBody,base,base.어댑터_260518@HumanoidUpperBody,43.0
LA,2,+,body4,body4.팔꿈치_Pitch_회전부3_260422_URDF@LeftArm@HumanoidUpperBody,HumanoidUpperBody,base,base.C1_Body_Part07_260515@HumanoidUpperBody,43.0
LA,2,+,body4,body4.팔꿈치_Pitch_회전부2_260427_URDF@LeftArm@HumanoidUpperBody,HumanoidUpperBody,base,base.C2_PC_Braket_02@HumanoidUpperBody,43.0
LA,2,+,body3,body3.베어링_6708U_H_URDF@LeftArm@HumanoidUpperBody,HumanoidUpperBody,base,base.C2_PC_Braket_02@HumanoidUpperBody,43.0
LA,2,+,body3,body3.어깨_팔꿈치_연결부_260416_URDF@LeftArm@HumanoidUpperBody,HumanoidUpperBody,base,base.C2_PC_Braket_02@HumanoidUpperBody,43.0
LA,2,+,body3,body3.어깨_팔꿈치_연결부_260416_URDF@LeftArm@HumanoidUpperBody,HumanoidUpperBody,base,base.C1_Nvidia_Jetson_AGX_Thor_developerKit@HumanoidUpperBody,43.0
LA,2,+,body3,body3.________11@LeftArm@HumanoidUpperBody,HumanoidUpperBody,base,base.C1_TN_DAUGHTER_BKT_GASKET_1@HumanoidUpperBody,43.0
LA,2,+,body3,body3.________11@LeftArm@HumanoidUpperBody,HumanoidUpperBody,base,base.C1_WS_DAUGHTER_BKT_GASKET_1@HumanoidUpperBody,43.0
LA,2,+,body3,body3.________11@LeftArm@HumanoidUpperBody,HumanoidUpperBody,base,base.C2_WS_DAUGHTER_BKT_GASKET_1@HumanoidUpperBody,43.0
LA,2,+,body3,body3.________11@LeftArm@HumanoidUpperBody,HumanoidUpperBody,base,base.C2_TN_VESA_BKT_STANDOFF_1@HumanoidUpperBody,43.0
LA,2,+,body3,body3.________11@LeftArm@HumanoidUpperBody,HumanoidUpperBody,base,base.C1_Imported1@HumanoidUpperBody,43.0
LA,2,+,body3,body3.________11@LeftArm@HumanoidUpperBody,HumanoidUpperBody,base,base.C3_PC_Braket_02@HumanoidUpperBody,43.0
LA,2,+,body3,body3.________11@LeftArm@HumanoidUpperBody,HumanoidUpperBody,base,base.C1_Nvidia_Jetson_AGX_Thor_developerKit@HumanoidUpperBody,43.0
LA,2,+,body4,body4.팔꿈치_손목_연결부_샤프트_260413_URDF1@LeftArm@HumanoidUpperBody,HumanoidUpperBody,base,base.C1_Body_Part07_260515@HumanoidUpperBody,44.0
LA,2,+,body4,body4.팔꿈치_손목_연결부_샤프트_260413_URDF3@LeftArm@HumanoidUpperBody,HumanoidUpperBody,base,base.C1_Body_Part07_260515@HumanoidUpperBody,44.0
LA,2,+,body4,body4.팔꿈치_Pitch_회전부3_260422_URDF@LeftArm@HumanoidUpperBody,HumanoidUpperBody,base,base.C1_Nvidia_Jetson_AGX_Thor_developerKit@HumanoidUpperBody,44.0
LA,2,+,body3,body3.팔꿈치_스토퍼_260424_URDF@LeftArm@HumanoidUpperBody,HumanoidUpperBody,base,base.C2_PC_Braket_02@HumanoidUpperBody,44.0
LA,2,+,body4,body4.팔꿈치_손목_연결부_샤프트_260413_URDF1@LeftArm@HumanoidUpperBody,HumanoidUpperBody,base,base.C1_Nvidia_Jetson_AGX_Thor_developerKit@HumanoidUpperBody,45.0
LA,2,+,body4,body4.팔꿈치_손목_연결부_샤프트_260413_URDF3@LeftArm@HumanoidUpperBody,HumanoidUpperBody,base,base.C1_Nvidia_Jetson_AGX_Thor_developerKit@HumanoidUpperBody,45.0
LA,2,+,body4,body4.팔꿈치_Pitch_회전부3_260422_URDF@LeftArm@HumanoidUpperBody,HumanoidUpperBody,base,base.C2_Body_Part22_260515@HumanoidUpperBody,45.0
LA,2,+,body4,body4.팔꿈치_Pitch_회전부2_260427_URDF@LeftArm@HumanoidUpperBody,HumanoidUpperBody,base,base.C2_Body_Part22_260515@HumanoidUpperBody,45.0
LA,2,+,body3,body3._________46@LeftArm@HumanoidUpperBody,LA,body0,body0._________4@LeftArm@HumanoidUpperBody,45.0
LA,2,+,body3,body3.____3@LeftArm@HumanoidUpperBody,HumanoidUpperBody,base,base.C2_Body_Part01_260515@HumanoidUpperBody,45.0
LA,2,+,body3,body3.어깨_팔꿈치_연결부_샤프트_260413_URDF1@LeftArm@HumanoidUpperBody,HumanoidUpperBody,base,base.C1_Body_Part28_260515@HumanoidUpperBody,45.0
LA,2,+,body3,body3.어깨_팔꿈치_연결부_샤프트_260413_URDF2@LeftArm@HumanoidUpperBody,HumanoidUpperBody,base,base.C2_Body_Part28_260515@HumanoidUpperBody,45.0
LA,2,+,body3,body3.어깨_Yaw_팔꿈치_연결부_260423_URDF@LeftArm@HumanoidUpperBody,HumanoidUpperBody,base,base.C1_Imported1@HumanoidUpperBody,45.0
LA,2,+,body2,body2.어깨_Roll베어링_고정파트_URDF기본1@LeftArm@HumanoidUpperBody,LA,body0,body0._________4@LeftArm@HumanoidUpperBody,45.0
LA,2,+,body2,body2.어깨_Roll_Yaw_연결부_260422_URDF@LeftArm@HumanoidUpperBody,LA,body1,body1.어깨_Pitch_회전부_260423_Right_어깨양단지지_URDF@LeftArm@HumanoidUpperBody,45.0
LA,2,+,body2,body2.어깨_Roll_Yaw_연결부_260422_URDF@LeftArm@HumanoidUpperBody,LA,body0,body0.어깨_Pitch_고정부_A_Left_260511_URDF@LeftArm@HumanoidUpperBody,45.0
LA,2,+,body4,body4.NONE@LeftArm@HumanoidUpperBody,HumanoidUpperBody,base,base.C1_Body_Part07_260515@HumanoidUpperBody,46.0
LA,2,+,body4,body4.________11@LeftArm@HumanoidUpperBody,HumanoidUpperBody,base,base.어댑터_260518@HumanoidUpperBody,46.0
LA,2,+,body4,body4.팔꿈치_손목_연결부_샤프트_260413_URDF1@LeftArm@HumanoidUpperBody,HumanoidUpperBody,base,base.C2_Body_Part22_260515@HumanoidUpperBody,46.0
LA,2,+,body4,body4.팔꿈치_손목_연결부_샤프트_260413_URDF3@LeftArm@HumanoidUpperBody,HumanoidUpperBody,base,base.C2_Body_Part22_260515@HumanoidUpperBody,46.0
LA,2,+,body3,body3.어깨_Yaw_체결부_260415_URDF@LeftArm@HumanoidUpperBody,LA,body1,body1.어깨_Pitch_고정연결부_260511_B_Left_URDF@LeftArm@HumanoidUpperBody,46.0
LA,2,+,body3,body3.어깨_Yaw_체결부_260415_URDF@LeftArm@HumanoidUpperBody,LA,body1,body1.어깨_Pitch_고정연결부_260511_A_Left_URDF@LeftArm@HumanoidUpperBody,46.0
LA,2,+,body3,body3.____3@LeftArm@HumanoidUpperBody,LA,body0,body0._________12@LeftArm@HumanoidUpperBody,46.0
LA,2,+,body3,body3.NONE@LeftArm@HumanoidUpperBody,HumanoidUpperBody,base,base.C2_PC_Braket_02@HumanoidUpperBody,46.0
LA,2,+,body3,body3.어깨_Yaw_팔꿈치_연결부_260423_URDF@LeftArm@HumanoidUpperBody,HumanoidUpperBody,base,base.C1_Body_Part22_260515@HumanoidUpperBody,46.0
LA,2,+,body2,body2.어깨_Roll_Yaw_연결부_260422_URDF@LeftArm@HumanoidUpperBody,LA,body1,body1._________4@LeftArm@HumanoidUpperBody,46.0
LA,2,+,body4,body4.팔꿈치_Pitchl베어링_고정파트_URDF기본@LeftArm@HumanoidUpperBody,HumanoidUpperBody,base,base.C2_Body_Part22_260515@HumanoidUpperBody,48.0
LA,2,+,body4,body4.팔꿈치_Pitchl베어링_고정파트_URDF기본1@LeftArm@HumanoidUpperBody,HumanoidUpperBody,base,base.C2_Body_Part22_260515@HumanoidUpperBody,48.0
LA,2,+,body4,body4.팔꿈치_Pitch_회전부_260427_URDF@LeftArm@HumanoidUpperBody,HumanoidUpperBody,base,base.C1_Body_Part22_260515@HumanoidUpperBody,48.0
LA,2,+,body3,body3.어깨_Yaw_체결부_260415_URDF@LeftArm@HumanoidUpperBody,LA,body0,body0._________46@LeftArm@HumanoidUpperBody,48.0
LA,2,+,body3,body3.____2@LeftArm@HumanoidUpperBody,LA,body0,body0._________4@LeftArm@HumanoidUpperBody,48.0
LA,2,+,body3,body3.________2@LeftArm@HumanoidUpperBody,LA,body0,body0._________46@LeftArm@HumanoidUpperBody,48.0
LA,2,+,body3,body3.____mm_______1@LeftArm@HumanoidUpperBody,LA,body0,body0._________4@LeftArm@HumanoidUpperBody,48.0
LA,2,+,body3,body3.____3@LeftArm@HumanoidUpperBody,LA,body0,body0._________46@LeftArm@HumanoidUpperBody,48.0
LA,2,+,body3,body3.어깨_팔꿈치_연결부_260416_URDF@LeftArm@HumanoidUpperBody,HumanoidUpperBody,base,base.C1_WS_T_FRONT_USB_GASKET_1@HumanoidUpperBody,48.0
LA,2,+,body3,body3.어깨_팔꿈치_연결부_260416_URDF@LeftArm@HumanoidUpperBody,HumanoidUpperBody,base,base.C1_TN_VESA_BKT_STANDOFF_1@HumanoidUpperBody,48.0
LA,2,+,body2,body2.어깨_Roll_Yaw_연결부_260422_URDF@LeftArm@HumanoidUpperBody,LA,body0,body0._________11@LeftArm@HumanoidUpperBody,48.0
LA,2,+,body4,body4.________11@LeftArm@HumanoidUpperBody,HumanoidUpperBody,base,base.C1_Body_Part07_260515@HumanoidUpperBody,49.0
LA,2,+,body4,body4.팔꿈치_Pitch_회전부_260427_URDF@LeftArm@HumanoidUpperBody,HumanoidUpperBody,base,base.C1_WS_TALL_MID_FRAME_NEW_1@HumanoidUpperBody,49.0
LA,2,+,body3,body3.____3@LeftArm@HumanoidUpperBody,HumanoidUpperBody,base,base.C1_Body_Part19_260515@HumanoidUpperBody,49.0
LA,2,+,body3,body3.________11@LeftArm@HumanoidUpperBody,HumanoidUpperBody,base,base.C2_PC_Braket_02@HumanoidUpperBody,49.0
LA,2,+,body2,body2.어깨_Roll베어링_고정파트_URDF기본1@LeftArm@HumanoidUpperBody,LA,body0,body0._________12@LeftArm@HumanoidUpperBody,49.0
LA,2,+,body2,body2.어깨_Roll_Yaw_연결부_260422_URDF@LeftArm@HumanoidUpperBody,LA,body0,body0.________2@LeftArm@HumanoidUpperBody,49.0
LA,2,+,body7,body7.C1_손목_Pitch_회전부2_260415_URDF@LeftArm@HumanoidUpperBody,RA,body4,body4.NONE@RightArm@HumanoidUpperBody,50.0
LA,2,+,body4,body4.팔꿈치_손목_연결부_샤프트_260413_URDF@LeftArm@HumanoidUpperBody,HumanoidUpperBody,base,base.어댑터_260518@HumanoidUpperBody,50.0
LA,2,+,body4,body4.팔꿈치_손목_연결부_샤프트_260413_URDF2@LeftArm@HumanoidUpperBody,HumanoidUpperBody,base,base.어댑터_260518@HumanoidUpperBody,50.0
LA,2,+,body4,body4.팔꿈치_Pitch_회전부_260427_URDF@LeftArm@HumanoidUpperBody,HumanoidUpperBody,base,base.C1_WS_TALL_BTM_BKT_NEW_1_1@HumanoidUpperBody,50.0
LA,2,+,body4,body4.팔꿈치_Pitch_회전부_260427_URDF@LeftArm@HumanoidUpperBody,HumanoidUpperBody,base,base.C1_WS_TALL_TOP_SHIELD_NEW_2022___1@HumanoidUpperBody,50.0
LA,2,+,body4,body4.팔꿈치_Pitch_회전부_260427_URDF@LeftArm@HumanoidUpperBody,HumanoidUpperBody,base,base.C1_TN_BLANK_PLATE_1@HumanoidUpperBody,50.0
LA,2,+,body3,body3.어깨_Yaw_체결부_260415_URDF@LeftArm@HumanoidUpperBody,HumanoidUpperBody,base,base.C1_Body_Part19_260515@HumanoidUpperBody,50.0
LA,2,+,body3,body3.어깨_Yaw_체결부_260415_URDF@LeftArm@HumanoidUpperBody,LA,body0,body0.____2@LeftArm@HumanoidUpperBody,50.0
LA,2,+,body3,body3._________46@LeftArm@HumanoidUpperBody,HumanoidUpperBody,base,base.C1_Body_Part19_260515@HumanoidUpperBody,50.0
LA,2,+,body3,body3._________46@LeftArm@HumanoidUpperBody,LA,body0,body0._________46@LeftArm@HumanoidUpperBody,50.0
LA,2,+,body3,body3.____2@LeftArm@HumanoidUpperBody,HumanoidUpperBody,base,base.C1_Body_Part19_260515@HumanoidUpperBody,50.0
LA,2,+,body3,body3.____2@LeftArm@HumanoidUpperBody,LA,body0,body0._________46@LeftArm@HumanoidUpperBody,50.0
LA,2,+,body3,body3._________4@LeftArm@HumanoidUpperBody,HumanoidUpperBody,base,base.C1_Body_Part19_260515@HumanoidUpperBody,50.0
LA,2,+,body3,body3._________4@LeftArm@HumanoidUpperBody,LA,body0,body0._________46@LeftArm@HumanoidUpperBody,50.0
LA,2,+,body3,body3._________1@LeftArm@HumanoidUpperBody,LA,body0,body0.____3@LeftArm@HumanoidUpperBody,50.0
LA,2,+,body3,body3.어깨_Yaw_팔꿈치_연결부_B_260423_URDF@LeftArm@HumanoidUpperBody,HumanoidUpperBody,base,base.C1_PC_Braket_01_3DP@HumanoidUpperBody,50.0
LA,2,+,body3,body3.어깨_팔꿈치_연결부_260416_URDF@LeftArm@HumanoidUpperBody,HumanoidUpperBody,base,base.C1_PC_Braket_02@HumanoidUpperBody,50.0
LA,2,+,body2,body2.어깨_Roll_Yaw_연결부_260422_URDF@LeftArm@HumanoidUpperBody,LA,body1,body1.____3@LeftArm@HumanoidUpperBody,50.0
LA,2,+,body7,body7.C1_손목_Pitch_회전부2_260415_URDF@LeftArm@HumanoidUpperBody,RA,body4,body4.________11@RightArm@HumanoidUpperBody,51.0
LA,2,+,body4,body4.팔꿈치_Pitch_회전부_260427_URDF@LeftArm@HumanoidUpperBody,HumanoidUpperBody,base,base.C1_TN_DAUGHTER_BKT_C_1@HumanoidUpperBody,51.0
LA,2,+,body4,body4.팔꿈치_Pitch_회전부_260427_URDF@LeftArm@HumanoidUpperBody,HumanoidUpperBody,base,base.C1_Nvidia_Jetson_AGX_Thor_developerKit@HumanoidUpperBody,51.0
LA,2,+,body3,body3.________2@LeftArm@HumanoidUpperBody,LA,body1,body1.어깨_Pitch_고정연결부_260511_B_Left_URDF@LeftArm@HumanoidUpperBody,51.0
LA,2,+,body3,body3.________2@LeftArm@HumanoidUpperBody,LA,body1,body1.어깨_Pitch_고정연결부_260511_A_Left_URDF@LeftArm@HumanoidUpperBody,51.0
LA,2,+,body3,body3.________2@LeftArm@HumanoidUpperBody,LA,body0,body0.____2@LeftArm@HumanoidUpperBody,51.0
LA,2,+,body3,body3.____3@LeftArm@HumanoidUpperBody,LA,body0,body0.____2@LeftArm@HumanoidUpperBody,51.0
LA,2,+,body3,body3.어깨_Yaw_팔꿈치_연결부_B_260423_URDF@LeftArm@HumanoidUpperBody,HumanoidUpperBody,base,base.C1_PC_Braket_02@HumanoidUpperBody,51.0
LA,2,+,body3,body3.어깨_Yaw_팔꿈치_연결부_260423_URDF@LeftArm@HumanoidUpperBody,HumanoidUpperBody,base,base.C1_Nvidia_Jetson_AGX_Thor_developerKit@HumanoidUpperBody,51.0
LA,2,+,body2,body2.어깨_Roll_Yaw_연결부_260422_URDF@LeftArm@HumanoidUpperBody,LA,body0,body0.____3@LeftArm@HumanoidUpperBody,51.0
LA,2,+,body6,body6.C1_손목_Pitch_고정부_260415_URDF@LeftArm@HumanoidUpperBody,RA,body4,body4.팔꿈치_Pitch_회전부2_260427_URDF@RightArm@HumanoidUpperBody,52.0
LA,2,+,body4,body4.팔꿈치_Pitch_회전부_260427_URDF@LeftArm@HumanoidUpperBody,HumanoidUpperBody,base,base.C1_TN_DAUGHTER_BKT_GASKET_1@HumanoidUpperBody,52.0
LA,2,+,body4,body4.팔꿈치_Pitch_회전부_260427_URDF@LeftArm@HumanoidUpperBody,HumanoidUpperBody,base,base.C1_WS_M2_BKT_A_1@HumanoidUpperBody,52.0
LA,2,+,body4,body4.팔꿈치_Pitch_회전부_260427_URDF@LeftArm@HumanoidUpperBody,HumanoidUpperBody,base,base.C1_WS_DIMM_BRKT_V1_1_1@HumanoidUpperBody,52.0
LA,2,+,body4,body4.팔꿈치_Pitch_회전부_260427_URDF@LeftArm@HumanoidUpperBody,HumanoidUpperBody,base,base.C1_WS_DAUGHTER_BKT_GASKET_1@HumanoidUpperBody,52.0
LA,2,+,body4,body4.팔꿈치_Pitch_회전부_260427_URDF@LeftArm@HumanoidUpperBody,HumanoidUpperBody,base,base.C2_WS_DAUGHTER_BKT_GASKET_1@HumanoidUpperBody,52.0
LA,2,+,body4,body4.팔꿈치_Pitch_회전부_260427_URDF@LeftArm@HumanoidUpperBody,HumanoidUpperBody,base,base.C1_Imported1@HumanoidUpperBody,52.0
LA,2,+,body4,body4.팔꿈치_Pitch_회전부_260427_URDF@LeftArm@HumanoidUpperBody,HumanoidUpperBody,base,base.C3_PC_Braket_02@HumanoidUpperBody,52.0
LA,2,+,body3,body3.어깨_Yaw_체결부_260415_URDF@LeftArm@HumanoidUpperBody,LA,body0,body0.어깨_Pitch_고정부_B_Left_260529_URDF@LeftArm@HumanoidUpperBody,52.0
LA,2,+,body3,body3._________46@LeftArm@HumanoidUpperBody,LA,body0,body0.____2@LeftArm@HumanoidUpperBody,52.0
LA,2,+,body3,body3.____2@LeftArm@HumanoidUpperBody,LA,body0,body0.____2@LeftArm@HumanoidUpperBody,52.0
LA,2,+,body3,body3._________4@LeftArm@HumanoidUpperBody,LA,body0,body0.____2@LeftArm@HumanoidUpperBody,52.0
LA,2,+,body3,body3.어깨_Yaw_팔꿈치_연결부_260423_URDF@LeftArm@HumanoidUpperBody,HumanoidUpperBody,base,base.C2_PC_Braket_02@HumanoidUpperBody,52.0
LA,2,+,body6,body6.C1_손목_Pitch_고정부_260415_URDF@LeftArm@HumanoidUpperBody,RA,body3,body3.팔꿈치_끝단베어링_체결부_260417_URDF@RightArm@HumanoidUpperBody,53.0
LA,2,+,body7,body7.C1_손목_Pitch_회전부2_260415_URDF@LeftArm@HumanoidUpperBody,RA,body4,body4.팔꿈치_Pitch_회전부2_260427_URDF@RightArm@HumanoidUpperBody,53.0
LA,2,+,body7,body7.C1_손목_Pitch_회전부2_260415_URDF@LeftArm@HumanoidUpperBody,RA,body4,body4.팔꿈치_Pitch_회전부3_260422_URDF@RightArm@HumanoidUpperBody,53.0
LA,2,+,body7,body7.C1_손목_Pitch_회전부_260415_URDF@LeftArm@HumanoidUpperBody,RA,body4,body4.팔꿈치_Pitch_회전부2_260427_URDF@RightArm@HumanoidUpperBody,53.0
LA,2,+,body7,body7.C1_손목_Pitch_회전부_260415_URDF@LeftArm@HumanoidUpperBody,RA,body4,body4.팔꿈치_Pitch_회전부3_260422_URDF@RightArm@HumanoidUpperBody,53.0
LA,2,+,body5,body5.손목_Roll_회전부3_260526_v2_URDF@LeftArm@HumanoidUpperBody,RA,body3,body3.어깨_Yaw_팔꿈치_연결부_B_260423_URDF@RightArm@HumanoidUpperBody,53.0
LA,2,+,body5,body5.손목_Roll_회전부3_260526_v2_URDF@LeftArm@HumanoidUpperBody,RA,body3,body3.팔꿈치_끝단베어링_체결부_260417_URDF@RightArm@HumanoidUpperBody,53.0
LA,2,+,body5,body5.손목_Roll_회전부2_260409_v2_URDF@LeftArm@HumanoidUpperBody,RA,body3,body3.어깨_Yaw_팔꿈치_연결부_B_260423_URDF@RightArm@HumanoidUpperBody,53.0
LA,2,+,body5,body5.손목_Roll_회전부2_260409_v2_URDF@LeftArm@HumanoidUpperBody,RA,body3,body3.팔꿈치_끝단베어링_체결부_260417_URDF@RightArm@HumanoidUpperBody,53.0
LA,2,+,body5,body5.손목_Roll_회전부_260409_v2_URDF@LeftArm@HumanoidUpperBody,HumanoidUpperBody,base,base.어댑터_260518@HumanoidUpperBody,53.0
LA,2,+,body4,body4.NONE@LeftArm@HumanoidUpperBody,HumanoidUpperBody,base,base.C1_Body_Part01_260515@HumanoidUpperBody,53.0
LA,2,+,body4,body4.팔꿈치_손목_연결부_샤프트_260413_URDF@LeftArm@HumanoidUpperBody,HumanoidUpperBody,base,base.C1_Body_Part07_260515@HumanoidUpperBody,53.0
LA,2,+,body4,body4.팔꿈치_손목_연결부_샤프트_260413_URDF1@LeftArm@HumanoidUpperBody,HumanoidUpperBody,base,base.C1_Body_Part01_260515@HumanoidUpperBody,53.0
LA,2,+,body4,body4.팔꿈치_손목_연결부_샤프트_260413_URDF2@LeftArm@HumanoidUpperBody,HumanoidUpperBody,base,base.C1_Body_Part07_260515@HumanoidUpperBody,53.0
LA,2,+,body4,body4.팔꿈치_손목_연결부_샤프트_260413_URDF3@LeftArm@HumanoidUpperBody,HumanoidUpperBody,base,base.C1_Body_Part01_260515@HumanoidUpperBody,53.0
LA,2,+,body4,body4.팔꿈치_Pitch_회전부_260427_URDF@LeftArm@HumanoidUpperBody,HumanoidUpperBody,base,base.C1_WS_ST_BTM_BKT_MYLAR_1@HumanoidUpperBody,53.0
LA,2,+,body4,body4.팔꿈치_Pitch_회전부_260427_URDF@LeftArm@HumanoidUpperBody,HumanoidUpperBody,base,base.C2_TN_VESA_BKT_STANDOFF_1@HumanoidUpperBody,53.0
LA,2,+,body4,body4.팔꿈치_Pitch_회전부2_260427_URDF@LeftArm@HumanoidUpperBody,HumanoidUpperBody,base,base.C1_PC_Braket_02@HumanoidUpperBody,53.0
LA,2,+,body3,body3.________2@LeftArm@HumanoidUpperBody,LA,body0,body0.어깨_Pitch_고정부_B_Left_260529_URDF@LeftArm@HumanoidUpperBody,53.0
LA,2,+,body3,body3.____3@LeftArm@HumanoidUpperBody,LA,body0,body0.어깨_Pitch_고정부_B_Left_260529_URDF@LeftArm@HumanoidUpperBody,53.0
LA,2,+,body3,body3.어깨_Yaw_팔꿈치_연결부_B_260423_URDF@LeftArm@HumanoidUpperBody,HumanoidUpperBody,base,base.C2_Body_Part22_260515@HumanoidUpperBody,53.0
LA,2,+,body3,body3.팔꿈치_끝단베어링_체결부_260417_URDF@LeftArm@HumanoidUpperBody,HumanoidUpperBody,base,base.C2_Body_Part22_260515@HumanoidUpperBody,53.0
LA,2,+,body3,body3.NONE@LeftArm@HumanoidUpperBody,HumanoidUpperBody,base,base.C2_Body_Part22_260515@HumanoidUpperBody,53.0
LA,2,+,body6,body6.C1_손목_Pitch_고정부_260415_URDF@LeftArm@HumanoidUpperBody,RA,body3,body3.어깨_Yaw_팔꿈치_연결부_B_260423_URDF@RightArm@HumanoidUpperBody,54.0
LA,2,+,body6,body6.C1_손목_Pitch_고정부_260415_URDF@LeftArm@HumanoidUpperBody,RA,body3,body3.NONE@RightArm@HumanoidUpperBody,54.0
LA,2,+,body6,body6.C1_손목_Pitch_고정부_260415_URDF@LeftArm@HumanoidUpperBody,RA,body3,body3.베어링_6708U_H_URDF@RightArm@HumanoidUpperBody,54.0
LA,2,+,body7,body7.C1_손목_Pitch_회전부_260415_URDF@LeftArm@HumanoidUpperBody,RA,body4,body4.팔꿈치_Pitchl베어링_고정파트_URDF기본@RightArm@HumanoidUpperBody,54.0
LA,2,+,body7,body7.C1_손목_Pitch_회전부_260415_URDF@LeftArm@HumanoidUpperBody,RA,body4,body4.팔꿈치_Pitchl베어링_고정파트_URDF기본1@RightArm@HumanoidUpperBody,54.0
LA,2,+,body4,body4.________11@LeftArm@HumanoidUpperBody,HumanoidUpperBody,base,base.C1_Body_Part01_260515@HumanoidUpperBody,54.0
LA,2,+,body4,body4.팔꿈치_손목_연결부_샤프트_260413_URDF@LeftArm@HumanoidUpperBody,HumanoidUpperBody,base,base.C1_Nvidia_Jetson_AGX_Thor_developerKit@HumanoidUpperBody,54.0
LA,2,+,body4,body4.팔꿈치_손목_연결부_샤프트_260413_URDF2@LeftArm@HumanoidUpperBody,HumanoidUpperBody,base,base.C1_Nvidia_Jetson_AGX_Thor_developerKit@HumanoidUpperBody,54.0
LA,2,+,body3,body3.베어링_6708U_H_URDF@LeftArm@HumanoidUpperBody,HumanoidUpperBody,base,base.C2_Body_Part22_260515@HumanoidUpperBody,54.0
LA,2,+,body3,body3._________46@LeftArm@HumanoidUpperBody,LA,body0,body0.어깨_Pitch_고정부_B_Left_260529_URDF@LeftArm@HumanoidUpperBody,54.0
LA,2,+,body3,body3.____2@LeftArm@HumanoidUpperBody,LA,body0,body0.어깨_Pitch_고정부_B_Left_260529_URDF@LeftArm@HumanoidUpperBody,54.0
LA,2,+,body3,body3._________4@LeftArm@HumanoidUpperBody,LA,body0,body0.어깨_Pitch_고정부_B_Left_260529_URDF@LeftArm@HumanoidUpperBody,54.0
LA,2,+,body3,body3.NONE@LeftArm@HumanoidUpperBody,HumanoidUpperBody,base,base.C1_PC_Braket_02@HumanoidUpperBody,54.0
LA,2,+,body2,body2.어깨_Roll_베어링_연결부_260423_URDF@LeftArm@HumanoidUpperBody,LA,body1,body1.베어링_6809_URDF@LeftArm@HumanoidUpperBody,54.0
LA,2,+,body6,body6.C1_________11@LeftArm@HumanoidUpperBody,RA,body4,body4.팔꿈치_Pitchl베어링_고정파트_URDF기본@RightArm@HumanoidUpperBody,55.0
LA,2,+,body6,body6.C1_________11@LeftArm@HumanoidUpperBody,RA,body4,body4.팔꿈치_Pitchl베어링_고정파트_URDF기본1@RightArm@HumanoidUpperBody,55.0
LA,2,+,body6,body6.C1_NONE@LeftArm@HumanoidUpperBody,RA,body4,body4.팔꿈치_Pitch_회전부2_260427_URDF@RightArm@HumanoidUpperBody,55.0
LA,2,+,body5,body5.손목_Roll_회전부_260409_v2_URDF@LeftArm@HumanoidUpperBody,HumanoidUpperBody,base,base.C1_Body_Part07_260515@HumanoidUpperBody,55.0
LA,2,+,body4,body4.팔꿈치_손목_연결부_샤프트_260413_URDF@LeftArm@HumanoidUpperBody,HumanoidUpperBody,base,base.C2_Body_Part22_260515@HumanoidUpperBody,55.0
LA,2,+,body4,body4.팔꿈치_손목_연결부_샤프트_260413_URDF2@LeftArm@HumanoidUpperBody,HumanoidUpperBody,base,base.C2_Body_Part22_260515@HumanoidUpperBody,55.0
LA,2,+,body3,body3.팔꿈치_스토퍼_260424_URDF@LeftArm@HumanoidUpperBody,HumanoidUpperBody,base,base.C1_PC_Braket_02@HumanoidUpperBody,55.0
LA,2,+,body6,body6.C1_손목_Pitch_고정부_260415_URDF@LeftArm@HumanoidUpperBody,RA,body3,body3.어깨_팔꿈치_연결부_260416_URDF@RightArm@HumanoidUpperBody,56.0
LA,2,+,body6,body6.C1_손목_Pitch_고정부_260415_URDF@LeftArm@HumanoidUpperBody,RA,body3,body3.________11@RightArm@HumanoidUpperBody,56.0
LA,2,+,body6,body6.C1_________11@LeftArm@HumanoidUpperBody,RA,body4,body4.팔꿈치_Pitch_회전부2_260427_URDF@RightArm@HumanoidUpperBody,56.0
LA,2,+,body6,body6.C1_NONE@LeftArm@HumanoidUpperBody,RA,body3,body3.NONE@RightArm@HumanoidUpperBody,56.0
LA,2,+,body6,body6.C1_NONE@LeftArm@HumanoidUpperBody,RA,body3,body3.베어링_6708U_H_URDF@RightArm@HumanoidUpperBody,56.0
LA,2,+,body6,body6.C1_NONE@LeftArm@HumanoidUpperBody,RA,body3,body3.팔꿈치_끝단베어링_체결부_260417_URDF@RightArm@HumanoidUpperBody,56.0
LA,2,+,body7,body7.C1_손목_Pitch_회전부2_260415_URDF@LeftArm@HumanoidUpperBody,RA,body3,body3.NONE@RightArm@HumanoidUpperBody,56.0
LA,2,+,body7,body7.C1_손목_Pitch_회전부_260415_URDF@LeftArm@HumanoidUpperBody,RA,body3,body3.NONE@RightArm@HumanoidUpperBody,56.0
LA,2,+,body3,body3.____mm_______1@LeftArm@HumanoidUpperBody,LA,body0,body0._________46@LeftArm@HumanoidUpperBody,56.0
LA,2,+,body3,body3.____mm_______1@LeftArm@HumanoidUpperBody,LA,body0,body0._________12@LeftArm@HumanoidUpperBody,56.0
LA,2,+,body2,body2.어깨_Roll_Yaw_연결부_260422_URDF@LeftArm@HumanoidUpperBody,LA,body0,body0.____mm_______1@LeftArm@HumanoidUpperBody,56.0
LA,2,+,body6,body6.C1_________11@LeftArm@HumanoidUpperBody,RA,body3,body3.어깨_Yaw_팔꿈치_연결부_B_260423_URDF@RightArm@HumanoidUpperBody,57.0
LA,2,+,body6,body6.C1_________11@LeftArm@HumanoidUpperBody,RA,body3,body3.NONE@RightArm@HumanoidUpperBody,57.0
LA,2,+,body6,body6.C1_________11@LeftArm@HumanoidUpperBody,RA,body3,body3.베어링_6708U_H_URDF@RightArm@HumanoidUpperBody,57.0
LA,2,+,body6,body6.C1_________11@LeftArm@HumanoidUpperBody,RA,body3,body3.팔꿈치_끝단베어링_체결부_260417_URDF@RightArm@HumanoidUpperBody,57.0
LA,2,+,body6,body6.C1_NONE@LeftArm@HumanoidUpperBody,RA,body3,body3.어깨_Yaw_팔꿈치_연결부_B_260423_URDF@RightArm@HumanoidUpperBody,57.0
LA,2,+,body7,body7.C1_손목_Pitch_회전부2_260415_URDF@LeftArm@HumanoidUpperBody,RA,body3,body3.________11@RightArm@HumanoidUpperBody,57.0
LA,2,+,body7,body7.C1_손목_Pitch_회전부_260415_URDF@LeftArm@HumanoidUpperBody,RA,body3,body3.________11@RightArm@HumanoidUpperBody,57.0
LA,2,+,body5,body5.손목_Roll_회전부_260409_v2_URDF@LeftArm@HumanoidUpperBody,HumanoidUpperBody,base,base.C1_Body_Part01_260515@HumanoidUpperBody,57.0
LA,2,+,body4,body4.팔꿈치_Pitch_회전부_260427_URDF@LeftArm@HumanoidUpperBody,HumanoidUpperBody,base,base.C2_Body_Part22_260515@HumanoidUpperBody,57.0
LA,2,+,body3,body3.________11@LeftArm@HumanoidUpperBody,HumanoidUpperBody,base,base.C2_Body_Part22_260515@HumanoidUpperBody,57.0
LA,2,+,body6,body6.C1_손목_Pitch_링크고정부_260415_URDF@LeftArm@HumanoidUpperBody,RA,body4,body4.팔꿈치_Pitch_회전부2_260427_URDF@RightArm@HumanoidUpperBody,58.0
LA,2,+,body6,body6.C1_NONE@LeftArm@HumanoidUpperBody,RA,body3,body3.어깨_팔꿈치_연결부_260416_URDF@RightArm@HumanoidUpperBody,58.0
LA,2,+,body7,body7.C1_손목_Pitch_회전부_260415_URDF@LeftArm@HumanoidUpperBody,RA,body3,body3.베어링_6708U_H_URDF@RightArm@HumanoidUpperBody,58.0
LA,2,+,body7,body7.C1_손목_Pitch_회전부_260415_URDF@LeftArm@HumanoidUpperBody,RA,body3,body3.팔꿈치_끝단베어링_체결부_260417_URDF@RightArm@HumanoidUpperBody,58.0
LA,2,+,body4,body4.팔꿈치_Pitch_회전부_260427_URDF@LeftArm@HumanoidUpperBody,HumanoidUpperBody,base,base.C2_PC_Braket_02@HumanoidUpperBody,58.0
LA,2,+,body3,body3._________4@LeftArm@HumanoidUpperBody,LA,body0,body0._________12@LeftArm@HumanoidUpperBody,58.0
LA,2,+,body3,body3.________11@LeftArm@HumanoidUpperBody,HumanoidUpperBody,base,base.C1_PC_Braket_02@HumanoidUpperBody,58.0
LA,2,+,body2,body2.어깨_Roll_Yaw_연결부_260422_URDF@LeftArm@HumanoidUpperBody,LA,body1,body1.____2@LeftArm@HumanoidUpperBody,58.0
LA,2,+,body2,body2.어깨_Roll_Yaw_연결부_260422_URDF@LeftArm@HumanoidUpperBody,LA,body0,body0._________4@LeftArm@HumanoidUpperBody,58.0
LA,2,+,body6,body6.C1_손목_Pitch_링크고정부_260415_URDF@LeftArm@HumanoidUpperBody,RA,body3,body3.어깨_Yaw_팔꿈치_연결부_B_260423_URDF@RightArm@HumanoidUpperBody,59.0
LA,2,+,body6,body6.C1_손목_Pitch_링크고정부_260415_URDF@LeftArm@HumanoidUpperBody,RA,body3,body3.NONE@RightArm@HumanoidUpperBody,59.0
LA,2,+,body6,body6.C1_손목_Pitch_링크고정부_260415_URDF@LeftArm@HumanoidUpperBody,RA,body3,body3.팔꿈치_끝단베어링_체결부_260417_URDF@RightArm@HumanoidUpperBody,59.0
LA,2,+,body6,body6.C1_손목_Pitch_고정부_260415_URDF@LeftArm@HumanoidUpperBody,RA,body3,body3.어깨_Yaw_팔꿈치_연결부_260423_URDF@RightArm@HumanoidUpperBody,59.0
LA,2,+,body6,body6.C1_________11@LeftArm@HumanoidUpperBody,RA,body3,body3.팔꿈치_스토퍼_260424_URDF@RightArm@HumanoidUpperBody,59.0
LA,2,+,body6,body6.C1_________11@LeftArm@HumanoidUpperBody,RA,body3,body3.어깨_팔꿈치_연결부_260416_URDF@RightArm@HumanoidUpperBody,59.0
LA,2,+,body6,body6.C1_NONE@LeftArm@HumanoidUpperBody,RA,body3,body3.________11@RightArm@HumanoidUpperBody,59.0
LA,2,+,body7,body7.C1_손목_Pitch_회전부_260415_URDF@LeftArm@HumanoidUpperBody,RA,body3,body3.어깨_Yaw_팔꿈치_연결부_B_260423_URDF@RightArm@HumanoidUpperBody,59.0
LA,2,+,body7,body7.C1_손목_Pitch_회전부_260415_URDF@LeftArm@HumanoidUpperBody,RA,body3,body3.어깨_팔꿈치_연결부_260416_URDF@RightArm@HumanoidUpperBody,59.0
LA,2,+,body3,body3._________46@LeftArm@HumanoidUpperBody,LA,body0,body0.____3@LeftArm@HumanoidUpperBody,59.0
LA,2,+,body3,body3.팔꿈치_스토퍼_260424_URDF@LeftArm@HumanoidUpperBody,HumanoidUpperBody,base,base.C2_Body_Part22_260515@HumanoidUpperBody,59.0
LA,2,+,body3,body3.어깨_팔꿈치_연결부_샤프트_260413_URDF@LeftArm@HumanoidUpperBody,HumanoidUpperBody,base,base.C2_Body_Part01_260515@HumanoidUpperBody,59.0
LA,2,+,body3,body3.어깨_팔꿈치_연결부_샤프트_260413_URDF@LeftArm@HumanoidUpperBody,HumanoidUpperBody,base,base.C2_LCFR6_2020_216@HumanoidUpperBody,59.0
LA,2,+,body3,body3.어깨_팔꿈치_연결부_샤프트_260413_URDF3@LeftArm@HumanoidUpperBody,HumanoidUpperBody,base,base.C2_Body_Part01_260515@HumanoidUpperBody,59.0
LA,2,+,body3,body3.어깨_팔꿈치_연결부_샤프트_260413_URDF3@LeftArm@HumanoidUpperBody,HumanoidUpperBody,base,base.C3_LCFR6_2020_216@HumanoidUpperBody,59.0
LA,2,+,body2,body2.어깨_Roll베어링_고정파트_URDF기본@LeftArm@HumanoidUpperBody,LA,body0,body0.어깨_Pitch_고정부_A_Left_260511_URDF@LeftArm@HumanoidUpperBody,59.0
LA,2,+,body6,body6.C1_손목_Pitch_링크고정부_260415_URDF@LeftArm@HumanoidUpperBody,RA,body3,body3.베어링_6708U_H_URDF@RightArm@HumanoidUpperBody,60.0
LA,2,+,body6,body6.C1_손목_Pitch_베어링체결부_260409_URDF@LeftArm@HumanoidUpperBody,RA,body4,body4.팔꿈치_Pitch_회전부2_260427_URDF@RightArm@HumanoidUpperBody,60.0
LA,2,+,body6,body6.C1_손목_Pitch_베어링체결부_260409_URDF@LeftArm@HumanoidUpperBody,RA,body3,body3.베어링_6708U_H_URDF@RightArm@HumanoidUpperBody,60.0
LA,2,+,body6,body6.C1_손목_Pitch_베어링체결부_260409_URDF@LeftArm@HumanoidUpperBody,RA,body3,body3.팔꿈치_끝단베어링_체결부_260417_URDF@RightArm@HumanoidUpperBody,60.0
LA,2,+,body6,body6.C1_FL6700ZZ_Right_어깨양단지지_URDF@LeftArm@HumanoidUpperBody,RA,body3,body3.팔꿈치_끝단베어링_체결부_260417_URDF@RightArm@HumanoidUpperBody,60.0
LA,2,+,body6,body6.C1_________11@LeftArm@HumanoidUpperBody,RA,body3,body3.________11@RightArm@HumanoidUpperBody,60.0
LA,2,+,body6,body6.C1_손목_Pitch_베어링체결부_260407_URDF@LeftArm@HumanoidUpperBody,RA,body4,body4.팔꿈치_Pitch_회전부2_260427_URDF@RightArm@HumanoidUpperBody,60.0
LA,2,+,body6,body6.C1_손목_Pitch_베어링체결부_260407_URDF@LeftArm@HumanoidUpperBody,RA,body3,body3.베어링_6708U_H_URDF@RightArm@HumanoidUpperBody,60.0
LA,2,+,body6,body6.C1_손목_Pitch_베어링체결부_260407_URDF@LeftArm@HumanoidUpperBody,RA,body3,body3.팔꿈치_끝단베어링_체결부_260417_URDF@RightArm@HumanoidUpperBody,60.0
LA,2,+,body6,body6.C1_FL6700ZZ_Right_어깨양단지지_URDF1@LeftArm@HumanoidUpperBody,RA,body3,body3.팔꿈치_끝단베어링_체결부_260417_URDF@RightArm@HumanoidUpperBody,60.0
LA,2,+,body7,body7.C1_손목_Pitch_회전부2_260415_URDF@LeftArm@HumanoidUpperBody,RA,body4,body4.팔꿈치_Pitch_회전부_260427_URDF@RightArm@HumanoidUpperBody,60.0
LA,2,+,body7,body7.C1_손목_Pitch_회전부2_260415_URDF@LeftArm@HumanoidUpperBody,RA,body3,body3.팔꿈치_끝단베어링_체결부_260417_URDF@RightArm@HumanoidUpperBody,60.0
LA,2,+,body3,body3._________12@LeftArm@HumanoidUpperBody,LA,body0,body0._________4@LeftArm@HumanoidUpperBody,60.0
LA,2,+,body3,body3.____3@LeftArm@HumanoidUpperBody,HumanoidUpperBody,base,base.C2_FWR50L_00_B_0FWR_F_B_GEH@HumanoidUpperBody,60.0
LA,2,+,body3,body3.어깨_팔꿈치_연결부_샤프트_260413_URDF1@LeftArm@HumanoidUpperBody,HumanoidUpperBody,base,base.C1_Body_Part19_260515@HumanoidUpperBody,60.0
LA,2,+,body3,body3.어깨_팔꿈치_연결부_샤프트_260413_URDF2@LeftArm@HumanoidUpperBody,HumanoidUpperBody,base,base.C1_Body_Part19_260515@HumanoidUpperBody,60.0
LA,2,+,body2,body2.어깨_Roll_Yaw_연결부_260422_URDF@LeftArm@HumanoidUpperBody,LA,body1,body1._________46@LeftArm@HumanoidUpperBody,60.0
LA,2,+,body6,body6.C1_손목_Pitch_베어링체결부_260409_URDF@LeftArm@HumanoidUpperBody,RA,body3,body3.어깨_Yaw_팔꿈치_연결부_B_260423_URDF@RightArm@HumanoidUpperBody,61.0
LA,2,+,body6,body6.C1_손목_Pitch_베어링체결부_260409_URDF@LeftArm@HumanoidUpperBody,RA,body3,body3.NONE@RightArm@HumanoidUpperBody,61.0
LA,2,+,body6,body6.C1_FL6700ZZ_Right_어깨양단지지_URDF@LeftArm@HumanoidUpperBody,RA,body3,body3.팔꿈치_스토퍼_260424_URDF@RightArm@HumanoidUpperBody,61.0
LA,2,+,body6,body6.C1_FL6700ZZ_Right_어깨양단지지_URDF@LeftArm@HumanoidUpperBody,RA,body3,body3.어깨_Yaw_팔꿈치_연결부_B_260423_URDF@RightArm@HumanoidUpperBody,61.0
LA,2,+,body6,body6.C1_FL6700ZZ_Right_어깨양단지지_URDF@LeftArm@HumanoidUpperBody,RA,body3,body3.NONE@RightArm@HumanoidUpperBody,61.0
LA,2,+,body6,body6.C1_손목_Pitch_베어링체결부_260407_URDF@LeftArm@HumanoidUpperBody,RA,body3,body3.팔꿈치_스토퍼_260424_URDF@RightArm@HumanoidUpperBody,61.0
LA,2,+,body6,body6.C1_손목_Pitch_베어링체결부_260407_URDF@LeftArm@HumanoidUpperBody,RA,body3,body3.어깨_Yaw_팔꿈치_연결부_B_260423_URDF@RightArm@HumanoidUpperBody,61.0
LA,2,+,body6,body6.C1_손목_Pitch_베어링체결부_260407_URDF@LeftArm@HumanoidUpperBody,RA,body3,body3.NONE@RightArm@HumanoidUpperBody,61.0
LA,2,+,body6,body6.C1_FL6700ZZ_Right_어깨양단지지_URDF1@LeftArm@HumanoidUpperBody,RA,body3,body3.어깨_Yaw_팔꿈치_연결부_B_260423_URDF@RightArm@HumanoidUpperBody,61.0
LA,2,+,body6,body6.C1_FL6700ZZ_Right_어깨양단지지_URDF1@LeftArm@HumanoidUpperBody,RA,body3,body3.NONE@RightArm@HumanoidUpperBody,61.0
LA,2,+,body7,body7.C1_손목_Pitch_회전부2_260415_URDF@LeftArm@HumanoidUpperBody,RA,body3,body3.어깨_Yaw_팔꿈치_연결부_260423_URDF@RightArm@HumanoidUpperBody,61.0
LA,2,+,body7,body7.C1_손목_Pitch_회전부2_260415_URDF@LeftArm@HumanoidUpperBody,RA,body3,body3.어깨_팔꿈치_연결부_260416_URDF@RightArm@HumanoidUpperBody,61.0
LA,2,+,body7,body7.C1_손목_Pitch_회전부_260415_URDF@LeftArm@HumanoidUpperBody,RA,body3,body3.어깨_Yaw_팔꿈치_연결부_260423_URDF@RightArm@HumanoidUpperBody,61.0
LA,2,+,body4,body4.팔꿈치_손목_연결부_샤프트_260413_URDF@LeftArm@HumanoidUpperBody,HumanoidUpperBody,base,base.C1_Body_Part01_260515@HumanoidUpperBody,61.0
LA,2,+,body4,body4.팔꿈치_손목_연결부_샤프트_260413_URDF2@LeftArm@HumanoidUpperBody,HumanoidUpperBody,base,base.C1_Body_Part01_260515@HumanoidUpperBody,61.0
LA,2,+,body3,body3._________46@LeftArm@HumanoidUpperBody,HumanoidUpperBody,base,base.C2_FWR50L_00_B_0FWR_F_B_GEH@HumanoidUpperBody,61.0
LA,2,+,body3,body3.____2@LeftArm@HumanoidUpperBody,HumanoidUpperBody,base,base.C2_FWR50L_00_B_0FWR_F_B_GEH@HumanoidUpperBody,61.0
LA,2,+,body3,body3._________4@LeftArm@HumanoidUpperBody,HumanoidUpperBody,base,base.C2_FWR50L_00_B_0FWR_F_B_GEH@HumanoidUpperBody,61.0
LA,2,+,body3,body3.____mm_______1@LeftArm@HumanoidUpperBody,LA,body0,body0.____2@LeftArm@HumanoidUpperBody,61.0
LA,2,+,body3,body3.어깨_팔꿈치_연결부_260416_URDF@LeftArm@HumanoidUpperBody,HumanoidUpperBody,base,base.C2_Body_Part22_260515@HumanoidUpperBody,61.0
LA,2,+,body2,body2.어깨_Roll베어링_고정파트_URDF기본@LeftArm@HumanoidUpperBody,LA,body1,body1.어깨_Pitch_회전부_260423_Right_어깨양단지지_URDF@LeftArm@HumanoidUpperBody,61.0
LA,2,+,body6,body6.C1_손목_Pitch_링크고정부_260415_URDF@LeftArm@HumanoidUpperBody,RA,body3,body3.어깨_팔꿈치_연결부_260416_URDF@RightArm@HumanoidUpperBody,62.0
LA,2,+,body6,body6.C1_손목_Pitch_링크고정부_260415_URDF@LeftArm@HumanoidUpperBody,RA,body3,body3.________11@RightArm@HumanoidUpperBody,62.0
LA,2,+,body6,body6.C1_손목_Pitch_링크고정부2_260408_URDF@LeftArm@HumanoidUpperBody,RA,body4,body4.팔꿈치_Pitch_회전부2_260427_URDF@RightArm@HumanoidUpperBody,62.0
LA,2,+,body6,body6.C1_손목_Pitch_베어링체결부_260409_URDF@LeftArm@HumanoidUpperBody,RA,body3,body3.어깨_팔꿈치_연결부_260416_URDF@RightArm@HumanoidUpperBody,62.0
LA,2,+,body6,body6.C1_________11@LeftArm@HumanoidUpperBody,RA,body3,body3.어깨_Yaw_팔꿈치_연결부_260423_URDF@RightArm@HumanoidUpperBody,62.0
LA,2,+,body6,body6.C1_손목_Pitch_베어링체결부_260407_URDF@LeftArm@HumanoidUpperBody,RA,body3,body3.어깨_팔꿈치_연결부_260416_URDF@RightArm@HumanoidUpperBody,62.0
LA,2,+,body3,body3._________46@LeftArm@HumanoidUpperBody,LA,body0,body0._________12@LeftArm@HumanoidUpperBody,62.0
LA,2,+,body3,body3._________1@LeftArm@HumanoidUpperBody,LA,body0,body0._________4@LeftArm@HumanoidUpperBody,62.0
LA,2,+,body2,body2.어깨_Roll베어링_고정파트_URDF기본@LeftArm@HumanoidUpperBody,LA,body0,body0._________11@LeftArm@HumanoidUpperBody,62.0
LA,2,+,body2,body2.어깨_Roll베어링_고정파트_URDF기본@LeftArm@HumanoidUpperBody,LA,body0,body0.________2@LeftArm@HumanoidUpperBody,62.0
LA,2,+,body2,body2.어깨_Roll_Yaw_연결부_260422_URDF@LeftArm@HumanoidUpperBody,LA,body1,body1.어깨_Pitch_고정연결부_260511_B_Left_URDF@LeftArm@HumanoidUpperBody,62.0
LA,2,+,body2,body2.어깨_Roll_Yaw_연결부_260422_URDF@LeftArm@HumanoidUpperBody,LA,body1,body1.어깨_Pitch_고정연결부_260511_A_Left_URDF@LeftArm@HumanoidUpperBody,62.0
LA,2,+,body6,body6.C1_손목_Pitch_링크고정부2_260408_URDF@LeftArm@HumanoidUpperBody,RA,body3,body3.NONE@RightArm@HumanoidUpperBody,63.0
LA,2,+,body6,body6.C1_손목_Pitch_링크고정부2_260408_URDF@LeftArm@HumanoidUpperBody,RA,body3,body3.베어링_6708U_H_URDF@RightArm@HumanoidUpperBody,63.0
LA,2,+,body6,body6.C1_손목_Pitch_링크고정부2_260408_URDF@LeftArm@HumanoidUpperBody,RA,body3,body3.팔꿈치_끝단베어링_체결부_260417_URDF@RightArm@HumanoidUpperBody,63.0
LA,2,+,body7,body7.C1_손목_Pitch_회전부2_260415_URDF@LeftArm@HumanoidUpperBody,RA,body3,body3.어깨_Yaw_팔꿈치_연결부_B_260423_URDF@RightArm@HumanoidUpperBody,63.0
LA,2,+,body4,body4.팔꿈치_Pitch_회전부3_260422_URDF@LeftArm@HumanoidUpperBody,HumanoidUpperBody,base,base.C1_Body_Part01_260515@HumanoidUpperBody,63.0
LA,2,+,body4,body4.팔꿈치_Pitch_회전부2_260427_URDF@LeftArm@HumanoidUpperBody,HumanoidUpperBody,base,base.C1_Body_Part01_260515@HumanoidUpperBody,63.0
LA,2,+,body3,body3._________46@LeftArm@HumanoidUpperBody,HumanoidUpperBody,base,base.C2_FWR50F_00_BFWR_F_B_GEH@HumanoidUpperBody,63.0
LA,2,+,body3,body3.____2@LeftArm@HumanoidUpperBody,HumanoidUpperBody,base,base.C2_FWR50F_00_BFWR_F_B_GEH@HumanoidUpperBody,63.0
LA,2,+,body3,body3._________4@LeftArm@HumanoidUpperBody,HumanoidUpperBody,base,base.C2_FWR50F_00_BFWR_F_B_GEH@HumanoidUpperBody,63.0
LA,2,+,body3,body3.어깨_Yaw_팔꿈치_연결부_260423_URDF@LeftArm@HumanoidUpperBody,HumanoidUpperBody,base,base.C1_PC_Braket_02@HumanoidUpperBody,63.0
LA,2,+,body2,body2.어깨_Roll베어링_고정파트_URDF기본@LeftArm@HumanoidUpperBody,LA,body0,body0.____3@LeftArm@HumanoidUpperBody,63.0
LA,2,+,body2,body2.어깨_Roll_Yaw_연결부_260422_URDF@LeftArm@HumanoidUpperBody,LA,body1,body1.어깨_Pitch_고정연결부_260511_B_Left_URDF1@LeftArm@HumanoidUpperBody,63.0
LA,2,+,body6_1,body6_1.C1_손목_Yaw_링크_260420_Right@LeftArm@HumanoidUpperBody,RA,body3,body3.어깨_Yaw_팔꿈치_연결부_B_260423_URDF@RightArm@HumanoidUpperBody,63.0
LA,2,+,body6_1,body6_1.C1_손목_Yaw_링크_260420_Right@LeftArm@HumanoidUpperBody,RA,body3,body3.팔꿈치_끝단베어링_체결부_260417_URDF@RightArm@HumanoidUpperBody,63.0
LA,2,+,body6,body6.C1_SWSPS12_6_10_URDF@LeftArm@HumanoidUpperBody,RA,body3,body3.팔꿈치_끝단베어링_체결부_260417_URDF@RightArm@HumanoidUpperBody,64.0
LA,2,+,body6,body6.C1_SWSPS12_6_10_URDF2@LeftArm@HumanoidUpperBody,RA,body3,body3.팔꿈치_끝단베어링_체결부_260417_URDF@RightArm@HumanoidUpperBody,64.0
LA,2,+,body6,body6.C1_손목_Pitch_링크고정부_260415_URDF@LeftArm@HumanoidUpperBody,RA,body3,body3.어깨_Yaw_팔꿈치_연결부_260423_URDF@RightArm@HumanoidUpperBody,64.0
LA,2,+,body6,body6.C1_손목_Pitch_링크고정부2_260408_URDF@LeftArm@HumanoidUpperBody,RA,body3,body3.어깨_Yaw_팔꿈치_연결부_B_260423_URDF@RightArm@HumanoidUpperBody,64.0
LA,2,+,body6,body6.C1_손목_Pitch_베어링체결부_260409_URDF@LeftArm@HumanoidUpperBody,RA,body3,body3.________11@RightArm@HumanoidUpperBody,64.0
LA,2,+,body6,body6.C1_손목_Pitch_베어링체결부_260407_URDF@LeftArm@HumanoidUpperBody,RA,body3,body3.________11@RightArm@HumanoidUpperBody,64.0
LA,2,+,body3,body3.____2@LeftArm@HumanoidUpperBody,LA,body0,body0._________12@LeftArm@HumanoidUpperBody,64.0
LA,2,+,body3,body3._________12@LeftArm@HumanoidUpperBody,LA,body0,body0._________46@LeftArm@HumanoidUpperBody,64.0
LA,2,+,body2,body2.어깨_Roll_Yaw_연결부_260422_URDF@LeftArm@HumanoidUpperBody,LA,body0,body0._________46@LeftArm@HumanoidUpperBody,64.0
LA,2,+,body6_1,body6_1.C1_SWSPS12_6_10_URDF@LeftArm@HumanoidUpperBody,RA,body3,body3.팔꿈치_끝단베어링_체결부_260417_URDF@RightArm@HumanoidUpperBody,64.0
LA,2,+,body6_1,body6_1.C1_SWSPS12_6_10_URDF2@LeftArm@HumanoidUpperBody,RA,body3,body3.팔꿈치_끝단베어링_체결부_260417_URDF@RightArm@HumanoidUpperBody,64.0
LA,2,+,body6_1,body6_1.C1_Body11@LeftArm@HumanoidUpperBody,RA,body3,body3.팔꿈치_끝단베어링_체결부_260417_URDF@RightArm@HumanoidUpperBody,64.0
LA,2,+,body6,body6.C1_SWSPS12_6_10_URDF@LeftArm@HumanoidUpperBody,RA,body3,body3.어깨_Yaw_팔꿈치_연결부_B_260423_URDF@RightArm@HumanoidUpperBody,65.0
LA,2,+,body6,body6.C1_SWSPS12_6_10_URDF@LeftArm@HumanoidUpperBody,RA,body3,body3.NONE@RightArm@HumanoidUpperBody,65.0
LA,2,+,body6,body6.C1_SWSPS12_6_10_URDF2@LeftArm@HumanoidUpperBody,RA,body3,body3.어깨_Yaw_팔꿈치_연결부_B_260423_URDF@RightArm@HumanoidUpperBody,65.0
LA,2,+,body6,body6.C1_SWSPS12_6_10_URDF2@LeftArm@HumanoidUpperBody,RA,body3,body3.NONE@RightArm@HumanoidUpperBody,65.0
LA,2,+,body5,body5.손목_샤프트_260408_URDF@LeftArm@HumanoidUpperBody,RA,body3,body3.어깨_팔꿈치_연결부_260416_URDF@RightArm@HumanoidUpperBody,65.0
LA,2,+,body5,body5.________11@LeftArm@HumanoidUpperBody,RA,body3,body3.어깨_팔꿈치_연결부_260416_URDF@RightArm@HumanoidUpperBody,65.0
LA,2,+,body3,body3.어깨_Yaw_체결부_260415_URDF@LeftArm@HumanoidUpperBody,HumanoidUpperBody,base,base.C2_FWR50L_00_B_0FWR_F_B_GEH@HumanoidUpperBody,65.0
LA,2,+,body3,body3.____2@LeftArm@HumanoidUpperBody,HumanoidUpperBody,base,base.C2_GewindestiftDIN913_4x4x071@HumanoidUpperBody,65.0
LA,2,+,body3,body3._________4@LeftArm@HumanoidUpperBody,HumanoidUpperBody,base,base.C2_GewindestiftDIN913_4x4x071@HumanoidUpperBody,65.0
LA,2,+,body3,body3.어깨_Yaw_팔꿈치_연결부_260423_URDF@LeftArm@HumanoidUpperBody,HumanoidUpperBody,base,base.C1_PC_Braket_01_3DP@HumanoidUpperBody,65.0
LA,2,+,body2,body2.어깨_Roll베어링_고정파트_URDF기본1@LeftArm@HumanoidUpperBody,LA,body0,body0._________46@LeftArm@HumanoidUpperBody,65.0
LA,2,+,body2,body2.어깨_Roll_Yaw_연결부_260422_URDF@LeftArm@HumanoidUpperBody,LA,body1,body1.________2@LeftArm@HumanoidUpperBody,65.0
LA,2,+,body6_1,body6_1.C1_손목_Yaw_링크_260420_Right@LeftArm@HumanoidUpperBody,RA,body3,body3.NONE@RightArm@HumanoidUpperBody,65.0
LA,2,+,body6_1,body6_1.C1_SWSPS12_6_10_URDF@LeftArm@HumanoidUpperBody,RA,body3,body3.어깨_Yaw_팔꿈치_연결부_B_260423_URDF@RightArm@HumanoidUpperBody,65.0
LA,2,+,body6_1,body6_1.C1_SWSPS12_6_10_URDF@LeftArm@HumanoidUpperBody,RA,body3,body3.NONE@RightArm@HumanoidUpperBody,65.0
LA,2,+,body6_1,body6_1.C1_SWSPS12_6_10_URDF2@LeftArm@HumanoidUpperBody,RA,body3,body3.어깨_Yaw_팔꿈치_연결부_B_260423_URDF@RightArm@HumanoidUpperBody,65.0
LA,2,+,body6_1,body6_1.C1_SWSPS12_6_10_URDF2@LeftArm@HumanoidUpperBody,RA,body3,body3.NONE@RightArm@HumanoidUpperBody,65.0
LA,2,+,body6_1,body6_1.C1_Body11@LeftArm@HumanoidUpperBody,RA,body3,body3.어깨_Yaw_팔꿈치_연결부_B_260423_URDF@RightArm@HumanoidUpperBody,65.0
LA,2,+,body6_1,body6_1.C1_Body11@LeftArm@HumanoidUpperBody,RA,body3,body3.NONE@RightArm@HumanoidUpperBody,65.0
LA,2,+,body6,body6.C1_손목_Pitch_링크고정부2_260408_URDF@LeftArm@HumanoidUpperBody,RA,body3,body3.________11@RightArm@HumanoidUpperBody,66.0
LA,2,+,body3,body3._________46@LeftArm@HumanoidUpperBody,HumanoidUpperBody,base,base.C2_Body_Part21_수정본@HumanoidUpperBody,66.0
LA,2,+,body3,body3.____2@LeftArm@HumanoidUpperBody,HumanoidUpperBody,base,base.C2_Body_Part21_수정본@HumanoidUpperBody,66.0
LA,2,+,body3,body3._________12@LeftArm@HumanoidUpperBody,LA,body0,body0.____2@LeftArm@HumanoidUpperBody,66.0
LA,2,+,body3,body3.어깨_팔꿈치_연결부_샤프트_260413_URDF1@LeftArm@HumanoidUpperBody,HumanoidUpperBody,base,base.C2_Body_Part21_수정본@HumanoidUpperBody,66.0
LA,2,+,body3,body3.어깨_팔꿈치_연결부_샤프트_260413_URDF2@LeftArm@HumanoidUpperBody,HumanoidUpperBody,base,base.C2_Body_Part21_수정본@HumanoidUpperBody,66.0
LA,2,+,body5,body5.손목_Roll_회전부3_260526_v2_URDF@LeftArm@HumanoidUpperBody,RA,body3,body3.어깨_팔꿈치_연결부_샤프트_260413_URDF@RightArm@HumanoidUpperBody,67.0
LA,2,+,body5,body5.손목_Roll_회전부3_260526_v2_URDF@LeftArm@HumanoidUpperBody,RA,body3,body3.어깨_팔꿈치_연결부_샤프트_260413_URDF1@RightArm@HumanoidUpperBody,67.0
LA,2,+,body5,body5.손목_Roll_회전부2_260409_v2_URDF@LeftArm@HumanoidUpperBody,RA,body3,body3.어깨_팔꿈치_연결부_샤프트_260413_URDF@RightArm@HumanoidUpperBody,67.0
LA,2,+,body5,body5.손목_Roll_회전부2_260409_v2_URDF@LeftArm@HumanoidUpperBody,RA,body3,body3.어깨_팔꿈치_연결부_샤프트_260413_URDF1@RightArm@HumanoidUpperBody,67.0
LA,2,+,body3,body3.________2@LeftArm@HumanoidUpperBody,HumanoidUpperBody,base,base.C2_FWR50L_00_B_0FWR_F_B_GEH@HumanoidUpperBody,67.0
LA,2,+,body3,body3.어깨_팔꿈치_연결부_샤프트_260413_URDF1@LeftArm@HumanoidUpperBody,HumanoidUpperBody,base,base.C2_FWR50F_00_BFWR_F_B_GEH@HumanoidUpperBody,67.0
LA,2,+,body3,body3.어깨_팔꿈치_연결부_샤프트_260413_URDF2@LeftArm@HumanoidUpperBody,HumanoidUpperBody,base,base.C2_FWR50F_00_BFWR_F_B_GEH@HumanoidUpperBody,67.0
LA,2,+,body5,body5.손목_샤프트_260408_URDF1@LeftArm@HumanoidUpperBody,RA,body3,body3.어깨_팔꿈치_연결부_260416_URDF@RightArm@HumanoidUpperBody,68.0
LA,2,+,body4,body4.팔꿈치_Pitch_회전부_260427_URDF@LeftArm@HumanoidUpperBody,HumanoidUpperBody,base,base.C1_PC_Braket_02@HumanoidUpperBody,68.0
LA,2,+,body3,body3.어깨_Yaw_체결부_260415_URDF@LeftArm@HumanoidUpperBody,LA,body1,body1._________4@LeftArm@HumanoidUpperBody,68.0
LA,2,+,body3,body3.어깨_팔꿈치_연결부_샤프트_260413_URDF@LeftArm@HumanoidUpperBody,HumanoidUpperBody,base,base.C1_Body_Part28_260515@HumanoidUpperBody,68.0
LA,2,+,body3,body3.어깨_팔꿈치_연결부_샤프트_260413_URDF1@LeftArm@HumanoidUpperBody,HumanoidUpperBody,base,base.C2_FWR50L_00_B_0FWR_F_B_GEH@HumanoidUpperBody,68.0
LA,2,+,body3,body3.어깨_팔꿈치_연결부_샤프트_260413_URDF2@LeftArm@HumanoidUpperBody,HumanoidUpperBody,base,base.C2_FWR50L_00_B_0FWR_F_B_GEH@HumanoidUpperBody,68.0
LA,2,+,body3,body3.어깨_팔꿈치_연결부_샤프트_260413_URDF3@LeftArm@HumanoidUpperBody,HumanoidUpperBody,base,base.C2_Body_Part28_260515@HumanoidUpperBody,68.0
LA,2,+,body2,body2.어깨_Roll_Yaw_연결부_260422_URDF@LeftArm@HumanoidUpperBody,LA,body1,body1.____mm_______1@LeftArm@HumanoidUpperBody,68.0
LA,2,+,body6,body6.C1_손목_Pitch_고정부_260415_URDF@LeftArm@HumanoidUpperBody,RA,body3,body3.____2@RightArm@HumanoidUpperBody,69.0
LA,2,+,body5,body5.________11@LeftArm@HumanoidUpperBody,RA,body3,body3.____2@RightArm@HumanoidUpperBody,69.0
LA,2,+,body3,body3.어깨_Yaw_팔꿈치_연결부_260423_URDF@LeftArm@HumanoidUpperBody,HumanoidUpperBody,base,base.C2_Body_Part22_260515@HumanoidUpperBody,69.0
LA,2,+,body2,body2.어깨_Roll베어링_고정파트_URDF기본@LeftArm@HumanoidUpperBody,LA,body0,body0._________4@LeftArm@HumanoidUpperBody,69.0
LA,2,+,body2,body2.어깨_Roll_Yaw_연결부_260422_URDF@LeftArm@HumanoidUpperBody,LA,body0,body0.____2@LeftArm@HumanoidUpperBody,69.0
LA,2,+,body6,body6.C1_손목_Pitch_고정부_260415_URDF@LeftArm@HumanoidUpperBody,RA,body3,body3._________46@RightArm@HumanoidUpperBody,70.0
LA,2,+,body5,body5.손목_Yaw_01_URDF@LeftArm@HumanoidUpperBody,RA,body3,body3.어깨_팔꿈치_연결부_샤프트_260413_URDF@RightArm@HumanoidUpperBody,70.0
LA,2,+,body5,body5.손목_Yaw_01_URDF@LeftArm@HumanoidUpperBody,RA,body3,body3.어깨_팔꿈치_연결부_샤프트_260413_URDF1@RightArm@HumanoidUpperBody,70.0
LA,2,+,body5,body5.________11@LeftArm@HumanoidUpperBody,RA,body3,body3._________46@RightArm@HumanoidUpperBody,70.0
LA,2,+,body5,body5.________11@LeftArm@HumanoidUpperBody,RA,body3,body3.어깨_팔꿈치_연결부_샤프트_260413_URDF@RightArm@HumanoidUpperBody,70.0
LA,2,+,body5,body5.________11@LeftArm@HumanoidUpperBody,RA,body3,body3.어깨_팔꿈치_연결부_샤프트_260413_URDF1@RightArm@HumanoidUpperBody,70.0
LA,2,+,body4,body4.팔꿈치_Pitchl베어링_고정파트_URDF기본@LeftArm@HumanoidUpperBody,HumanoidUpperBody,base,base.C1_Body_Part01_260515@HumanoidUpperBody,70.0
LA,2,+,body4,body4.팔꿈치_Pitchl베어링_고정파트_URDF기본1@LeftArm@HumanoidUpperBody,HumanoidUpperBody,base,base.C1_Body_Part01_260515@HumanoidUpperBody,70.0
LA,2,+,body3,body3._________11@LeftArm@HumanoidUpperBody,LA,body0,body0.____3@LeftArm@HumanoidUpperBody,70.0
LA,2,+,body3,body3.어깨_Yaw_팔꿈치_연결부_B_260423_URDF@LeftArm@HumanoidUpperBody,HumanoidUpperBody,base,base.C2_Body_Part19_260515@HumanoidUpperBody,70.0
LA,2,+,body2,body2.어깨_Roll_Yaw_연결부_260422_URDF@LeftArm@HumanoidUpperBody,LA,body0,body0._________12@LeftArm@HumanoidUpperBody,70.0
LA,2,+,body6,body6.C1_손목_Pitch_고정부_260415_URDF@LeftArm@HumanoidUpperBody,RA,body3,body3.어깨_팔꿈치_연결부_샤프트_260413_URDF2@RightArm@HumanoidUpperBody,71.0
LA,2,+,body6,body6.C1_손목_Pitch_고정부_260415_URDF@LeftArm@HumanoidUpperBody,RA,body3,body3.어깨_팔꿈치_연결부_샤프트_260413_URDF3@RightArm@HumanoidUpperBody,71.0
LA,2,+,body6,body6.C1_NONE@LeftArm@HumanoidUpperBody,RA,body3,body3.____2@RightArm@HumanoidUpperBody,71.0
LA,2,+,body5,body5.NONE@LeftArm@HumanoidUpperBody,RA,body3,body3.어깨_팔꿈치_연결부_샤프트_260413_URDF@RightArm@HumanoidUpperBody,71.0
LA,2,+,body5,body5.NONE@LeftArm@HumanoidUpperBody,RA,body3,body3.어깨_팔꿈치_연결부_샤프트_260413_URDF1@RightArm@HumanoidUpperBody,71.0
LA,2,+,body3,body3.어깨_팔꿈치_연결부_260416_URDF@LeftArm@HumanoidUpperBody,HumanoidUpperBody,base,base.C4_PC_Braket_02@HumanoidUpperBody,71.0
LA,2,+,body2,body2.어깨_Roll베어링_고정파트_URDF기본@LeftArm@HumanoidUpperBody,LA,body0,body0.____mm_______1@LeftArm@HumanoidUpperBody,71.0
LA,2,+,body6,body6.C1_손목_Pitch_고정부_260415_URDF@LeftArm@HumanoidUpperBody,RA,body3,body3._________4@RightArm@HumanoidUpperBody,72.0
LA,2,+,body6,body6.C1_________11@LeftArm@HumanoidUpperBody,RA,body3,body3.____2@RightArm@HumanoidUpperBody,72.0
LA,2,+,body6,body6.C1_NONE@LeftArm@HumanoidUpperBody,RA,body3,body3._________46@RightArm@HumanoidUpperBody,72.0
LA,2,+,body6,body6.C1_NONE@LeftArm@HumanoidUpperBody,RA,body3,body3.어깨_팔꿈치_연결부_샤프트_260413_URDF2@RightArm@HumanoidUpperBody,72.0
LA,2,+,body6,body6.C1_NONE@LeftArm@HumanoidUpperBody,RA,body3,body3.어깨_팔꿈치_연결부_샤프트_260413_URDF3@RightArm@HumanoidUpperBody,72.0
LA,2,+,body5,body5.손목_샤프트_260408_URDF@LeftArm@HumanoidUpperBody,RA,body3,body3.____2@RightArm@HumanoidUpperBody,72.0
LA,2,+,body5,body5.________11@LeftArm@HumanoidUpperBody,RA,body3,body3._________4@RightArm@HumanoidUpperBody,72.0
LA,2,+,body3,body3.팔꿈치_끝단베어링_체결부_260417_URDF@LeftArm@HumanoidUpperBody,HumanoidUpperBody,base,base.C2_Body_Part19_260515@HumanoidUpperBody,72.0
LA,2,+,body6,body6.C1_________11@LeftArm@HumanoidUpperBody,RA,body3,body3._________46@RightArm@HumanoidUpperBody,73.0
LA,2,+,body5,body5.손목_샤프트_260408_URDF@LeftArm@HumanoidUpperBody,RA,body3,body3._________46@RightArm@HumanoidUpperBody,73.0
LA,2,+,body3,body3.베어링_6708U_H_URDF@LeftArm@HumanoidUpperBody,HumanoidUpperBody,base,base.C2_Body_Part19_260515@HumanoidUpperBody,73.0
LA,2,+,body3,body3.어깨_팔꿈치_연결부_샤프트_260413_URDF1@LeftArm@HumanoidUpperBody,HumanoidUpperBody,base,base.C3_CDST00180@HumanoidUpperBody,73.0
LA,2,+,body3,body3.어깨_팔꿈치_연결부_샤프트_260413_URDF2@LeftArm@HumanoidUpperBody,HumanoidUpperBody,base,base.C3_CDST00180@HumanoidUpperBody,73.0
LA,2,+,body3,body3.어깨_Yaw_팔꿈치_연결부_B_260423_URDF@LeftArm@HumanoidUpperBody,HumanoidUpperBody,base,base.C1_ImportedSolid_1437601@HumanoidUpperBody,73.0
LA,2,+,body6_2,body6_2.C1_손목_Yaw_회전부_260420_URDF@LeftArm@HumanoidUpperBody,RA,body3,body3.어깨_팔꿈치_연결부_샤프트_260413_URDF@RightArm@HumanoidUpperBody,73.0
LA,2,+,body6_2,body6_2.C1_손목_Yaw_회전부_260420_URDF@LeftArm@HumanoidUpperBody,RA,body3,body3.어깨_팔꿈치_연결부_샤프트_260413_URDF1@RightArm@HumanoidUpperBody,73.0
LA,2,+,body6,body6.C1_손목_Pitch_고정부_260415_URDF@LeftArm@HumanoidUpperBody,RA,body3,body3.____3@RightArm@HumanoidUpperBody,74.0
LA,2,+,body6,body6.C1_________11@LeftArm@HumanoidUpperBody,RA,body3,body3.어깨_팔꿈치_연결부_샤프트_260413_URDF2@RightArm@HumanoidUpperBody,74.0
LA,2,+,body6,body6.C1_________11@LeftArm@HumanoidUpperBody,RA,body3,body3.어깨_팔꿈치_연결부_샤프트_260413_URDF3@RightArm@HumanoidUpperBody,74.0
LA,2,+,body6,body6.C1_NONE@LeftArm@HumanoidUpperBody,RA,body3,body3._________4@RightArm@HumanoidUpperBody,74.0
LA,2,+,body5,body5.손목_Roll_회전부3_260526_v2_URDF@LeftArm@HumanoidUpperBody,RA,body2,body2.어깨_Roll_Yaw_연결부_260422_URDF@RightArm@HumanoidUpperBody,74.0
LA,2,+,body5,body5.________11@LeftArm@HumanoidUpperBody,RA,body3,body3.____3@RightArm@HumanoidUpperBody,74.0
LA,2,+,body5,body5.손목_Roll_회전부_260409_v2_URDF@LeftArm@HumanoidUpperBody,RA,body3,body3._________46@RightArm@HumanoidUpperBody,74.0
LA,2,+,body5,body5.손목_Roll_회전부_260409_v2_URDF@LeftArm@HumanoidUpperBody,RA,body3,body3.____2@RightArm@HumanoidUpperBody,74.0
LA,2,+,body5,body5.손목_Roll_회전부_260409_v2_URDF@LeftArm@HumanoidUpperBody,RA,body3,body3._________4@RightArm@HumanoidUpperBody,74.0
LA,2,+,body4,body4.팔꿈치_Pitch_회전부2_260427_URDF@LeftArm@HumanoidUpperBody,HumanoidUpperBody,base,base.C2_Body_Part19_260515@HumanoidUpperBody,74.0
LA,2,+,body3,body3.어깨_Yaw_팔꿈치_연결부_B_260423_URDF@LeftArm@HumanoidUpperBody,HumanoidUpperBody,base,base.C1_FWR50L_00_B_0FWR_F_B_GEH@HumanoidUpperBody,74.0
LA,2,+,body3,body3.어깨_Yaw_팔꿈치_연결부_B_260423_URDF@LeftArm@HumanoidUpperBody,HumanoidUpperBody,base,base.C1_GewindestiftDIN913_4x4x07@HumanoidUpperBody,74.0
LA,2,+,body3,body3.어깨_Yaw_팔꿈치_연결부_B_260423_URDF@LeftArm@HumanoidUpperBody,HumanoidUpperBody,base,base.C1_FWR50F_00_BFWR_F_B_GEH@HumanoidUpperBody,74.0
LA,2,+,body3,body3.어깨_팔꿈치_연결부_260416_URDF@LeftArm@HumanoidUpperBody,HumanoidUpperBody,base,base.C2_Body_Part19_260515@HumanoidUpperBody,74.0
LA,2,+,body6,body6.C1_손목_Pitch_링크고정부_260415_URDF@LeftArm@HumanoidUpperBody,RA,body3,body3.____2@RightArm@HumanoidUpperBody,75.0
LA,2,+,body6,body6.C1_손목_Pitch_고정부_260415_URDF@LeftArm@HumanoidUpperBody,RA,body3,body3.________2@RightArm@HumanoidUpperBody,75.0
LA,2,+,body6,body6.C1_손목_Pitch_고정부_260415_URDF@LeftArm@HumanoidUpperBody,RA,body3,body3.어깨_Yaw_체결부_260415_URDF@RightArm@HumanoidUpperBody,75.0
LA,2,+,body6,body6.C1_손목_Pitch_베어링체결부_260409_URDF@LeftArm@HumanoidUpperBody,RA,body3,body3.____2@RightArm@HumanoidUpperBody,75.0
LA,2,+,body6,body6.C1_________11@LeftArm@HumanoidUpperBody,RA,body3,body3._________4@RightArm@HumanoidUpperBody,75.0
LA,2,+,body6,body6.C1_손목_Pitch_베어링체결부_260407_URDF@LeftArm@HumanoidUpperBody,RA,body3,body3.____2@RightArm@HumanoidUpperBody,75.0
LA,2,+,body5,body5.손목_샤프트_260408_URDF@LeftArm@HumanoidUpperBody,RA,body3,body3._________4@RightArm@HumanoidUpperBody,75.0
LA,2,+,body5,body5.손목_샤프트_260408_URDF1@LeftArm@HumanoidUpperBody,RA,body3,body3.____2@RightArm@HumanoidUpperBody,75.0
LA,2,+,body5,body5.________11@LeftArm@HumanoidUpperBody,RA,body3,body3.________2@RightArm@HumanoidUpperBody,75.0
LA,2,+,body5,body5.________11@LeftArm@HumanoidUpperBody,RA,body3,body3.어깨_Yaw_체결부_260415_URDF@RightArm@HumanoidUpperBody,75.0
LA,2,+,body4,body4.팔꿈치_Pitch_회전부_260427_URDF@LeftArm@HumanoidUpperBody,HumanoidUpperBody,base,base.C1_Body_Part01_260515@HumanoidUpperBody,75.0
LA,2,+,body3,body3.팔꿈치_스토퍼_260424_URDF@LeftArm@HumanoidUpperBody,HumanoidUpperBody,base,base.C2_Body_Part19_260515@HumanoidUpperBody,75.0
LA,2,+,body3,body3.팔꿈치_끝단베어링_체결부_260417_URDF@LeftArm@HumanoidUpperBody,HumanoidUpperBody,base,base.C1_ImportedSolid_1437601@HumanoidUpperBody,75.0
LA,2,+,body3,body3.팔꿈치_끝단베어링_체결부_260417_URDF@LeftArm@HumanoidUpperBody,HumanoidUpperBody,base,base.C1_FWR50F_00_BFWR_F_B_GEH@HumanoidUpperBody,75.0
LA,2,+,body6,body6.C1_손목_Pitch_링크고정부_260415_URDF@LeftArm@HumanoidUpperBody,RA,body3,body3._________46@RightArm@HumanoidUpperBody,76.0
LA,2,+,body6,body6.C1_손목_Pitch_링크고정부_260415_URDF@LeftArm@HumanoidUpperBody,RA,body3,body3.어깨_팔꿈치_연결부_샤프트_260413_URDF2@RightArm@HumanoidUpperBody,76.0
LA,2,+,body6,body6.C1_손목_Pitch_링크고정부_260415_URDF@LeftArm@HumanoidUpperBody,RA,body3,body3.어깨_팔꿈치_연결부_샤프트_260413_URDF3@RightArm@HumanoidUpperBody,76.0
LA,2,+,body6,body6.C1_손목_Pitch_베어링체결부_260409_URDF@LeftArm@HumanoidUpperBody,RA,body3,body3._________46@RightArm@HumanoidUpperBody,76.0
LA,2,+,body6,body6.C1_손목_Pitch_베어링체결부_260409_URDF@LeftArm@HumanoidUpperBody,RA,body3,body3.어깨_팔꿈치_연결부_샤프트_260413_URDF2@RightArm@HumanoidUpperBody,76.0
LA,2,+,body6,body6.C1_손목_Pitch_베어링체결부_260409_URDF@LeftArm@HumanoidUpperBody,RA,body3,body3.어깨_팔꿈치_연결부_샤프트_260413_URDF3@RightArm@HumanoidUpperBody,76.0
LA,2,+,body6,body6.C1_NONE@LeftArm@HumanoidUpperBody,RA,body3,body3.____3@RightArm@HumanoidUpperBody,76.0
LA,2,+,body6,body6.C1_손목_Pitch_베어링체결부_260407_URDF@LeftArm@HumanoidUpperBody,RA,body3,body3._________46@RightArm@HumanoidUpperBody,76.0
LA,2,+,body6,body6.C1_손목_Pitch_베어링체결부_260407_URDF@LeftArm@HumanoidUpperBody,RA,body3,body3.어깨_팔꿈치_연결부_샤프트_260413_URDF2@RightArm@HumanoidUpperBody,76.0
LA,2,+,body6,body6.C1_손목_Pitch_베어링체결부_260407_URDF@LeftArm@HumanoidUpperBody,RA,body3,body3.어깨_팔꿈치_연결부_샤프트_260413_URDF3@RightArm@HumanoidUpperBody,76.0
LA,2,+,body5,body5.손목_샤프트_260408_URDF1@LeftArm@HumanoidUpperBody,RA,body3,body3._________46@RightArm@HumanoidUpperBody,76.0
LA,2,+,body5,body5.손목_Roll_회전부_260409_v2_URDF@LeftArm@HumanoidUpperBody,RA,body3,body3.____3@RightArm@HumanoidUpperBody,76.0
LA,2,+,body4,body4.손목_Roll_체결부_260415_v2_URDF@LeftArm@HumanoidUpperBody,RA,body3,body3.________2@RightArm@HumanoidUpperBody,76.0
LA,2,+,body4,body4.손목_Roll_체결부_260415_v2_URDF@LeftArm@HumanoidUpperBody,RA,body3,body3.____3@RightArm@HumanoidUpperBody,76.0
LA,2,+,body4,body4.손목_Roll_체결부_260415_v2_URDF@LeftArm@HumanoidUpperBody,RA,body3,body3.어깨_Yaw_체결부_260415_URDF@RightArm@HumanoidUpperBody,76.0
LA,2,+,body3,body3.베어링_6708U_H_URDF@LeftArm@HumanoidUpperBody,HumanoidUpperBody,base,base.C1_ImportedSolid_1437601@HumanoidUpperBody,76.0
LA,2,+,body3,body3.베어링_6708U_H_URDF@LeftArm@HumanoidUpperBody,HumanoidUpperBody,base,base.C1_FWR50F_00_BFWR_F_B_GEH@HumanoidUpperBody,76.0
LA,2,+,body3,body3.어깨_Yaw_팔꿈치_연결부_B_260423_URDF@LeftArm@HumanoidUpperBody,HumanoidUpperBody,base,base.C2_GewindestiftDIN914_3x6x05@HumanoidUpperBody,76.0
LA,2,+,body3,body3.팔꿈치_끝단베어링_체결부_260417_URDF@LeftArm@HumanoidUpperBody,HumanoidUpperBody,base,base.C1_FWR50L_00_B_0FWR_F_B_GEH@HumanoidUpperBody,76.0
LA,2,+,body3,body3.NONE@LeftArm@HumanoidUpperBody,HumanoidUpperBody,base,base.C2_Body_Part19_260515@HumanoidUpperBody,76.0
LA,2,+,body6,body6.C1_손목_Pitch_링크고정부_260415_URDF@LeftArm@HumanoidUpperBody,RA,body3,body3._________4@RightArm@HumanoidUpperBody,77.0
LA,2,+,body6,body6.C1_________11@LeftArm@HumanoidUpperBody,RA,body3,body3.____3@RightArm@HumanoidUpperBody,77.0
LA,2,+,body5,body5.손목_샤프트_260408_URDF@LeftArm@HumanoidUpperBody,RA,body3,body3.____3@RightArm@HumanoidUpperBody,77.0
LA,2,+,body5,body5.손목_Yaw_01_URDF@LeftArm@HumanoidUpperBody,RA,body3,body3._________12@RightArm@HumanoidUpperBody,77.0
LA,2,+,body5,body5.________11@LeftArm@HumanoidUpperBody,RA,body3,body3.____mm_______1@RightArm@HumanoidUpperBody,77.0
LA,2,+,body5,body5.________11@LeftArm@HumanoidUpperBody,RA,body3,body3._________12@RightArm@HumanoidUpperBody,77.0
LA,2,+,body5,body5.손목_Roll_회전부_260409_v2_URDF@LeftArm@HumanoidUpperBody,RA,body3,body3.________2@RightArm@HumanoidUpperBody,77.0
LA,2,+,body5,body5.손목_Roll_회전부_260409_v2_URDF@LeftArm@HumanoidUpperBody,RA,body3,body3.어깨_Yaw_체결부_260415_URDF@RightArm@HumanoidUpperBody,77.0
LA,2,+,body4,body4.NONE@LeftArm@HumanoidUpperBody,RA,body3,body3.어깨_Yaw_체결부_260415_URDF@RightArm@HumanoidUpperBody,77.0
LA,2,+,body4,body4.팔꿈치_Pitchl베어링_고정파트_URDF기본@LeftArm@HumanoidUpperBody,HumanoidUpperBody,base,base.C2_Body_Part19_260515@HumanoidUpperBody,77.0
LA,2,+,body4,body4.팔꿈치_Pitchl베어링_고정파트_URDF기본1@LeftArm@HumanoidUpperBody,HumanoidUpperBody,base,base.C2_Body_Part19_260515@HumanoidUpperBody,77.0
LA,2,+,body4,body4.팔꿈치_Pitch_회전부2_260427_URDF@LeftArm@HumanoidUpperBody,HumanoidUpperBody,base,base.C1_Body_Part21_수정본@HumanoidUpperBody,77.0
LA,2,+,body3,body3.베어링_6708U_H_URDF@LeftArm@HumanoidUpperBody,HumanoidUpperBody,base,base.C1_FWR50L_00_B_0FWR_F_B_GEH@HumanoidUpperBody,77.0
LA,2,+,body3,body3.베어링_6708U_H_URDF@LeftArm@HumanoidUpperBody,HumanoidUpperBody,base,base.C1_GewindestiftDIN913_4x4x07@HumanoidUpperBody,77.0
LA,2,+,body3,body3.어깨_Yaw_팔꿈치_연결부_B_260423_URDF@LeftArm@HumanoidUpperBody,HumanoidUpperBody,base,base.C2_GewindestiftDIN914_3x6x051@HumanoidUpperBody,77.0
LA,2,+,body3,body3.어깨_Yaw_팔꿈치_연결부_B_260423_URDF@LeftArm@HumanoidUpperBody,HumanoidUpperBody,base,base.C2_CDST001801@HumanoidUpperBody,77.0
LA,2,+,body3,body3.팔꿈치_끝단베어링_체결부_260417_URDF@LeftArm@HumanoidUpperBody,HumanoidUpperBody,base,base.C1_GewindestiftDIN914_3x6x05@HumanoidUpperBody,77.0
LA,2,+,body3,body3.팔꿈치_끝단베어링_체결부_260417_URDF@LeftArm@HumanoidUpperBody,HumanoidUpperBody,base,base.C1_GewindestiftDIN913_4x4x07@HumanoidUpperBody,77.0
LA,2,+,body3,body3.팔꿈치_끝단베어링_체결부_260417_URDF@LeftArm@HumanoidUpperBody,HumanoidUpperBody,base,base.C2_GewindestiftDIN914_3x6x05@HumanoidUpperBody,77.0
LA,2,+,body3,body3.어깨_팔꿈치_연결부_260416_URDF@LeftArm@HumanoidUpperBody,HumanoidUpperBody,base,base.C1_Body_Part21_수정본@HumanoidUpperBody,77.0
LA,2,+,body6_1,body6_1.C1_손목_Yaw_링크_260420_Right@LeftArm@HumanoidUpperBody,RA,body3,body3.어깨_팔꿈치_연결부_샤프트_260413_URDF@RightArm@HumanoidUpperBody,77.0
LA,2,+,body6_1,body6_1.C1_손목_Yaw_링크_260420_Right@LeftArm@HumanoidUpperBody,RA,body3,body3.어깨_팔꿈치_연결부_샤프트_260413_URDF1@RightArm@HumanoidUpperBody,77.0
LA,2,+,body6_1,body6_1.C1_SWSPS12_6_10_URDF1@LeftArm@HumanoidUpperBody,RA,body3,body3.어깨_팔꿈치_연결부_샤프트_260413_URDF@RightArm@HumanoidUpperBody,77.0
LA,2,+,body6_1,body6_1.C1_SWSPS12_6_10_URDF1@LeftArm@HumanoidUpperBody,RA,body3,body3.어깨_팔꿈치_연결부_샤프트_260413_URDF1@RightArm@HumanoidUpperBody,77.0
LA,2,+,body6_1,body6_1.C1_SWSPS12_6_10_URDF3@LeftArm@HumanoidUpperBody,RA,body3,body3.어깨_팔꿈치_연결부_샤프트_260413_URDF@RightArm@HumanoidUpperBody,77.0
LA,2,+,body6_1,body6_1.C1_SWSPS12_6_10_URDF3@LeftArm@HumanoidUpperBody,RA,body3,body3.어깨_팔꿈치_연결부_샤프트_260413_URDF1@RightArm@HumanoidUpperBody,77.0
LA,2,+,body6_1,body6_1.C1_Body111@LeftArm@HumanoidUpperBody,RA,body3,body3.어깨_팔꿈치_연결부_샤프트_260413_URDF@RightArm@HumanoidUpperBody,77.0
LA,2,+,body6_1,body6_1.C1_Body111@LeftArm@HumanoidUpperBody,RA,body3,body3.어깨_팔꿈치_연결부_샤프트_260413_URDF1@RightArm@HumanoidUpperBody,77.0
LA,2,+,body6_2,body6_2.C1_DBSY4_7_51@LeftArm@HumanoidUpperBody,RA,body3,body3.어깨_팔꿈치_연결부_샤프트_260413_URDF@RightArm@HumanoidUpperBody,77.0
LA,2,+,body6_2,body6_2.C1_DBSY4_7_51@LeftArm@HumanoidUpperBody,RA,body3,body3.어깨_팔꿈치_연결부_샤프트_260413_URDF1@RightArm@HumanoidUpperBody,77.0
LA,2,+,body6_2,body6_2.C1_SWSPS12_6_10_URDF1@LeftArm@HumanoidUpperBody,RA,body3,body3.어깨_팔꿈치_연결부_샤프트_260413_URDF@RightArm@HumanoidUpperBody,77.0
LA,2,+,body6_2,body6_2.C1_SWSPS12_6_10_URDF1@LeftArm@HumanoidUpperBody,RA,body3,body3.어깨_팔꿈치_연결부_샤프트_260413_URDF1@RightArm@HumanoidUpperBody,77.0
LA,2,+,body6_2,body6_2.C1_SWSPS12_6_10_URDF3@LeftArm@HumanoidUpperBody,RA,body3,body3.어깨_팔꿈치_연결부_샤프트_260413_URDF@RightArm@HumanoidUpperBody,77.0
LA,2,+,body6_2,body6_2.C1_SWSPS12_6_10_URDF3@LeftArm@HumanoidUpperBody,RA,body3,body3.어깨_팔꿈치_연결부_샤프트_260413_URDF1@RightArm@HumanoidUpperBody,77.0
LA,2,+,body6_2,body6_2.C1_Body111@LeftArm@HumanoidUpperBody,RA,body3,body3.어깨_팔꿈치_연결부_샤프트_260413_URDF@RightArm@HumanoidUpperBody,77.0
LA,2,+,body6_2,body6_2.C1_Body111@LeftArm@HumanoidUpperBody,RA,body3,body3.어깨_팔꿈치_연결부_샤프트_260413_URDF1@RightArm@HumanoidUpperBody,77.0
LA,2,+,body5,body5.손목_샤프트_260408_URDF1@LeftArm@HumanoidUpperBody,RA,body3,body3._________4@RightArm@HumanoidUpperBody,78.0
LA,2,+,body5,body5.손목_Yaw_01_URDF@LeftArm@HumanoidUpperBody,RA,body2,body2.어깨_Roll_Yaw_연결부_260422_URDF@RightArm@HumanoidUpperBody,78.0
LA,2,+,body5,body5.________11@LeftArm@HumanoidUpperBody,RA,body2,body2.어깨_Roll_Yaw_연결부_260422_URDF@RightArm@HumanoidUpperBody,78.0
LA,2,+,body4,body4.손목_Roll_체결부_260415_v2_URDF@LeftArm@HumanoidUpperBody,RA,body3,body3._________4@RightArm@HumanoidUpperBody,78.0
LA,2,+,body4,body4.NONE@LeftArm@HumanoidUpperBody,RA,body3,body3.________2@RightArm@HumanoidUpperBody,78.0
LA,2,+,body4,body4.NONE@LeftArm@HumanoidUpperBody,RA,body3,body3.____3@RightArm@HumanoidUpperBody,78.0
LA,2,+,body4,body4.팔꿈치_Pitch_회전부2_260427_URDF@LeftArm@HumanoidUpperBody,HumanoidUpperBody,base,base.C1_FWR50F_00_BFWR_F_B_GEH@HumanoidUpperBody,78.0
LA,2,+,body3,body3._________46@LeftArm@HumanoidUpperBody,HumanoidUpperBody,base,base.C2_SenkschraubeDIN7991_25x6x045@HumanoidUpperBody,78.0
LA,2,+,body3,body3.____2@LeftArm@HumanoidUpperBody,HumanoidUpperBody,base,base.C2_SenkschraubeDIN7991_25x6x045@HumanoidUpperBody,78.0
LA,2,+,body3,body3._________4@LeftArm@HumanoidUpperBody,HumanoidUpperBody,base,base.C2_SenkschraubeDIN7991_25x6x045@HumanoidUpperBody,78.0
LA,2,+,body3,body3._________12@LeftArm@HumanoidUpperBody,LA,body0,body0._________12@LeftArm@HumanoidUpperBody,78.0
LA,2,+,body3,body3.어깨_팔꿈치_연결부_260416_URDF@LeftArm@HumanoidUpperBody,HumanoidUpperBody,base,base.C1_FWR50F_00_BFWR_F_B_GEH@HumanoidUpperBody,78.0
LA,2,+,body6,body6.C1_손목_Pitch_링크고정부2_260408_URDF@LeftArm@HumanoidUpperBody,RA,body3,body3.어깨_팔꿈치_연결부_샤프트_260413_URDF2@RightArm@HumanoidUpperBody,79.0
LA,2,+,body6,body6.C1_손목_Pitch_링크고정부2_260408_URDF@LeftArm@HumanoidUpperBody,RA,body3,body3.어깨_팔꿈치_연결부_샤프트_260413_URDF3@RightArm@HumanoidUpperBody,79.0
LA,2,+,body6,body6.C1_________11@LeftArm@HumanoidUpperBody,RA,body3,body3.________2@RightArm@HumanoidUpperBody,79.0
LA,2,+,body6,body6.C1_________11@LeftArm@HumanoidUpperBody,RA,body3,body3.어깨_Yaw_체결부_260415_URDF@RightArm@HumanoidUpperBody,79.0
LA,2,+,body5,body5.손목_샤프트_260408_URDF@LeftArm@HumanoidUpperBody,RA,body3,body3.________2@RightArm@HumanoidUpperBody,79.0
LA,2,+,body5,body5.손목_샤프트_260408_URDF@LeftArm@HumanoidUpperBody,RA,body3,body3.어깨_Yaw_체결부_260415_URDF@RightArm@HumanoidUpperBody,79.0
LA,2,+,body5,body5.________11@LeftArm@HumanoidUpperBody,RA,body2,body2.어깨_Roll베어링_고정파트_URDF기본1@RightArm@HumanoidUpperBody,79.0
LA,2,+,body5,body5.NONE@LeftArm@HumanoidUpperBody,RA,body3,body3._________12@RightArm@HumanoidUpperBody,79.0
LA,2,+,body5,body5.NONE@LeftArm@HumanoidUpperBody,RA,body2,body2.어깨_Roll_Yaw_연결부_260422_URDF@RightArm@HumanoidUpperBody,79.0
LA,2,+,body4,body4.NONE@LeftArm@HumanoidUpperBody,RA,body3,body3._________4@RightArm@HumanoidUpperBody,79.0
LA,2,+,body4,body4.________11@LeftArm@HumanoidUpperBody,RA,body3,body3.________2@RightArm@HumanoidUpperBody,79.0
LA,2,+,body4,body4.________11@LeftArm@HumanoidUpperBody,RA,body3,body3.____3@RightArm@HumanoidUpperBody,79.0
LA,2,+,body4,body4.________11@LeftArm@HumanoidUpperBody,RA,body3,body3.어깨_Yaw_체결부_260415_URDF@RightArm@HumanoidUpperBody,79.0
LA,2,+,body4,body4.팔꿈치_Pitchl베어링_고정파트_URDF기본@LeftArm@HumanoidUpperBody,RA,body0,body0.어깨_Pitch_고정부_B_260529_URDF@RightArm@HumanoidUpperBody,79.0
LA,2,+,body4,body4.팔꿈치_Pitchl베어링_고정파트_URDF기본1@LeftArm@HumanoidUpperBody,RA,body0,body0.어깨_Pitch_고정부_B_260529_URDF@RightArm@HumanoidUpperBody,79.0
LA,2,+,body4,body4.팔꿈치_Pitch_회전부2_260427_URDF@LeftArm@HumanoidUpperBody,HumanoidUpperBody,base,base.C1_ImportedSolid_1437601@HumanoidUpperBody,79.0
LA,2,+,body4,body4.팔꿈치_Pitch_회전부2_260427_URDF@LeftArm@HumanoidUpperBody,HumanoidUpperBody,base,base.C1_FWR50L_00_B_0FWR_F_B_GEH@HumanoidUpperBody,79.0
LA,2,+,body4,body4.팔꿈치_Pitch_회전부2_260427_URDF@LeftArm@HumanoidUpperBody,RA,body0,body0.어깨_Pitch_고정부_B_260529_URDF@RightArm@HumanoidUpperBody,79.0
LA,2,+,body3,body3.팔꿈치_스토퍼_260424_URDF@LeftArm@HumanoidUpperBody,HumanoidUpperBody,base,base.C1_FWR50L_00_B_0FWR_F_B_GEH@HumanoidUpperBody,79.0
LA,2,+,body3,body3.팔꿈치_스토퍼_260424_URDF@LeftArm@HumanoidUpperBody,HumanoidUpperBody,base,base.C1_FWR50F_00_BFWR_F_B_GEH@HumanoidUpperBody,79.0
LA,2,+,body3,body3.어깨_Yaw_팔꿈치_연결부_B_260423_URDF@LeftArm@HumanoidUpperBody,HumanoidUpperBody,base,base.C1_SenkschraubeDIN7991_25x6x045@HumanoidUpperBody,79.0
LA,2,+,body3,body3.어깨_Yaw_팔꿈치_연결부_B_260423_URDF@LeftArm@HumanoidUpperBody,HumanoidUpperBody,base,base.C1_Body_Part21_수정본@HumanoidUpperBody,79.0
LA,2,+,body3,body3.팔꿈치_끝단베어링_체결부_260417_URDF@LeftArm@HumanoidUpperBody,HumanoidUpperBody,base,base.C1_GewindestiftDIN914_3x6x052@HumanoidUpperBody,79.0
LA,2,+,body3,body3.팔꿈치_끝단베어링_체결부_260417_URDF@LeftArm@HumanoidUpperBody,HumanoidUpperBody,base,base.C2_GewindestiftDIN914_3x6x051@HumanoidUpperBody,79.0
LA,2,+,body3,body3.어깨_팔꿈치_연결부_260416_URDF@LeftArm@HumanoidUpperBody,HumanoidUpperBody,base,base.C1_FWR50L_00_B_0FWR_F_B_GEH@HumanoidUpperBody,79.0
LA,2,+,body3,body3.NONE@LeftArm@HumanoidUpperBody,HumanoidUpperBody,base,base.C1_Body_Part21_수정본@HumanoidUpperBody,79.0
LA,2,+,body3,body3.________11@LeftArm@HumanoidUpperBody,HumanoidUpperBody,base,base.C2_Body_Part19_260515@HumanoidUpperBody,79.0
LA,2,+,body6,body6.C1_손목_Pitch_링크고정부_260415_URDF@LeftArm@HumanoidUpperBody,RA,body3,body3.____3@RightArm@HumanoidUpperBody,80.0
LA,2,+,body5,body5.손목_샤프트_260408_URDF@LeftArm@HumanoidUpperBody,RA,body3,body3.____mm_______1@RightArm@HumanoidUpperBody,80.0
LA,2,+,body5,body5.손목_샤프트_260408_URDF1@LeftArm@HumanoidUpperBody,RA,body3,body3.____3@RightArm@HumanoidUpperBody,80.0
LA,2,+,body5,body5.________11@LeftArm@HumanoidUpperBody,RA,body2,body2.어깨_Roll베어링_고정파트_URDF기본@RightArm@HumanoidUpperBody,80.0
LA,2,+,body5,body5.손목_Roll_회전부_260409_v2_URDF@LeftArm@HumanoidUpperBody,RA,body3,body3.____mm_______1@RightArm@HumanoidUpperBody,80.0
LA,2,+,body4,body4.________11@LeftArm@HumanoidUpperBody,RA,body3,body3._________4@RightArm@HumanoidUpperBody,80.0
LA,2,+,body4,body4.팔꿈치_Pitchl베어링_고정파트_URDF기본@LeftArm@HumanoidUpperBody,RA,body0,body0._________46@RightArm@HumanoidUpperBody,80.0
LA,2,+,body4,body4.팔꿈치_Pitchl베어링_고정파트_URDF기본@LeftArm@HumanoidUpperBody,RA,body0,body0.____2@RightArm@HumanoidUpperBody,80.0
LA,2,+,body4,body4.팔꿈치_Pitchl베어링_고정파트_URDF기본1@LeftArm@HumanoidUpperBody,RA,body0,body0._________46@RightArm@HumanoidUpperBody,80.0
LA,2,+,body4,body4.팔꿈치_Pitchl베어링_고정파트_URDF기본1@LeftArm@HumanoidUpperBody,RA,body0,body0.____2@RightArm@HumanoidUpperBody,80.0
LA,2,+,body4,body4.팔꿈치_Pitch_회전부2_260427_URDF@LeftArm@HumanoidUpperBody,HumanoidUpperBody,base,base.C1_GewindestiftDIN913_4x4x07@HumanoidUpperBody,80.0
LA,2,+,body4,body4.팔꿈치_Pitch_회전부2_260427_URDF@LeftArm@HumanoidUpperBody,RA,body0,body0.____2@RightArm@HumanoidUpperBody,80.0
LA,2,+,body3,body3.어깨_Yaw_팔꿈치_연결부_B_260423_URDF@LeftArm@HumanoidUpperBody,HumanoidUpperBody,base,base.C1_ImportedSolid_143759_halter@HumanoidUpperBody,80.0
LA,2,+,body3,body3.어깨_팔꿈치_연결부_260416_URDF@LeftArm@HumanoidUpperBody,HumanoidUpperBody,base,base.C1_____1@HumanoidUpperBody,80.0
LA,2,+,body3,body3.NONE@LeftArm@HumanoidUpperBody,HumanoidUpperBody,base,base.C1_ImportedSolid_1437601@HumanoidUpperBody,80.0
LA,2,+,body3,body3.NONE@LeftArm@HumanoidUpperBody,HumanoidUpperBody,base,base.C1_FWR50F_00_BFWR_F_B_GEH@HumanoidUpperBody,80.0
LA,2,+,body6_1,body6_1.C1_손목_Yaw_링크_260420_Right@LeftArm@HumanoidUpperBody,RA,body3,body3.어깨_팔꿈치_연결부_샤프트_260413_URDF2@RightArm@HumanoidUpperBody,80.0
LA,2,+,body6_1,body6_1.C1_손목_Yaw_링크_260420_Right@LeftArm@HumanoidUpperBody,RA,body3,body3.어깨_팔꿈치_연결부_샤프트_260413_URDF3@RightArm@HumanoidUpperBody,80.0
LA,2,+,body6_2,body6_2.C1_손목_Yaw_회전부_260420_URDF@LeftArm@HumanoidUpperBody,RA,body2,body2.어깨_Roll_Yaw_연결부_260422_URDF@RightArm@HumanoidUpperBody,80.0
LA,2,+,body6,body6.C1_손목_Pitch_링크고정부_260415_URDF@LeftArm@HumanoidUpperBody,RA,body3,body3.________2@RightArm@HumanoidUpperBody,81.0
LA,2,+,body6,body6.C1_손목_Pitch_링크고정부_260415_URDF@LeftArm@HumanoidUpperBody,RA,body3,body3.어깨_Yaw_체결부_260415_URDF@RightArm@HumanoidUpperBody,81.0
LA,2,+,body5,body5.손목_샤프트_260408_URDF1@LeftArm@HumanoidUpperBody,RA,body3,body3.________2@RightArm@HumanoidUpperBody,81.0
LA,2,+,body5,body5.손목_샤프트_260408_URDF1@LeftArm@HumanoidUpperBody,RA,body3,body3.어깨_Yaw_체결부_260415_URDF@RightArm@HumanoidUpperBody,81.0
LA,2,+,body5,body5.손목_Roll_회전부_260409_v2_URDF@LeftArm@HumanoidUpperBody,RA,body2,body2.어깨_Roll베어링_고정파트_URDF기본1@RightArm@HumanoidUpperBody,81.0
LA,2,+,body4,body4.손목_Roll_체결부_260415_v2_URDF@LeftArm@HumanoidUpperBody,RA,body2,body2.어깨_Roll베어링_고정파트_URDF기본1@RightArm@HumanoidUpperBody,81.0
LA,2,+,body4,body4.팔꿈치_Pitch_회전부2_260427_URDF@LeftArm@HumanoidUpperBody,HumanoidUpperBody,base,base.C1_ImportedSolid_121888B@HumanoidUpperBody,81.0
LA,2,+,body4,body4.팔꿈치_Pitch_회전부2_260427_URDF@LeftArm@HumanoidUpperBody,RA,body0,body0._________46@RightArm@HumanoidUpperBody,81.0
LA,2,+,body4,body4.팔꿈치_Pitch_회전부2_260427_URDF@LeftArm@HumanoidUpperBody,RA,body0,body0._________4@RightArm@HumanoidUpperBody,81.0
LA,2,+,body3,body3.팔꿈치_스토퍼_260424_URDF@LeftArm@HumanoidUpperBody,HumanoidUpperBody,base,base.C2_GewindestiftDIN914_3x6x05@HumanoidUpperBody,81.0
LA,2,+,body3,body3.어깨_팔꿈치_연결부_샤프트_260413_URDF1@LeftArm@HumanoidUpperBody,HumanoidUpperBody,base,base.C3_CDST001801@HumanoidUpperBody,81.0
LA,2,+,body3,body3.어깨_팔꿈치_연결부_샤프트_260413_URDF2@LeftArm@HumanoidUpperBody,HumanoidUpperBody,base,base.C3_CDST001801@HumanoidUpperBody,81.0
LA,2,+,body3,body3.NONE@LeftArm@HumanoidUpperBody,HumanoidUpperBody,base,base.C1_FWR50L_00_B_0FWR_F_B_GEH@HumanoidUpperBody,81.0
LA,2,+,body3,body3.NONE@LeftArm@HumanoidUpperBody,RA,body0,body0.어깨_Pitch_고정부_B_260529_URDF@RightArm@HumanoidUpperBody,81.0
LA,2,+,body5,body5.손목_샤프트_260408_URDF@LeftArm@HumanoidUpperBody,RA,body2,body2.어깨_Roll베어링_고정파트_URDF기본@RightArm@HumanoidUpperBody,82.0
LA,2,+,body5,body5.손목_Yaw_01_URDF@LeftArm@HumanoidUpperBody,RA,body3,body3._________1@RightArm@HumanoidUpperBody,82.0
LA,2,+,body4,body4.팔꿈치_손목_연결부_샤프트_260413_URDF1@LeftArm@HumanoidUpperBody,RA,body0,body0._________4@RightArm@HumanoidUpperBody,82.0
LA,2,+,body4,body4.팔꿈치_손목_연결부_샤프트_260413_URDF3@LeftArm@HumanoidUpperBody,RA,body0,body0._________4@RightArm@HumanoidUpperBody,82.0
LA,2,+,body4,body4.팔꿈치_Pitch_회전부3_260422_URDF@LeftArm@HumanoidUpperBody,RA,body0,body0._________4@RightArm@HumanoidUpperBody,82.0
LA,2,+,body3,body3._________11@LeftArm@HumanoidUpperBody,LA,body0,body0._________4@LeftArm@HumanoidUpperBody,82.0
LA,2,+,body3,body3.팔꿈치_스토퍼_260424_URDF@LeftArm@HumanoidUpperBody,HumanoidUpperBody,base,base.C2_GewindestiftDIN914_3x6x051@HumanoidUpperBody,82.0
LA,2,+,body3,body3.어깨_팔꿈치_연결부_샤프트_260413_URDF@LeftArm@HumanoidUpperBody,HumanoidUpperBody,base,base.C1_Body_Part19_260515@HumanoidUpperBody,82.0
LA,2,+,body3,body3.어깨_팔꿈치_연결부_260416_URDF@LeftArm@HumanoidUpperBody,HumanoidUpperBody,base,base.C1_____11@HumanoidUpperBody,82.0
LA,2,+,body3,body3.어깨_팔꿈치_연결부_샤프트_260413_URDF3@LeftArm@HumanoidUpperBody,HumanoidUpperBody,base,base.C1_Body_Part19_260515@HumanoidUpperBody,82.0
LA,2,+,body3,body3.NONE@LeftArm@HumanoidUpperBody,HumanoidUpperBody,base,base.C1_GewindestiftDIN913_4x4x07@HumanoidUpperBody,82.0
LA,2,+,body5,body5.손목_샤프트_260408_URDF1@LeftArm@HumanoidUpperBody,RA,body3,body3.____mm_______1@RightArm@HumanoidUpperBody,83.0
LA,2,+,body4,body4.NONE@LeftArm@HumanoidUpperBody,RA,body2,body2.어깨_Roll베어링_고정파트_URDF기본1@RightArm@HumanoidUpperBody,83.0
LA,2,+,body4,body4.NONE@LeftArm@HumanoidUpperBody,RA,body0,body0.어깨_Pitch_고정부_A_260423_URDF@RightArm@HumanoidUpperBody,83.0
LA,2,+,body4,body4.NONE@LeftArm@HumanoidUpperBody,RA,body0,body0._________4@RightArm@HumanoidUpperBody,83.0
LA,2,+,body4,body4.NONE@LeftArm@HumanoidUpperBody,RA,body0,body0.________2@RightArm@HumanoidUpperBody,83.0
LA,2,+,body4,body4.NONE@LeftArm@HumanoidUpperBody,RA,body0,body0.____3@RightArm@HumanoidUpperBody,83.0
LA,2,+,body4,body4.팔꿈치_손목_연결부_샤프트_260413_URDF1@LeftArm@HumanoidUpperBody,RA,body0,body0.____3@RightArm@HumanoidUpperBody,83.0
LA,2,+,body4,body4.팔꿈치_손목_연결부_샤프트_260413_URDF3@LeftArm@HumanoidUpperBody,RA,body0,body0.____3@RightArm@HumanoidUpperBody,83.0
LA,2,+,body3,body3.어깨_Yaw_체결부_260415_URDF@LeftArm@HumanoidUpperBody,LA,body0,body0._________1@LeftArm@HumanoidUpperBody,83.0
LA,2,+,body3,body3.어깨_Yaw_팔꿈치_연결부_B_260423_URDF@LeftArm@HumanoidUpperBody,HumanoidUpperBody,base,base.C1_ImportedSolid_143760@HumanoidUpperBody,83.0
LA,2,+,body3,body3.어깨_Yaw_팔꿈치_연결부_B_260423_URDF@LeftArm@HumanoidUpperBody,HumanoidUpperBody,base,base.C1_GewindestiftDIN914_3x6x053@HumanoidUpperBody,83.0
LA,2,+,body3,body3.어깨_Yaw_팔꿈치_연결부_B_260423_URDF@LeftArm@HumanoidUpperBody,HumanoidUpperBody,base,base.C2_GewindestiftDIN914_3x6x052@HumanoidUpperBody,83.0
LA,2,+,body3,body3.어깨_Yaw_팔꿈치_연결부_B_260423_URDF@LeftArm@HumanoidUpperBody,HumanoidUpperBody,base,base.C2_CDST00180@HumanoidUpperBody,83.0
LA,2,+,body3,body3.팔꿈치_끝단베어링_체결부_260417_URDF@LeftArm@HumanoidUpperBody,HumanoidUpperBody,base,base.C1_ImportedSolid_143759_halter@HumanoidUpperBody,83.0
LA,2,+,body3,body3.NONE@LeftArm@HumanoidUpperBody,HumanoidUpperBody,base,base.C1_GewindestiftDIN914_3x6x05@HumanoidUpperBody,83.0
LA,2,+,body3,body3.NONE@LeftArm@HumanoidUpperBody,HumanoidUpperBody,base,base.C1_ImportedSolid_121888B@HumanoidUpperBody,83.0
LA,2,+,body3,body3.NONE@LeftArm@HumanoidUpperBody,HumanoidUpperBody,base,base.C2_GewindestiftDIN914_3x6x05@HumanoidUpperBody,83.0
LA,2,+,body3,body3.________11@LeftArm@HumanoidUpperBody,HumanoidUpperBody,base,base.C1_Body_Part21_수정본@HumanoidUpperBody,83.0
LA,2,+,body3,body3.어깨_Yaw_팔꿈치_연결부_260423_URDF@LeftArm@HumanoidUpperBody,HumanoidUpperBody,base,base.C2_Body_Part19_260515@HumanoidUpperBody,83.0
LA,2,+,body6_2,body6_2.C1_손목_Yaw_회전부_260420_URDF@LeftArm@HumanoidUpperBody,RA,body3,body3._________11@RightArm@HumanoidUpperBody,83.0
LA,2,+,body5,body5.손목_샤프트_260408_URDF1@LeftArm@HumanoidUpperBody,RA,body2,body2.어깨_Roll베어링_고정파트_URDF기본@RightArm@HumanoidUpperBody,84.0
LA,2,+,body5,body5.손목_Roll_회전부3_260526_v2_URDF@LeftArm@HumanoidUpperBody,RA,body2,body2.어깨_Roll_베어링_연결부_260423_URDF@RightArm@HumanoidUpperBody,84.0
LA,2,+,body5,body5.손목_Roll_회전부_260409_v2_URDF@LeftArm@HumanoidUpperBody,RA,body2,body2.어깨_Roll_Yaw_연결부_260422_URDF@RightArm@HumanoidUpperBody,84.0
LA,2,+,body4,body4.________11@LeftArm@HumanoidUpperBody,RA,body2,body2.어깨_Roll베어링_고정파트_URDF기본1@RightArm@HumanoidUpperBody,84.0
LA,2,+,body4,body4.팔꿈치_손목_연결부_샤프트_260413_URDF1@LeftArm@HumanoidUpperBody,RA,body0,body0.어깨_Pitch_고정부_A_260423_URDF@RightArm@HumanoidUpperBody,84.0
LA,2,+,body4,body4.팔꿈치_손목_연결부_샤프트_260413_URDF1@LeftArm@HumanoidUpperBody,RA,body0,body0.________2@RightArm@HumanoidUpperBody,84.0
LA,2,+,body4,body4.팔꿈치_손목_연결부_샤프트_260413_URDF3@LeftArm@HumanoidUpperBody,RA,body0,body0.어깨_Pitch_고정부_A_260423_URDF@RightArm@HumanoidUpperBody,84.0
LA,2,+,body4,body4.팔꿈치_손목_연결부_샤프트_260413_URDF3@LeftArm@HumanoidUpperBody,RA,body0,body0.________2@RightArm@HumanoidUpperBody,84.0
LA,2,+,body4,body4.팔꿈치_Pitch_회전부2_260427_URDF@LeftArm@HumanoidUpperBody,HumanoidUpperBody,base,base.C1_CDST00180@HumanoidUpperBody,84.0
LA,2,+,body4,body4.팔꿈치_Pitch_회전부2_260427_URDF@LeftArm@HumanoidUpperBody,HumanoidUpperBody,base,base.C1_SenkschraubeDIN7991_25x6x045@HumanoidUpperBody,84.0
LA,2,+,body3,body3.어깨_팔꿈치_연결부_260416_URDF@LeftArm@HumanoidUpperBody,HumanoidUpperBody,base,base.C1_SenkschraubeDIN7991_25x6x045@HumanoidUpperBody,84.0
LA,2,+,body3,body3.NONE@LeftArm@HumanoidUpperBody,HumanoidUpperBody,base,base.C2_GewindestiftDIN914_3x6x051@HumanoidUpperBody,84.0
LA,2,+,body3,body3.NONE@LeftArm@HumanoidUpperBody,HumanoidUpperBody,base,base.C2_CDST001801@HumanoidUpperBody,84.0
LA,2,+,body3,body3.________11@LeftArm@HumanoidUpperBody,HumanoidUpperBody,base,base.C1_ImportedSolid_1437601@HumanoidUpperBody,84.0
LA,2,+,body3,body3.________11@LeftArm@HumanoidUpperBody,HumanoidUpperBody,base,base.C1_FWR50F_00_BFWR_F_B_GEH@HumanoidUpperBody,84.0
LA,2,+,body3,body3.________11@LeftArm@HumanoidUpperBody,RA,body0,body0.어깨_Pitch_고정부_B_260529_URDF@RightArm@HumanoidUpperBody,84.0
LA,2,+,body5,body5.손목_Roll_회전부2_260409_v2_URDF@LeftArm@HumanoidUpperBody,RA,body2,body2.어깨_Roll_연결부_260423_URDF@RightArm@HumanoidUpperBody,85.0
LA,2,+,body4,body4.NONE@LeftArm@HumanoidUpperBody,RA,body2,body2.어깨_Roll_베어링_연결부_260423_URDF@RightArm@HumanoidUpperBody,85.0
LA,2,+,body4,body4.NONE@LeftArm@HumanoidUpperBody,RA,body1,body1.어깨_Pitch_회전부_260423_Right_어깨양단지지_URDF@RightArm@HumanoidUpperBody,85.0
LA,2,+,body4,body4.NONE@LeftArm@HumanoidUpperBody,RA,body0,body0.____mm_______1@RightArm@HumanoidUpperBody,85.0
LA,2,+,body4,body4.________11@LeftArm@HumanoidUpperBody,RA,body0,body0.어깨_Pitch_고정부_A_260423_URDF@RightArm@HumanoidUpperBody,85.0
LA,2,+,body4,body4.________11@LeftArm@HumanoidUpperBody,RA,body0,body0.________2@RightArm@HumanoidUpperBody,85.0
LA,2,+,body4,body4.________11@LeftArm@HumanoidUpperBody,RA,body0,body0.____3@RightArm@HumanoidUpperBody,85.0
LA,2,+,body4,body4.팔꿈치_Pitchl베어링_고정파트_URDF기본@LeftArm@HumanoidUpperBody,RA,body0,body0._________4@RightArm@HumanoidUpperBody,85.0
LA,2,+,body4,body4.팔꿈치_Pitchl베어링_고정파트_URDF기본1@LeftArm@HumanoidUpperBody,RA,body0,body0._________4@RightArm@HumanoidUpperBody,85.0
LA,2,+,body4,body4.팔꿈치_손목_연결부_샤프트_260413_URDF1@LeftArm@HumanoidUpperBody,RA,body1,body1.어깨_Pitch_회전부_260423_Right_어깨양단지지_URDF@RightArm@HumanoidUpperBody,85.0
LA,2,+,body4,body4.팔꿈치_손목_연결부_샤프트_260413_URDF3@LeftArm@HumanoidUpperBody,RA,body1,body1.어깨_Pitch_회전부_260423_Right_어깨양단지지_URDF@RightArm@HumanoidUpperBody,85.0
LA,2,+,body4,body4.팔꿈치_Pitch_회전부2_260427_URDF@LeftArm@HumanoidUpperBody,HumanoidUpperBody,base,base.C1_GewindestiftDIN913_5x5x08@HumanoidUpperBody,85.0
LA,2,+,body3,body3.____3@LeftArm@HumanoidUpperBody,LA,body0,body0._________1@LeftArm@HumanoidUpperBody,85.0
LA,2,+,body3,body3.팔꿈치_스토퍼_260424_URDF@LeftArm@HumanoidUpperBody,HumanoidUpperBody,base,base.C1_ImportedSolid_143759_halter@HumanoidUpperBody,85.0
LA,2,+,body3,body3.어깨_Yaw_팔꿈치_연결부_B_260423_URDF@LeftArm@HumanoidUpperBody,HumanoidUpperBody,base,base.C1_GewindestiftDIN914_3x6x051@HumanoidUpperBody,85.0
LA,2,+,body3,body3.어깨_Yaw_팔꿈치_연결부_B_260423_URDF@LeftArm@HumanoidUpperBody,HumanoidUpperBody,base,base.C2_GewindestiftDIN914_3x6x053@HumanoidUpperBody,85.0
LA,2,+,body3,body3.팔꿈치_끝단베어링_체결부_260417_URDF@LeftArm@HumanoidUpperBody,HumanoidUpperBody,base,base.C1_ImportedSolid_143760@HumanoidUpperBody,85.0
LA,2,+,body3,body3.팔꿈치_끝단베어링_체결부_260417_URDF@LeftArm@HumanoidUpperBody,HumanoidUpperBody,base,base.C1_GewindestiftDIN914_3x6x053@HumanoidUpperBody,85.0
LA,2,+,body3,body3.NONE@LeftArm@HumanoidUpperBody,HumanoidUpperBody,base,base.C1_GewindestiftDIN914_3x6x052@HumanoidUpperBody,85.0
LA,2,+,body3,body3.________11@LeftArm@HumanoidUpperBody,HumanoidUpperBody,base,base.C1_FWR50L_00_B_0FWR_F_B_GEH@HumanoidUpperBody,85.0
LA,2,+,body3,body3.________11@LeftArm@HumanoidUpperBody,HumanoidUpperBody,base,base.C1_GewindestiftDIN913_4x4x07@HumanoidUpperBody,85.0
LA,2,+,body4,body4.손목_Roll_체결부_260415_v2_URDF@LeftArm@HumanoidUpperBody,RA,body2,body2.어깨_Roll_연결부_260423_URDF@RightArm@HumanoidUpperBody,86.0
LA,2,+,body4,body4.손목_Roll_체결부_260415_v2_URDF@LeftArm@HumanoidUpperBody,RA,body2,body2.어깨_Roll_베어링_연결부_260423_URDF@RightArm@HumanoidUpperBody,86.0
LA,2,+,body4,body4.NONE@LeftArm@HumanoidUpperBody,RA,body2,body2.어깨_Roll_연결부_260423_URDF@RightArm@HumanoidUpperBody,86.0
LA,2,+,body4,body4.NONE@LeftArm@HumanoidUpperBody,RA,body0,body0._________11@RightArm@HumanoidUpperBody,86.0
LA,2,+,body4,body4.________11@LeftArm@HumanoidUpperBody,RA,body1,body1.어깨_Pitch_회전부_260423_Right_어깨양단지지_URDF@RightArm@HumanoidUpperBody,86.0
LA,2,+,body4,body4.팔꿈치_손목_연결부_샤프트_260413_URDF1@LeftArm@HumanoidUpperBody,RA,body2,body2.어깨_Roll_베어링_연결부_260423_URDF@RightArm@HumanoidUpperBody,86.0
LA,2,+,body4,body4.팔꿈치_손목_연결부_샤프트_260413_URDF1@LeftArm@HumanoidUpperBody,RA,body0,body0._________11@RightArm@HumanoidUpperBody,86.0
LA,2,+,body4,body4.팔꿈치_손목_연결부_샤프트_260413_URDF1@LeftArm@HumanoidUpperBody,RA,body0,body0.____mm_______1@RightArm@HumanoidUpperBody,86.0
LA,2,+,body4,body4.팔꿈치_손목_연결부_샤프트_260413_URDF3@LeftArm@HumanoidUpperBody,RA,body2,body2.어깨_Roll_연결부_260423_URDF@RightArm@HumanoidUpperBody,86.0
LA,2,+,body4,body4.팔꿈치_손목_연결부_샤프트_260413_URDF3@LeftArm@HumanoidUpperBody,RA,body0,body0.____mm_______1@RightArm@HumanoidUpperBody,86.0
LA,2,+,body4,body4.팔꿈치_Pitch_회전부2_260427_URDF@LeftArm@HumanoidUpperBody,RA,body0,body0._________12@RightArm@HumanoidUpperBody,86.0
LA,2,+,body3,body3.베어링_6708U_H_URDF@LeftArm@HumanoidUpperBody,HumanoidUpperBody,base,base.C1_ImportedSolid_143760@HumanoidUpperBody,86.0
LA,2,+,body3,body3.____2@LeftArm@HumanoidUpperBody,HumanoidUpperBody,base,base.C2_GewindestiftDIN913_4x4x07@HumanoidUpperBody,86.0
LA,2,+,body3,body3._________4@LeftArm@HumanoidUpperBody,HumanoidUpperBody,base,base.C2_GewindestiftDIN913_4x4x07@HumanoidUpperBody,86.0
LA,2,+,body3,body3.팔꿈치_끝단베어링_체결부_260417_URDF@LeftArm@HumanoidUpperBody,HumanoidUpperBody,base,base.C1_GewindestiftDIN914_3x6x051@HumanoidUpperBody,86.0
LA,2,+,body3,body3.팔꿈치_끝단베어링_체결부_260417_URDF@LeftArm@HumanoidUpperBody,HumanoidUpperBody,base,base.C1_ImportedSolid_121888A@HumanoidUpperBody,86.0
LA,2,+,body3,body3.어깨_팔꿈치_연결부_260416_URDF@LeftArm@HumanoidUpperBody,HumanoidUpperBody,base,base.C3__________1@HumanoidUpperBody,86.0
LA,2,+,body3,body3.NONE@LeftArm@HumanoidUpperBody,HumanoidUpperBody,base,base.C1_GewindestiftDIN913_5x5x08@HumanoidUpperBody,86.0
LA,2,+,body3,body3.NONE@LeftArm@HumanoidUpperBody,HumanoidUpperBody,base,base.C1_CDST00180@HumanoidUpperBody,86.0
LA,2,+,body3,body3.NONE@LeftArm@HumanoidUpperBody,HumanoidUpperBody,base,base.C1_SenkschraubeDIN7991_25x6x045@HumanoidUpperBody,86.0
LA,2,+,body3,body3.NONE@LeftArm@HumanoidUpperBody,RA,body0,body0.____2@RightArm@HumanoidUpperBody,86.0
LA,2,+,body3,body3.________11@LeftArm@HumanoidUpperBody,HumanoidUpperBody,base,base.C1_ImportedSolid_121888B@HumanoidUpperBody,86.0
LA,2,+,body3,body3.어깨_Yaw_팔꿈치_연결부_260423_URDF@LeftArm@HumanoidUpperBody,HumanoidUpperBody,base,base.C1_FWR50F_00_BFWR_F_B_GEH@HumanoidUpperBody,86.0
LA,2,+,body2,body2.어깨_Roll베어링_고정파트_URDF기본@LeftArm@HumanoidUpperBody,LA,body0,body0._________12@LeftArm@HumanoidUpperBody,86.0
LA,2,+,body5,body5.손목_Yaw_01_URDF@LeftArm@HumanoidUpperBody,RA,body1,body1._________1@RightArm@HumanoidUpperBody,87.0
LA,2,+,body5,body5.손목_Roll_회전부3_260526_v2_URDF@LeftArm@HumanoidUpperBody,RA,body1,body1._________4@RightArm@HumanoidUpperBody,87.0
LA,2,+,body5,body5.손목_Roll_회전부2_260409_v2_URDF@LeftArm@HumanoidUpperBody,RA,body1,body1._________4@RightArm@HumanoidUpperBody,87.0
LA,2,+,body5,body5.손목_Roll_회전부2_260409_v2_URDF@LeftArm@HumanoidUpperBody,RA,body1,body1.____3@RightArm@HumanoidUpperBody,87.0
LA,2,+,body4,body4.NONE@LeftArm@HumanoidUpperBody,RA,body0,body0._________12@RightArm@HumanoidUpperBody,87.0
LA,2,+,body4,body4.________11@LeftArm@HumanoidUpperBody,RA,body2,body2.어깨_Roll_연결부_260423_URDF@RightArm@HumanoidUpperBody,87.0
LA,2,+,body4,body4.________11@LeftArm@HumanoidUpperBody,RA,body2,body2.어깨_Roll_베어링_연결부_260423_URDF@RightArm@HumanoidUpperBody,87.0
LA,2,+,body4,body4.________11@LeftArm@HumanoidUpperBody,RA,body0,body0.____mm_______1@RightArm@HumanoidUpperBody,87.0
LA,2,+,body4,body4.팔꿈치_Pitch_회전부3_260422_URDF@LeftArm@HumanoidUpperBody,RA,body0,body0._________12@RightArm@HumanoidUpperBody,87.0
LA,2,+,body4,body4.팔꿈치_Pitch_회전부2_260427_URDF@LeftArm@HumanoidUpperBody,HumanoidUpperBody,base,base.C1_CDST001801@HumanoidUpperBody,87.0
LA,2,+,body3,body3.베어링_6708U_H_URDF@LeftArm@HumanoidUpperBody,HumanoidUpperBody,base,base.C1_ImportedSolid_121888A@HumanoidUpperBody,87.0
LA,2,+,body3,body3.어깨_Yaw_팔꿈치_연결부_B_260423_URDF@LeftArm@HumanoidUpperBody,HumanoidUpperBody,base,base.C1_GewindestiftDIN913_4x4x071@HumanoidUpperBody,87.0
LA,2,+,body3,body3.NONE@LeftArm@HumanoidUpperBody,HumanoidUpperBody,base,base.C1_ImportedSolid_143759_halter@HumanoidUpperBody,87.0
LA,2,+,body3,body3.어깨_Yaw_팔꿈치_연결부_260423_URDF@LeftArm@HumanoidUpperBody,HumanoidUpperBody,base,base.C1_FWR50L_00_B_0FWR_F_B_GEH@HumanoidUpperBody,87.0
LA,2,+,body5,body5.손목_Yaw_01_URDF@LeftArm@HumanoidUpperBody,RA,body2,body2.어깨_Roll_연결부_260423_URDF@RightArm@HumanoidUpperBody,88.0
LA,2,+,body5,body5.손목_Roll_회전부3_260526_v2_URDF@LeftArm@HumanoidUpperBody,RA,body1,body1.베어링_6809_URDF@RightArm@HumanoidUpperBody,88.0
LA,2,+,body5,body5.손목_Roll_회전부3_260526_v2_URDF@LeftArm@HumanoidUpperBody,RA,body1,body1.어깨_Pitch_고정연결부_260423_Right_어깨양단지지_B_URDF@RightArm@HumanoidUpperBody,88.0
LA,2,+,body5,body5.손목_Roll_회전부3_260526_v2_URDF@LeftArm@HumanoidUpperBody,RA,body1,body1.어깨_Pitch_고정연결부_260423_Right_어깨양단지지_B_URDF1@RightArm@HumanoidUpperBody,88.0
LA,2,+,body5,body5.손목_Roll_회전부3_260526_v2_URDF@LeftArm@HumanoidUpperBody,RA,body1,body1._________46@RightArm@HumanoidUpperBody,88.0
LA,2,+,body5,body5.손목_Roll_회전부3_260526_v2_URDF@LeftArm@HumanoidUpperBody,RA,body1,body1.____2@RightArm@HumanoidUpperBody,88.0
LA,2,+,body5,body5.손목_Roll_회전부2_260409_v2_URDF@LeftArm@HumanoidUpperBody,RA,body1,body1.어깨_Pitch_고정연결부_260423_A_URDF@RightArm@HumanoidUpperBody,88.0
LA,2,+,body5,body5.손목_Roll_회전부2_260409_v2_URDF@LeftArm@HumanoidUpperBody,RA,body1,body1.________2@RightArm@HumanoidUpperBody,88.0
LA,2,+,body5,body5.손목_Roll_회전부2_260409_v2_URDF@LeftArm@HumanoidUpperBody,RA,body1,body1.____mm_______1@RightArm@HumanoidUpperBody,88.0
LA,2,+,body5,body5.________11@LeftArm@HumanoidUpperBody,RA,body2,body2.어깨_Roll_연결부_260423_URDF@RightArm@HumanoidUpperBody,88.0
LA,2,+,body5,body5.________11@LeftArm@HumanoidUpperBody,RA,body2,body2.어깨_Roll_베어링_연결부_260423_URDF@RightArm@HumanoidUpperBody,88.0
LA,2,+,body4,body4.팔꿈치_Pitch_회전부2_260427_URDF@LeftArm@HumanoidUpperBody,HumanoidUpperBody,base,base.C1_GewindestiftDIN913_5x5x081@HumanoidUpperBody,88.0
LA,2,+,body3,body3.어깨_팔꿈치_연결부_샤프트_260413_URDF@LeftArm@HumanoidUpperBody,HumanoidUpperBody,base,base.C2_Body_Part21_수정본@HumanoidUpperBody,88.0
LA,2,+,body3,body3.어깨_Yaw_팔꿈치_연결부_B_260423_URDF@LeftArm@HumanoidUpperBody,HumanoidUpperBody,base,base.C1_Body_Part02_260515@HumanoidUpperBody,88.0
LA,2,+,body3,body3.어깨_팔꿈치_연결부_260416_URDF@LeftArm@HumanoidUpperBody,HumanoidUpperBody,base,base.C1_ImportedSolid_143760@HumanoidUpperBody,88.0
LA,2,+,body3,body3.어깨_팔꿈치_연결부_샤프트_260413_URDF3@LeftArm@HumanoidUpperBody,HumanoidUpperBody,base,base.C2_Body_Part21_수정본@HumanoidUpperBody,88.0
LA,2,+,body3,body3.NONE@LeftArm@HumanoidUpperBody,HumanoidUpperBody,base,base.C2_CDST00180@HumanoidUpperBody,88.0
LA,2,+,body5,body5.________11@LeftArm@HumanoidUpperBody,RA,body1,body1._________12@RightArm@HumanoidUpperBody,89.0
LA,2,+,body5,body5.NONE@LeftArm@HumanoidUpperBody,RA,body2,body2.어깨_Roll_베어링_연결부_260423_URDF@RightArm@HumanoidUpperBody,89.0
LA,2,+,body5,body5.손목_Roll_회전부_260409_v2_URDF@LeftArm@HumanoidUpperBody,RA,body2,body2.어깨_Roll_베어링_연결부_260423_URDF@RightArm@HumanoidUpperBody,89.0
LA,2,+,body4,body4.손목_Roll_체결부_260415_v2_URDF@LeftArm@HumanoidUpperBody,RA,body1,body1._________4@RightArm@HumanoidUpperBody,89.0
LA,2,+,body4,body4.손목_Roll_체결부_260415_v2_URDF@LeftArm@HumanoidUpperBody,RA,body1,body1.____3@RightArm@HumanoidUpperBody,89.0
LA,2,+,body4,body4.NONE@LeftArm@HumanoidUpperBody,RA,body1,body1.어깨_Pitch_고정연결부_260423_Right_어깨양단지지_B_URDF@RightArm@HumanoidUpperBody,89.0
LA,2,+,body4,body4.NONE@LeftArm@HumanoidUpperBody,RA,body1,body1.어깨_Pitch_고정연결부_260423_A_URDF@RightArm@HumanoidUpperBody,89.0
LA,2,+,body4,body4.NONE@LeftArm@HumanoidUpperBody,RA,body1,body1._________46@RightArm@HumanoidUpperBody,89.0
LA,2,+,body4,body4.NONE@LeftArm@HumanoidUpperBody,RA,body1,body1.____2@RightArm@HumanoidUpperBody,89.0
LA,2,+,body4,body4.NONE@LeftArm@HumanoidUpperBody,RA,body1,body1._________4@RightArm@HumanoidUpperBody,89.0
LA,2,+,body4,body4.NONE@LeftArm@HumanoidUpperBody,RA,body1,body1.____3@RightArm@HumanoidUpperBody,89.0
LA,2,+,body4,body4.________11@LeftArm@HumanoidUpperBody,RA,body0,body0._________12@RightArm@HumanoidUpperBody,89.0
LA,2,+,body4,body4.팔꿈치_손목_연결부_샤프트_260413_URDF1@LeftArm@HumanoidUpperBody,RA,body1,body1._________4@RightArm@HumanoidUpperBody,89.0
LA,2,+,body4,body4.팔꿈치_손목_연결부_샤프트_260413_URDF3@LeftArm@HumanoidUpperBody,RA,body1,body1._________4@RightArm@HumanoidUpperBody,89.0
LA,2,+,body4,body4.팔꿈치_손목_연결부_샤프트_260413_URDF3@LeftArm@HumanoidUpperBody,RA,body1,body1.____3@RightArm@HumanoidUpperBody,89.0
LA,2,+,body4,body4.팔꿈치_Pitch_회전부_260427_URDF@LeftArm@HumanoidUpperBody,HumanoidUpperBody,base,base.C2_Body_Part19_260515@HumanoidUpperBody,89.0
LA,2,+,body4,body4.팔꿈치_Pitch_회전부2_260427_URDF@LeftArm@HumanoidUpperBody,HumanoidUpperBody,base,base.C1_ImportedSolid_143760@HumanoidUpperBody,89.0
LA,2,+,body3,body3.팔꿈치_스토퍼_260424_URDF@LeftArm@HumanoidUpperBody,HumanoidUpperBody,base,base.C1_GewindestiftDIN914_3x6x053@HumanoidUpperBody,89.0
LA,2,+,body3,body3.팔꿈치_스토퍼_260424_URDF@LeftArm@HumanoidUpperBody,HumanoidUpperBody,base,base.C2_GewindestiftDIN914_3x6x052@HumanoidUpperBody,89.0
LA,2,+,body3,body3.어깨_팔꿈치_연결부_샤프트_260413_URDF@LeftArm@HumanoidUpperBody,HumanoidUpperBody,base,base.C2_FWR50F_00_BFWR_F_B_GEH@HumanoidUpperBody,89.0
LA,2,+,body3,body3.팔꿈치_끝단베어링_체결부_260417_URDF@LeftArm@HumanoidUpperBody,HumanoidUpperBody,base,base.C2_GewindestiftDIN914_3x6x052@HumanoidUpperBody,89.0
LA,2,+,body3,body3.어깨_팔꿈치_연결부_샤프트_260413_URDF3@LeftArm@HumanoidUpperBody,HumanoidUpperBody,base,base.C2_FWR50F_00_BFWR_F_B_GEH@HumanoidUpperBody,89.0
LA,2,+,body3,body3.NONE@LeftArm@HumanoidUpperBody,HumanoidUpperBody,base,base.C1_GewindestiftDIN913_5x5x081@HumanoidUpperBody,89.0
LA,2,+,body3,body3.NONE@LeftArm@HumanoidUpperBody,HumanoidUpperBody,base,base.C1_CDST001801@HumanoidUpperBody,89.0
LA,2,+,body3,body3.________11@LeftArm@HumanoidUpperBody,HumanoidUpperBody,base,base.C1_CDST00180@HumanoidUpperBody,89.0
LA,2,+,body3,body3.________11@LeftArm@HumanoidUpperBody,HumanoidUpperBody,base,base.C1_SenkschraubeDIN7991_25x6x045@HumanoidUpperBody,89.0
LA,2,+,body5,body5.손목_샤프트_260408_URDF@LeftArm@HumanoidUpperBody,RA,body2,body2.어깨_Roll_베어링_연결부_260423_URDF@RightArm@HumanoidUpperBody,90.0
LA,2,+,body5,body5.손목_Roll_회전부_260409_v2_URDF@LeftArm@HumanoidUpperBody,RA,body2,body2.어깨_Roll_연결부_260423_URDF@RightArm@HumanoidUpperBody,90.0
LA,2,+,body5,body5.손목_Roll_회전부_260409_v2_URDF@LeftArm@HumanoidUpperBody,RA,body1,body1._________1@RightArm@HumanoidUpperBody,90.0
LA,2,+,body4,body4.손목_Roll_체결부_260415_v2_URDF@LeftArm@HumanoidUpperBody,RA,body1,body1.베어링_6809_URDF@RightArm@HumanoidUpperBody,90.0
LA,2,+,body4,body4.손목_Roll_체결부_260415_v2_URDF@LeftArm@HumanoidUpperBody,RA,body1,body1.어깨_Pitch_고정연결부_260423_Right_어깨양단지지_B_URDF@RightArm@HumanoidUpperBody,90.0
LA,2,+,body4,body4.손목_Roll_체결부_260415_v2_URDF@LeftArm@HumanoidUpperBody,RA,body1,body1.어깨_Pitch_고정연결부_260423_Right_어깨양단지지_B_URDF1@RightArm@HumanoidUpperBody,90.0
LA,2,+,body4,body4.손목_Roll_체결부_260415_v2_URDF@LeftArm@HumanoidUpperBody,RA,body1,body1.어깨_Pitch_고정연결부_260423_A_URDF@RightArm@HumanoidUpperBody,90.0
LA,2,+,body4,body4.손목_Roll_체결부_260415_v2_URDF@LeftArm@HumanoidUpperBody,RA,body1,body1._________46@RightArm@HumanoidUpperBody,90.0
LA,2,+,body4,body4.손목_Roll_체결부_260415_v2_URDF@LeftArm@HumanoidUpperBody,RA,body1,body1.____2@RightArm@HumanoidUpperBody,90.0
LA,2,+,body4,body4.손목_Roll_체결부_260415_v2_URDF@LeftArm@HumanoidUpperBody,RA,body1,body1.________2@RightArm@HumanoidUpperBody,90.0
LA,2,+,body4,body4.손목_Roll_체결부_260415_v2_URDF@LeftArm@HumanoidUpperBody,RA,body1,body1.____mm_______1@RightArm@HumanoidUpperBody,90.0
LA,2,+,body4,body4.NONE@LeftArm@HumanoidUpperBody,RA,body1,body1.베어링_6809_URDF@RightArm@HumanoidUpperBody,90.0
LA,2,+,body4,body4.NONE@LeftArm@HumanoidUpperBody,RA,body1,body1.어깨_Pitch_고정연결부_260423_Right_어깨양단지지_B_URDF1@RightArm@HumanoidUpperBody,90.0
LA,2,+,body4,body4.NONE@LeftArm@HumanoidUpperBody,RA,body1,body1.________2@RightArm@HumanoidUpperBody,90.0
LA,2,+,body4,body4.NONE@LeftArm@HumanoidUpperBody,RA,body1,body1.____mm_______1@RightArm@HumanoidUpperBody,90.0
LA,2,+,body4,body4.________11@LeftArm@HumanoidUpperBody,RA,body1,body1._________4@RightArm@HumanoidUpperBody,90.0
LA,2,+,body4,body4.________11@LeftArm@HumanoidUpperBody,RA,body1,body1.____3@RightArm@HumanoidUpperBody,90.0
LA,2,+,body4,body4.팔꿈치_손목_연결부_샤프트_260413_URDF1@LeftArm@HumanoidUpperBody,RA,body1,body1.어깨_Pitch_고정연결부_260423_Right_어깨양단지지_B_URDF@RightArm@HumanoidUpperBody,90.0
LA,2,+,body4,body4.팔꿈치_손목_연결부_샤프트_260413_URDF1@LeftArm@HumanoidUpperBody,RA,body1,body1.어깨_Pitch_고정연결부_260423_Right_어깨양단지지_B_URDF1@RightArm@HumanoidUpperBody,90.0
LA,2,+,body4,body4.팔꿈치_손목_연결부_샤프트_260413_URDF1@LeftArm@HumanoidUpperBody,RA,body1,body1._________46@RightArm@HumanoidUpperBody,90.0
LA,2,+,body4,body4.팔꿈치_손목_연결부_샤프트_260413_URDF1@LeftArm@HumanoidUpperBody,RA,body1,body1.____2@RightArm@HumanoidUpperBody,90.0
LA,2,+,body4,body4.팔꿈치_손목_연결부_샤프트_260413_URDF3@LeftArm@HumanoidUpperBody,RA,body1,body1.어깨_Pitch_고정연결부_260423_A_URDF@RightArm@HumanoidUpperBody,90.0
LA,2,+,body4,body4.팔꿈치_손목_연결부_샤프트_260413_URDF3@LeftArm@HumanoidUpperBody,RA,body1,body1.________2@RightArm@HumanoidUpperBody,90.0
LA,2,+,body4,body4.팔꿈치_손목_연결부_샤프트_260413_URDF3@LeftArm@HumanoidUpperBody,RA,body1,body1.____mm_______1@RightArm@HumanoidUpperBody,90.0
LA,2,+,body4,body4.팔꿈치_Pitch_회전부2_260427_URDF@LeftArm@HumanoidUpperBody,HumanoidUpperBody,base,base.C1_ImportedSolid_121888A@HumanoidUpperBody,90.0
LA,2,+,body3,body3.팔꿈치_스토퍼_260424_URDF@LeftArm@HumanoidUpperBody,HumanoidUpperBody,base,base.C1_GewindestiftDIN914_3x6x051@HumanoidUpperBody,90.0
LA,2,+,body3,body3.팔꿈치_스토퍼_260424_URDF@LeftArm@HumanoidUpperBody,HumanoidUpperBody,base,base.C2_GewindestiftDIN914_3x6x053@HumanoidUpperBody,90.0
LA,2,+,body3,body3.어깨_팔꿈치_연결부_샤프트_260413_URDF@LeftArm@HumanoidUpperBody,HumanoidUpperBody,base,base.C2_FWR50L_00_B_0FWR_F_B_GEH@HumanoidUpperBody,90.0
LA,2,+,body3,body3.팔꿈치_끝단베어링_체결부_260417_URDF@LeftArm@HumanoidUpperBody,HumanoidUpperBody,base,base.C1_Body_Part02_260515@HumanoidUpperBody,90.0
LA,2,+,body3,body3.어깨_팔꿈치_연결부_260416_URDF@LeftArm@HumanoidUpperBody,HumanoidUpperBody,base,base.C1_________8@HumanoidUpperBody,90.0
LA,2,+,body3,body3.어깨_팔꿈치_연결부_샤프트_260413_URDF3@LeftArm@HumanoidUpperBody,HumanoidUpperBody,base,base.C2_FWR50L_00_B_0FWR_F_B_GEH@HumanoidUpperBody,90.0
LA,2,+,body3,body3.________11@LeftArm@HumanoidUpperBody,HumanoidUpperBody,base,base.C1_GewindestiftDIN913_5x5x08@HumanoidUpperBody,90.0
LA,2,+,body3,body3.어깨_Yaw_팔꿈치_연결부_260423_URDF@LeftArm@HumanoidUpperBody,HumanoidUpperBody,base,base.C2_CDST001801@HumanoidUpperBody,90.0
LA,2,+,body6_2,body6_2.C1_손목_Yaw_회전부_260420_URDF@LeftArm@HumanoidUpperBody,RA,body2,body2.어깨_Roll_베어링_연결부_260423_URDF@RightArm@HumanoidUpperBody,90.0
LA,2,+,body5,body5.손목_샤프트_260408_URDF@LeftArm@HumanoidUpperBody,RA,body2,body2.어깨_Roll_연결부_260423_URDF@RightArm@HumanoidUpperBody,91.0
LA,2,+,body5,body5.손목_Yaw_01_URDF@LeftArm@HumanoidUpperBody,RA,body1,body1._________4@RightArm@HumanoidUpperBody,91.0
LA,2,+,body5,body5.손목_Yaw_01_URDF@LeftArm@HumanoidUpperBody,RA,body1,body1.____mm_______1@RightArm@HumanoidUpperBody,91.0
LA,2,+,body5,body5.손목_Yaw_01_URDF@LeftArm@HumanoidUpperBody,RA,body1,body1.____3@RightArm@HumanoidUpperBody,91.0
LA,2,+,body5,body5.________11@LeftArm@HumanoidUpperBody,RA,body1,body1._________4@RightArm@HumanoidUpperBody,91.0
LA,2,+,body5,body5.________11@LeftArm@HumanoidUpperBody,RA,body1,body1.____3@RightArm@HumanoidUpperBody,91.0
LA,2,+,body5,body5.손목_Roll_회전부_260409_v2_URDF@LeftArm@HumanoidUpperBody,RA,body1,body1._________12@RightArm@HumanoidUpperBody,91.0
LA,2,+,body4,body4.________11@LeftArm@HumanoidUpperBody,RA,body1,body1.어깨_Pitch_고정연결부_260423_Right_어깨양단지지_B_URDF@RightArm@HumanoidUpperBody,91.0
LA,2,+,body4,body4.________11@LeftArm@HumanoidUpperBody,RA,body1,body1.어깨_Pitch_고정연결부_260423_A_URDF@RightArm@HumanoidUpperBody,91.0
LA,2,+,body4,body4.________11@LeftArm@HumanoidUpperBody,RA,body1,body1._________46@RightArm@HumanoidUpperBody,91.0
LA,2,+,body4,body4.________11@LeftArm@HumanoidUpperBody,RA,body1,body1.____2@RightArm@HumanoidUpperBody,91.0
LA,2,+,body4,body4.________11@LeftArm@HumanoidUpperBody,RA,body1,body1.________2@RightArm@HumanoidUpperBody,91.0
LA,2,+,body4,body4.________11@LeftArm@HumanoidUpperBody,RA,body1,body1.____mm_______1@RightArm@HumanoidUpperBody,91.0
LA,2,+,body4,body4.팔꿈치_손목_연결부_샤프트_260413_URDF1@LeftArm@HumanoidUpperBody,RA,body1,body1.베어링_6809_URDF@RightArm@HumanoidUpperBody,91.0
LA,2,+,body4,body4.팔꿈치_Pitch_회전부2_260427_URDF@LeftArm@HumanoidUpperBody,HumanoidUpperBody,base,base.C1_GewindestiftDIN913_4x4x071@HumanoidUpperBody,91.0
LA,2,+,body3,body3.베어링_6708U_H_URDF@LeftArm@HumanoidUpperBody,HumanoidUpperBody,base,base.C1_Body_Part02_260515@HumanoidUpperBody,91.0
LA,2,+,body3,body3._________46@LeftArm@HumanoidUpperBody,HumanoidUpperBody,base,base.C1_Body_Part02_260515@HumanoidUpperBody,91.0
LA,2,+,body3,body3.____2@LeftArm@HumanoidUpperBody,HumanoidUpperBody,base,base.C1_Body_Part02_260515@HumanoidUpperBody,91.0
LA,2,+,body3,body3._________4@LeftArm@HumanoidUpperBody,HumanoidUpperBody,base,base.C1_Body_Part02_260515@HumanoidUpperBody,91.0
LA,2,+,body3,body3.팔꿈치_끝단베어링_체결부_260417_URDF@LeftArm@HumanoidUpperBody,HumanoidUpperBody,base,base.C2_GewindestiftDIN914_3x6x053@HumanoidUpperBody,91.0
LA,2,+,body3,body3.NONE@LeftArm@HumanoidUpperBody,HumanoidUpperBody,base,base.C1_ImportedSolid_143760@HumanoidUpperBody,91.0
LA,2,+,body3,body3.NONE@LeftArm@HumanoidUpperBody,HumanoidUpperBody,base,base.C1_GewindestiftDIN914_3x6x053@HumanoidUpperBody,91.0
LA,2,+,body3,body3.NONE@LeftArm@HumanoidUpperBody,HumanoidUpperBody,base,base.C2_GewindestiftDIN914_3x6x052@HumanoidUpperBody,91.0
LA,2,+,body5,body5.손목_Yaw_01_URDF@LeftArm@HumanoidUpperBody,RA,body1,body1.어깨_Pitch_고정연결부_260423_A_URDF@RightArm@HumanoidUpperBody,92.0
LA,2,+,body5,body5.손목_Yaw_01_URDF@LeftArm@HumanoidUpperBody,RA,body1,body1._________46@RightArm@HumanoidUpperBody,92.0
LA,2,+,body5,body5.손목_Yaw_01_URDF@LeftArm@HumanoidUpperBody,RA,body1,body1.________2@RightArm@HumanoidUpperBody,92.0
LA,2,+,body5,body5.________11@LeftArm@HumanoidUpperBody,RA,body1,body1.베어링_6809_URDF@RightArm@HumanoidUpperBody,92.0
LA,2,+,body5,body5.________11@LeftArm@HumanoidUpperBody,RA,body1,body1.어깨_Pitch_고정연결부_260423_Right_어깨양단지지_B_URDF@RightArm@HumanoidUpperBody,92.0
LA,2,+,body5,body5.________11@LeftArm@HumanoidUpperBody,RA,body1,body1.어깨_Pitch_고정연결부_260423_Right_어깨양단지지_B_URDF1@RightArm@HumanoidUpperBody,92.0
LA,2,+,body5,body5.________11@LeftArm@HumanoidUpperBody,RA,body1,body1.어깨_Pitch_고정연결부_260423_A_URDF@RightArm@HumanoidUpperBody,92.0
LA,2,+,body5,body5.________11@LeftArm@HumanoidUpperBody,RA,body1,body1._________46@RightArm@HumanoidUpperBody,92.0
LA,2,+,body5,body5.________11@LeftArm@HumanoidUpperBody,RA,body1,body1.____2@RightArm@HumanoidUpperBody,92.0
LA,2,+,body5,body5.________11@LeftArm@HumanoidUpperBody,RA,body1,body1.________2@RightArm@HumanoidUpperBody,92.0
LA,2,+,body5,body5.________11@LeftArm@HumanoidUpperBody,RA,body1,body1.____mm_______1@RightArm@HumanoidUpperBody,92.0
LA,2,+,body5,body5.NONE@LeftArm@HumanoidUpperBody,RA,body1,body1._________4@RightArm@HumanoidUpperBody,92.0
LA,2,+,body4,body4.________11@LeftArm@HumanoidUpperBody,RA,body1,body1.베어링_6809_URDF@RightArm@HumanoidUpperBody,92.0
LA,2,+,body4,body4.________11@LeftArm@HumanoidUpperBody,RA,body1,body1.어깨_Pitch_고정연결부_260423_Right_어깨양단지지_B_URDF1@RightArm@HumanoidUpperBody,92.0
LA,2,+,body4,body4.팔꿈치_손목_연결부_샤프트_260413_URDF@LeftArm@HumanoidUpperBody,RA,body0,body0.어깨_Pitch_고정부_A_260423_URDF@RightArm@HumanoidUpperBody,92.0
LA,2,+,body4,body4.팔꿈치_손목_연결부_샤프트_260413_URDF@LeftArm@HumanoidUpperBody,RA,body0,body0._________4@RightArm@HumanoidUpperBody,92.0
LA,2,+,body4,body4.팔꿈치_손목_연결부_샤프트_260413_URDF@LeftArm@HumanoidUpperBody,RA,body0,body0.________2@RightArm@HumanoidUpperBody,92.0
LA,2,+,body4,body4.팔꿈치_손목_연결부_샤프트_260413_URDF@LeftArm@HumanoidUpperBody,RA,body0,body0.____3@RightArm@HumanoidUpperBody,92.0
LA,2,+,body4,body4.팔꿈치_손목_연결부_샤프트_260413_URDF2@LeftArm@HumanoidUpperBody,RA,body0,body0.어깨_Pitch_고정부_A_260423_URDF@RightArm@HumanoidUpperBody,92.0
LA,2,+,body4,body4.팔꿈치_손목_연결부_샤프트_260413_URDF2@LeftArm@HumanoidUpperBody,RA,body0,body0._________4@RightArm@HumanoidUpperBody,92.0
LA,2,+,body4,body4.팔꿈치_손목_연결부_샤프트_260413_URDF2@LeftArm@HumanoidUpperBody,RA,body0,body0.________2@RightArm@HumanoidUpperBody,92.0
LA,2,+,body4,body4.팔꿈치_손목_연결부_샤프트_260413_URDF2@LeftArm@HumanoidUpperBody,RA,body0,body0.____3@RightArm@HumanoidUpperBody,92.0
LA,2,+,body4,body4.팔꿈치_Pitch_회전부_260427_URDF@LeftArm@HumanoidUpperBody,HumanoidUpperBody,base,base.C1_ImportedSolid_1437601@HumanoidUpperBody,92.0
LA,2,+,body4,body4.팔꿈치_Pitch_회전부_260427_URDF@LeftArm@HumanoidUpperBody,HumanoidUpperBody,base,base.C1_Body_Part21_수정본@HumanoidUpperBody,92.0
LA,2,+,body4,body4.팔꿈치_Pitch_회전부_260427_URDF@LeftArm@HumanoidUpperBody,RA,body0,body0.어깨_Pitch_고정부_B_260529_URDF@RightArm@HumanoidUpperBody,92.0
LA,2,+,body3,body3.어깨_팔꿈치_연결부_샤프트_260413_URDF1@LeftArm@HumanoidUpperBody,HumanoidUpperBody,base,base.C1_Body_Part02_260515@HumanoidUpperBody,92.0
LA,2,+,body3,body3.어깨_팔꿈치_연결부_샤프트_260413_URDF2@LeftArm@HumanoidUpperBody,HumanoidUpperBody,base,base.C1_Body_Part02_260515@HumanoidUpperBody,92.0
LA,2,+,body3,body3.어깨_팔꿈치_연결부_260416_URDF@LeftArm@HumanoidUpperBody,HumanoidUpperBody,base,base.C1_________5@HumanoidUpperBody,92.0
LA,2,+,body3,body3.NONE@LeftArm@HumanoidUpperBody,HumanoidUpperBody,base,base.C1_GewindestiftDIN914_3x6x051@HumanoidUpperBody,92.0
LA,2,+,body3,body3.NONE@LeftArm@HumanoidUpperBody,HumanoidUpperBody,base,base.C1_ImportedSolid_121888A@HumanoidUpperBody,92.0
LA,2,+,body3,body3.NONE@LeftArm@HumanoidUpperBody,HumanoidUpperBody,base,base.C2_GewindestiftDIN914_3x6x053@HumanoidUpperBody,92.0
LA,2,+,body3,body3.________11@LeftArm@HumanoidUpperBody,HumanoidUpperBody,base,base.C1_CDST001801@HumanoidUpperBody,92.0
LA,2,+,body3,body3.어깨_Yaw_팔꿈치_연결부_260423_URDF@LeftArm@HumanoidUpperBody,HumanoidUpperBody,base,base.C1_SenkschraubeDIN7991_25x6x045@HumanoidUpperBody,92.0
LA,2,+,body2,body2.어깨_Roll베어링_고정파트_URDF기본@LeftArm@HumanoidUpperBody,LA,body1,body1.____2@LeftArm@HumanoidUpperBody,92.0
LA,2,+,body2,body2.어깨_Roll베어링_고정파트_URDF기본@LeftArm@HumanoidUpperBody,LA,body1,body1.____mm_______1@LeftArm@HumanoidUpperBody,92.0
LA,2,+,body5,body5.손목_샤프트_260408_URDF@LeftArm@HumanoidUpperBody,RA,body1,body1.어깨_Roll모터_고정막대_260423_URDF@RightArm@HumanoidUpperBody,93.0
LA,2,+,body5,body5.손목_샤프트_260408_URDF@LeftArm@HumanoidUpperBody,RA,body1,body1._________4@RightArm@HumanoidUpperBody,93.0
LA,2,+,body5,body5.손목_샤프트_260408_URDF@LeftArm@HumanoidUpperBody,RA,body1,body1.____3@RightArm@HumanoidUpperBody,93.0
LA,2,+,body5,body5.손목_샤프트_260408_URDF1@LeftArm@HumanoidUpperBody,RA,body2,body2.어깨_Roll_연결부_260423_URDF@RightArm@HumanoidUpperBody,93.0
LA,2,+,body5,body5.손목_샤프트_260408_URDF1@LeftArm@HumanoidUpperBody,RA,body2,body2.어깨_Roll_베어링_연결부_260423_URDF@RightArm@HumanoidUpperBody,93.0
LA,2,+,body5,body5.NONE@LeftArm@HumanoidUpperBody,RA,body1,body1.베어링_6809_URDF@RightArm@HumanoidUpperBody,93.0
LA,2,+,body5,body5.NONE@LeftArm@HumanoidUpperBody,RA,body1,body1.어깨_Pitch_고정연결부_260423_Right_어깨양단지지_B_URDF@RightArm@HumanoidUpperBody,93.0
LA,2,+,body5,body5.NONE@LeftArm@HumanoidUpperBody,RA,body1,body1.어깨_Pitch_고정연결부_260423_Right_어깨양단지지_B_URDF1@RightArm@HumanoidUpperBody,93.0
LA,2,+,body5,body5.NONE@LeftArm@HumanoidUpperBody,RA,body1,body1._________46@RightArm@HumanoidUpperBody,93.0
LA,2,+,body5,body5.NONE@LeftArm@HumanoidUpperBody,RA,body1,body1.____2@RightArm@HumanoidUpperBody,93.0
LA,2,+,body5,body5.손목_Roll_회전부_260409_v2_URDF@LeftArm@HumanoidUpperBody,RA,body1,body1._________4@RightArm@HumanoidUpperBody,93.0
LA,2,+,body5,body5.손목_Roll_회전부_260409_v2_URDF@LeftArm@HumanoidUpperBody,RA,body1,body1.____3@RightArm@HumanoidUpperBody,93.0
LA,2,+,body4,body4.NONE@LeftArm@HumanoidUpperBody,RA,body0,body0._________1@RightArm@HumanoidUpperBody,93.0
LA,2,+,body4,body4.팔꿈치_손목_연결부_샤프트_260413_URDF@LeftArm@HumanoidUpperBody,RA,body1,body1.어깨_Pitch_회전부_260423_Right_어깨양단지지_URDF@RightArm@HumanoidUpperBody,93.0
LA,2,+,body4,body4.팔꿈치_손목_연결부_샤프트_260413_URDF2@LeftArm@HumanoidUpperBody,RA,body1,body1.어깨_Pitch_회전부_260423_Right_어깨양단지지_URDF@RightArm@HumanoidUpperBody,93.0
LA,2,+,body4,body4.팔꿈치_손목_연결부_샤프트_260413_URDF3@LeftArm@HumanoidUpperBody,RA,body0,body0._________1@RightArm@HumanoidUpperBody,93.0
LA,2,+,body4,body4.팔꿈치_Pitch_회전부_260427_URDF@LeftArm@HumanoidUpperBody,HumanoidUpperBody,base,base.C1_FWR50F_00_BFWR_F_B_GEH@HumanoidUpperBody,93.0
LA,2,+,body4,body4.팔꿈치_Pitch_회전부_260427_URDF@LeftArm@HumanoidUpperBody,RA,body0,body0._________46@RightArm@HumanoidUpperBody,93.0
LA,2,+,body4,body4.팔꿈치_Pitch_회전부_260427_URDF@LeftArm@HumanoidUpperBody,RA,body0,body0.____2@RightArm@HumanoidUpperBody,93.0
LA,2,+,body4,body4.팔꿈치_Pitch_회전부_260427_URDF@LeftArm@HumanoidUpperBody,RA,body0,body0._________4@RightArm@HumanoidUpperBody,93.0
LA,2,+,body3,body3.어깨_팔꿈치_연결부_260416_URDF@LeftArm@HumanoidUpperBody,HumanoidUpperBody,base,base.C1_M2_______2@HumanoidUpperBody,93.0
LA,2,+,body3,body3.어깨_팔꿈치_연결부_260416_URDF@LeftArm@HumanoidUpperBody,HumanoidUpperBody,base,base.C1_________3@HumanoidUpperBody,93.0
LA,2,+,body3,body3.어깨_팔꿈치_연결부_260416_URDF@LeftArm@HumanoidUpperBody,HumanoidUpperBody,base,base.C1_Body_Part02_260515@HumanoidUpperBody,93.0
LA,2,+,body3,body3.어깨_팔꿈치_연결부_260416_URDF@LeftArm@HumanoidUpperBody,HumanoidUpperBody,base,base.C1_Body_Part03@HumanoidUpperBody,93.0
LA,2,+,body3,body3.NONE@LeftArm@HumanoidUpperBody,HumanoidUpperBody,base,base.C1_GewindestiftDIN913_4x4x071@HumanoidUpperBody,93.0
LA,2,+,body3,body3.________11@LeftArm@HumanoidUpperBody,HumanoidUpperBody,base,base.C1_GewindestiftDIN913_5x5x081@HumanoidUpperBody,93.0
LA,2,+,body3,body3.어깨_Yaw_팔꿈치_연결부_260423_URDF@LeftArm@HumanoidUpperBody,HumanoidUpperBody,base,base.C1_ImportedSolid_143759_halter@HumanoidUpperBody,93.0
LA,2,+,body2,body2.어깨_Roll베어링_고정파트_URDF기본@LeftArm@HumanoidUpperBody,LA,body1,body1._________46@LeftArm@HumanoidUpperBody,93.0
LA,2,+,body6_2,body6_2.C1_손목_Yaw_회전부_260420_URDF@LeftArm@HumanoidUpperBody,RA,body1,body1._________4@RightArm@HumanoidUpperBody,93.0
LA,2,+,body5,body5.손목_샤프트_260408_URDF@LeftArm@HumanoidUpperBody,RA,body1,body1.어깨_Pitch_고정연결부_260423_Right_어깨양단지지_B_URDF@RightArm@HumanoidUpperBody,94.0
LA,2,+,body5,body5.손목_샤프트_260408_URDF@LeftArm@HumanoidUpperBody,RA,body1,body1.어깨_Pitch_고정연결부_260423_A_URDF@RightArm@HumanoidUpperBody,94.0
LA,2,+,body5,body5.손목_샤프트_260408_URDF@LeftArm@HumanoidUpperBody,RA,body1,body1._________46@RightArm@HumanoidUpperBody,94.0
LA,2,+,body5,body5.손목_샤프트_260408_URDF@LeftArm@HumanoidUpperBody,RA,body1,body1.____2@RightArm@HumanoidUpperBody,94.0
LA,2,+,body5,body5.손목_샤프트_260408_URDF@LeftArm@HumanoidUpperBody,RA,body1,body1.________2@RightArm@HumanoidUpperBody,94.0
LA,2,+,body5,body5.손목_Roll_회전부_260409_v2_URDF@LeftArm@HumanoidUpperBody,RA,body1,body1.베어링_6809_URDF@RightArm@HumanoidUpperBody,94.0
LA,2,+,body5,body5.손목_Roll_회전부_260409_v2_URDF@LeftArm@HumanoidUpperBody,RA,body1,body1.어깨_Pitch_고정연결부_260423_Right_어깨양단지지_B_URDF@RightArm@HumanoidUpperBody,94.0
LA,2,+,body5,body5.손목_Roll_회전부_260409_v2_URDF@LeftArm@HumanoidUpperBody,RA,body1,body1.어깨_Pitch_고정연결부_260423_Right_어깨양단지지_B_URDF1@RightArm@HumanoidUpperBody,94.0
LA,2,+,body5,body5.손목_Roll_회전부_260409_v2_URDF@LeftArm@HumanoidUpperBody,RA,body1,body1.어깨_Pitch_고정연결부_260423_A_URDF@RightArm@HumanoidUpperBody,94.0
LA,2,+,body5,body5.손목_Roll_회전부_260409_v2_URDF@LeftArm@HumanoidUpperBody,RA,body1,body1._________46@RightArm@HumanoidUpperBody,94.0
LA,2,+,body5,body5.손목_Roll_회전부_260409_v2_URDF@LeftArm@HumanoidUpperBody,RA,body1,body1.____2@RightArm@HumanoidUpperBody,94.0
LA,2,+,body5,body5.손목_Roll_회전부_260409_v2_URDF@LeftArm@HumanoidUpperBody,RA,body1,body1.________2@RightArm@HumanoidUpperBody,94.0
LA,2,+,body5,body5.손목_Roll_회전부_260409_v2_URDF@LeftArm@HumanoidUpperBody,RA,body1,body1.____mm_______1@RightArm@HumanoidUpperBody,94.0
LA,2,+,body4,body4.팔꿈치_손목_연결부_샤프트_260413_URDF@LeftArm@HumanoidUpperBody,RA,body2,body2.어깨_Roll_베어링_연결부_260423_URDF@RightArm@HumanoidUpperBody,94.0
LA,2,+,body4,body4.팔꿈치_손목_연결부_샤프트_260413_URDF@LeftArm@HumanoidUpperBody,RA,body0,body0.____mm_______1@RightArm@HumanoidUpperBody,94.0
LA,2,+,body4,body4.팔꿈치_손목_연결부_샤프트_260413_URDF2@LeftArm@HumanoidUpperBody,RA,body2,body2.어깨_Roll_연결부_260423_URDF@RightArm@HumanoidUpperBody,94.0
LA,2,+,body4,body4.팔꿈치_손목_연결부_샤프트_260413_URDF2@LeftArm@HumanoidUpperBody,RA,body0,body0.____mm_______1@RightArm@HumanoidUpperBody,94.0
LA,2,+,body4,body4.팔꿈치_Pitch_회전부_260427_URDF@LeftArm@HumanoidUpperBody,HumanoidUpperBody,base,base.C1_FWR50L_00_B_0FWR_F_B_GEH@HumanoidUpperBody,94.0
LA,2,+,body4,body4.팔꿈치_Pitch_회전부_260427_URDF@LeftArm@HumanoidUpperBody,HumanoidUpperBody,base,base.C1_GewindestiftDIN913_4x4x07@HumanoidUpperBody,94.0
LA,2,+,body4,body4.팔꿈치_Pitch_회전부2_260427_URDF@LeftArm@HumanoidUpperBody,HumanoidUpperBody,base,base.C1_Body_Part02_260515@HumanoidUpperBody,94.0
LA,2,+,body3,body3.____2@LeftArm@HumanoidUpperBody,HumanoidUpperBody,base,base.C1_Head_Part08@HumanoidUpperBody,94.0
LA,2,+,body3,body3.팔꿈치_스토퍼_260424_URDF@LeftArm@HumanoidUpperBody,HumanoidUpperBody,base,base.C1_Body_Part02_260515@HumanoidUpperBody,94.0
LA,2,+,body3,body3.________11@LeftArm@HumanoidUpperBody,HumanoidUpperBody,base,base.C1_ImportedSolid_143760@HumanoidUpperBody,94.0
LA,2,+,body3,body3.어깨_Yaw_팔꿈치_연결부_260423_URDF@LeftArm@HumanoidUpperBody,HumanoidUpperBody,base,base.C2_CDST00180@HumanoidUpperBody,94.0
LA,2,+,body2,body2.어깨_Roll베어링_고정파트_URDF기본@LeftArm@HumanoidUpperBody,LA,body1,body1.어깨_Pitch_고정연결부_260511_B_Left_URDF@LeftArm@HumanoidUpperBody,94.0
LA,2,+,body2,body2.어깨_Roll베어링_고정파트_URDF기본@LeftArm@HumanoidUpperBody,LA,body1,body1.어깨_Pitch_고정연결부_260511_A_Left_URDF@LeftArm@HumanoidUpperBody,94.0
LA,2,+,body2,body2.어깨_Roll베어링_고정파트_URDF기본1@LeftArm@HumanoidUpperBody,LA,body0,body0._________1@LeftArm@HumanoidUpperBody,94.0
LA,2,+,body6_2,body6_2.C1_손목_Yaw_회전부_260420_URDF@LeftArm@HumanoidUpperBody,RA,body1,body1.베어링_6809_URDF@RightArm@HumanoidUpperBody,94.0
LA,2,+,body6_2,body6_2.C1_손목_Yaw_회전부_260420_URDF@LeftArm@HumanoidUpperBody,RA,body1,body1.어깨_Pitch_고정연결부_260423_Right_어깨양단지지_B_URDF@RightArm@HumanoidUpperBody,94.0
LA,2,+,body6_2,body6_2.C1_손목_Yaw_회전부_260420_URDF@LeftArm@HumanoidUpperBody,RA,body1,body1.어깨_Pitch_고정연결부_260423_Right_어깨양단지지_B_URDF1@RightArm@HumanoidUpperBody,94.0
LA,2,+,body6_2,body6_2.C1_손목_Yaw_회전부_260420_URDF@LeftArm@HumanoidUpperBody,RA,body1,body1._________46@RightArm@HumanoidUpperBody,94.0
LA,2,+,body6_2,body6_2.C1_손목_Yaw_회전부_260420_URDF@LeftArm@HumanoidUpperBody,RA,body1,body1.____2@RightArm@HumanoidUpperBody,94.0
LA,2,+,body4,body4.팔꿈치_손목_연결부_샤프트_260413_URDF@LeftArm@HumanoidUpperBody,RA,body0,body0._________11@RightArm@HumanoidUpperBody,95.0
LA,2,+,body4,body4.팔꿈치_Pitch_회전부_260427_URDF@LeftArm@HumanoidUpperBody,HumanoidUpperBody,base,base.C1_ImportedSolid_121888B@HumanoidUpperBody,95.0
LA,2,+,body3,body3.어깨_팔꿈치_연결부_260416_URDF@LeftArm@HumanoidUpperBody,HumanoidUpperBody,base,base.C1_Head_Part08@HumanoidUpperBody,95.0
LA,2,+,body3,body3.어깨_팔꿈치_연결부_260416_URDF@LeftArm@HumanoidUpperBody,HumanoidUpperBody,base,base.C1_Body_Part06@HumanoidUpperBody,95.0
LA,2,+,body3,body3.________11@LeftArm@HumanoidUpperBody,HumanoidUpperBody,base,base.C1_ImportedSolid_121888A@HumanoidUpperBody,95.0
LA,2,+,body6_1,body6_1.C1_손목_Yaw_링크_260420_Right@LeftArm@HumanoidUpperBody,RA,body2,body2.어깨_Roll_베어링_연결부_260423_URDF@RightArm@HumanoidUpperBody,95.0
LA,2,+,body6_1,body6_1.C1_SWSPS12_6_10_URDF1@LeftArm@HumanoidUpperBody,RA,body2,body2.어깨_Roll_베어링_연결부_260423_URDF@RightArm@HumanoidUpperBody,95.0
LA,2,+,body6_1,body6_1.C1_SWSPS12_6_10_URDF3@LeftArm@HumanoidUpperBody,RA,body2,body2.어깨_Roll_베어링_연결부_260423_URDF@RightArm@HumanoidUpperBody,95.0
LA,2,+,body6_1,body6_1.C1_Body111@LeftArm@HumanoidUpperBody,RA,body2,body2.어깨_Roll_베어링_연결부_260423_URDF@RightArm@HumanoidUpperBody,95.0
LA,2,+,body6_2,body6_2.C1_DBSY4_7_51@LeftArm@HumanoidUpperBody,RA,body2,body2.어깨_Roll_베어링_연결부_260423_URDF@RightArm@HumanoidUpperBody,95.0
LA,2,+,body6_2,body6_2.C1_SWSPS12_6_10_URDF1@LeftArm@HumanoidUpperBody,RA,body2,body2.어깨_Roll_베어링_연결부_260423_URDF@RightArm@HumanoidUpperBody,95.0
LA,2,+,body6_2,body6_2.C1_SWSPS12_6_10_URDF3@LeftArm@HumanoidUpperBody,RA,body2,body2.어깨_Roll_베어링_연결부_260423_URDF@RightArm@HumanoidUpperBody,95.0
LA,2,+,body6_2,body6_2.C1_Body111@LeftArm@HumanoidUpperBody,RA,body2,body2.어깨_Roll_베어링_연결부_260423_URDF@RightArm@HumanoidUpperBody,95.0
LA,2,+,body5,body5.손목_샤프트_260408_URDF1@LeftArm@HumanoidUpperBody,RA,body1,body1.어깨_Roll모터_고정막대_260423_URDF@RightArm@HumanoidUpperBody,96.0
LA,2,+,body5,body5.손목_샤프트_260408_URDF1@LeftArm@HumanoidUpperBody,RA,body1,body1._________46@RightArm@HumanoidUpperBody,96.0
LA,2,+,body5,body5.손목_샤프트_260408_URDF1@LeftArm@HumanoidUpperBody,RA,body1,body1.____2@RightArm@HumanoidUpperBody,96.0
LA,2,+,body5,body5.손목_샤프트_260408_URDF1@LeftArm@HumanoidUpperBody,RA,body1,body1._________4@RightArm@HumanoidUpperBody,96.0
LA,2,+,body5,body5.손목_샤프트_260408_URDF1@LeftArm@HumanoidUpperBody,RA,body1,body1.____3@RightArm@HumanoidUpperBody,96.0
LA,2,+,body3,body3.어깨_팔꿈치_연결부_샤프트_260413_URDF@LeftArm@HumanoidUpperBody,HumanoidUpperBody,base,base.C3_CDST00180@HumanoidUpperBody,96.0
LA,2,+,body3,body3.어깨_팔꿈치_연결부_샤프트_260413_URDF3@LeftArm@HumanoidUpperBody,HumanoidUpperBody,base,base.C3_CDST00180@HumanoidUpperBody,96.0
LA,2,+,body3,body3.NONE@LeftArm@HumanoidUpperBody,HumanoidUpperBody,base,base.C1_Body_Part02_260515@HumanoidUpperBody,96.0
LA,2,+,body3,body3.________11@LeftArm@HumanoidUpperBody,HumanoidUpperBody,base,base.C1_GewindestiftDIN913_4x4x071@HumanoidUpperBody,96.0
LA,2,+,body2,body2.어깨_Roll베어링_고정파트_URDF기본@LeftArm@HumanoidUpperBody,LA,body1,body1.________2@LeftArm@HumanoidUpperBody,96.0
LA,2,+,body5,body5.손목_샤프트_260408_URDF1@LeftArm@HumanoidUpperBody,RA,body1,body1.어깨_Pitch_고정연결부_260423_Right_어깨양단지지_B_URDF@RightArm@HumanoidUpperBody,97.0
LA,2,+,body5,body5.손목_샤프트_260408_URDF1@LeftArm@HumanoidUpperBody,RA,body1,body1.어깨_Pitch_고정연결부_260423_A_URDF@RightArm@HumanoidUpperBody,97.0
LA,2,+,body5,body5.손목_샤프트_260408_URDF1@LeftArm@HumanoidUpperBody,RA,body1,body1.________2@RightArm@HumanoidUpperBody,97.0
LA,2,+,body5,body5.손목_Yaw_01_URDF@LeftArm@HumanoidUpperBody,RA,body1,body1._________11@RightArm@HumanoidUpperBody,97.0
LA,2,+,body4,body4.팔꿈치_손목_연결부_샤프트_260413_URDF@LeftArm@HumanoidUpperBody,RA,body1,body1._________4@RightArm@HumanoidUpperBody,97.0
LA,2,+,body4,body4.팔꿈치_손목_연결부_샤프트_260413_URDF2@LeftArm@HumanoidUpperBody,RA,body1,body1._________4@RightArm@HumanoidUpperBody,97.0
LA,2,+,body4,body4.팔꿈치_손목_연결부_샤프트_260413_URDF2@LeftArm@HumanoidUpperBody,RA,body1,body1.____3@RightArm@HumanoidUpperBody,97.0
LA,2,+,body4,body4.팔꿈치_Pitch_회전부_260427_URDF@LeftArm@HumanoidUpperBody,HumanoidUpperBody,base,base.C2_CDST001801@HumanoidUpperBody,97.0
LA,2,+,body3,body3.____mm_______1@LeftArm@HumanoidUpperBody,LA,body0,body0._________1@LeftArm@HumanoidUpperBody,97.0
LA,2,+,body3,body3.어깨_팔꿈치_연결부_260416_URDF@LeftArm@HumanoidUpperBody,HumanoidUpperBody,base,base.C2_________8@HumanoidUpperBody,97.0
LA,2,+,body3,body3.어깨_팔꿈치_연결부_260416_URDF@LeftArm@HumanoidUpperBody,HumanoidUpperBody,base,base.C2_____1@HumanoidUpperBody,97.0
LA,2,+,body3,body3.어깨_팔꿈치_연결부_260416_URDF@LeftArm@HumanoidUpperBody,HumanoidUpperBody,base,base.C2_________3@HumanoidUpperBody,97.0
LA,2,+,body3,body3.어깨_팔꿈치_연결부_260416_URDF@LeftArm@HumanoidUpperBody,HumanoidUpperBody,base,base.C2_____11@HumanoidUpperBody,97.0
LA,2,+,body3,body3.NONE@LeftArm@HumanoidUpperBody,HumanoidUpperBody,base,base.C1_Head_Part08@HumanoidUpperBody,97.0
LA,2,+,body3,body3.어깨_Yaw_팔꿈치_연결부_260423_URDF@LeftArm@HumanoidUpperBody,HumanoidUpperBody,base,base.C1_GewindestiftDIN913_4x4x07@HumanoidUpperBody,97.0
LA,2,+,body2,body2.어깨_Roll베어링_고정파트_URDF기본@LeftArm@HumanoidUpperBody,LA,body1,body1.어깨_Pitch_고정연결부_260511_B_Left_URDF1@LeftArm@HumanoidUpperBody,97.0
LA,2,+,body4,body4.팔꿈치_손목_연결부_샤프트_260413_URDF@LeftArm@HumanoidUpperBody,RA,body1,body1.베어링_6809_URDF@RightArm@HumanoidUpperBody,98.0
LA,2,+,body4,body4.팔꿈치_손목_연결부_샤프트_260413_URDF@LeftArm@HumanoidUpperBody,RA,body1,body1.어깨_Pitch_고정연결부_260423_Right_어깨양단지지_B_URDF@RightArm@HumanoidUpperBody,98.0
LA,2,+,body4,body4.팔꿈치_손목_연결부_샤프트_260413_URDF@LeftArm@HumanoidUpperBody,RA,body1,body1.어깨_Pitch_고정연결부_260423_Right_어깨양단지지_B_URDF1@RightArm@HumanoidUpperBody,98.0
LA,2,+,body4,body4.팔꿈치_손목_연결부_샤프트_260413_URDF@LeftArm@HumanoidUpperBody,RA,body1,body1._________46@RightArm@HumanoidUpperBody,98.0
LA,2,+,body4,body4.팔꿈치_손목_연결부_샤프트_260413_URDF@LeftArm@HumanoidUpperBody,RA,body1,body1.____2@RightArm@HumanoidUpperBody,98.0
LA,2,+,body4,body4.팔꿈치_손목_연결부_샤프트_260413_URDF2@LeftArm@HumanoidUpperBody,RA,body1,body1.어깨_Pitch_고정연결부_260423_A_URDF@RightArm@HumanoidUpperBody,98.0
LA,2,+,body4,body4.팔꿈치_손목_연결부_샤프트_260413_URDF2@LeftArm@HumanoidUpperBody,RA,body1,body1.________2@RightArm@HumanoidUpperBody,98.0
LA,2,+,body4,body4.팔꿈치_손목_연결부_샤프트_260413_URDF2@LeftArm@HumanoidUpperBody,RA,body1,body1.____mm_______1@RightArm@HumanoidUpperBody,98.0
LA,2,+,body4,body4.팔꿈치_Pitch_회전부_260427_URDF@LeftArm@HumanoidUpperBody,HumanoidUpperBody,base,base.C1_GewindestiftDIN913_5x5x08@HumanoidUpperBody,98.0
LA,2,+,body4,body4.팔꿈치_Pitch_회전부_260427_URDF@LeftArm@HumanoidUpperBody,HumanoidUpperBody,base,base.C1_CDST00180@HumanoidUpperBody,98.0
LA,2,+,body4,body4.팔꿈치_Pitch_회전부_260427_URDF@LeftArm@HumanoidUpperBody,HumanoidUpperBody,base,base.C1_SenkschraubeDIN7991_25x6x045@HumanoidUpperBody,98.0
LA,2,+,body4,body4.팔꿈치_Pitch_회전부_260427_URDF@LeftArm@HumanoidUpperBody,RA,body0,body0._________12@RightArm@HumanoidUpperBody,98.0
LA,2,+,body4,body4.팔꿈치_Pitch_회전부2_260427_URDF@LeftArm@HumanoidUpperBody,HumanoidUpperBody,base,base.C1_Head_Part08@HumanoidUpperBody,98.0
LA,2,+,body3,body3.어깨_팔꿈치_연결부_260416_URDF@LeftArm@HumanoidUpperBody,HumanoidUpperBody,base,base.C2_________5@HumanoidUpperBody,98.0
LA,2,+,body3,body3.어깨_팔꿈치_연결부_260416_URDF@LeftArm@HumanoidUpperBody,HumanoidUpperBody,base,base.C1_Head_Part06@HumanoidUpperBody,98.0
LA,2,+,body3,body3.어깨_팔꿈치_연결부_260416_URDF@LeftArm@HumanoidUpperBody,HumanoidUpperBody,base,base.C1_Body_Part04@HumanoidUpperBody,98.0
LA,2,+,body6_1,body6_1.C1_손목_Yaw_링크_260420_Right@LeftArm@HumanoidUpperBody,RA,body1,body1._________4@RightArm@HumanoidUpperBody,98.0
LA,2,+,body6_1,body6_1.C1_SWSPS12_6_10_URDF1@LeftArm@HumanoidUpperBody,RA,body1,body1._________4@RightArm@HumanoidUpperBody,98.0
LA,2,+,body6_1,body6_1.C1_SWSPS12_6_10_URDF3@LeftArm@HumanoidUpperBody,RA,body1,body1._________4@RightArm@HumanoidUpperBody,98.0
LA,2,+,body6_1,body6_1.C1_Body111@LeftArm@HumanoidUpperBody,RA,body1,body1._________4@RightArm@HumanoidUpperBody,98.0
LA,2,+,body6_2,body6_2.C1_DBSY4_7_51@LeftArm@HumanoidUpperBody,RA,body1,body1._________4@RightArm@HumanoidUpperBody,98.0
LA,2,+,body6_2,body6_2.C1_SWSPS12_6_10_URDF1@LeftArm@HumanoidUpperBody,RA,body1,body1.____2@RightArm@HumanoidUpperBody,98.0
LA,2,+,body6_2,body6_2.C1_SWSPS12_6_10_URDF1@LeftArm@HumanoidUpperBody,RA,body1,body1._________4@RightArm@HumanoidUpperBody,98.0
LA,2,+,body6_2,body6_2.C1_SWSPS12_6_10_URDF3@LeftArm@HumanoidUpperBody,RA,body1,body1.____2@RightArm@HumanoidUpperBody,98.0
LA,2,+,body6_2,body6_2.C1_SWSPS12_6_10_URDF3@LeftArm@HumanoidUpperBody,RA,body1,body1._________4@RightArm@HumanoidUpperBody,98.0
LA,2,+,body6_2,body6_2.C1_Body111@LeftArm@HumanoidUpperBody,RA,body1,body1._________4@RightArm@HumanoidUpperBody,98.0
LA,2,+,body5,body5.손목_Roll_회전부_260409_v2_URDF@LeftArm@HumanoidUpperBody,RA,body1,body1._________11@RightArm@HumanoidUpperBody,99.0
LA,2,+,body3,body3.________11@LeftArm@HumanoidUpperBody,HumanoidUpperBody,base,base.C1_Body_Part02_260515@HumanoidUpperBody,99.0
LA,2,+,body3,body3.어깨_Yaw_팔꿈치_연결부_260423_URDF@LeftArm@HumanoidUpperBody,HumanoidUpperBody,base,base.C1_ImportedSolid_143760@HumanoidUpperBody,99.0
LA,2,+,body3,body3.어깨_Yaw_팔꿈치_연결부_260423_URDF@LeftArm@HumanoidUpperBody,HumanoidUpperBody,base,base.C1_GewindestiftDIN913_4x4x071@HumanoidUpperBody,99.0
LA,2,+,body2,body2.어깨_Roll베어링_고정파트_URDF기본@LeftArm@HumanoidUpperBody,LA,body0,body0._________46@LeftArm@HumanoidUpperBody,99.0
LA,2,+,body6_1,body6_1.C1_손목_Yaw_링크_260420_Right@LeftArm@HumanoidUpperBody,RA,body1,body1.베어링_6809_URDF@RightArm@HumanoidUpperBody,99.0
LA,2,+,body6_1,body6_1.C1_손목_Yaw_링크_260420_Right@LeftArm@HumanoidUpperBody,RA,body1,body1.어깨_Pitch_고정연결부_260423_Right_어깨양단지지_B_URDF@RightArm@HumanoidUpperBody,99.0
LA,2,+,body6_1,body6_1.C1_손목_Yaw_링크_260420_Right@LeftArm@HumanoidUpperBody,RA,body1,body1.어깨_Pitch_고정연결부_260423_Right_어깨양단지지_B_URDF1@RightArm@HumanoidUpperBody,99.0
LA,2,+,body6_1,body6_1.C1_손목_Yaw_링크_260420_Right@LeftArm@HumanoidUpperBody,RA,body1,body1._________46@RightArm@HumanoidUpperBody,99.0
LA,2,+,body6_1,body6_1.C1_손목_Yaw_링크_260420_Right@LeftArm@HumanoidUpperBody,RA,body1,body1.____2@RightArm@HumanoidUpperBody,99.0
LA,2,+,body6_1,body6_1.C1_SWSPS12_6_10_URDF1@LeftArm@HumanoidUpperBody,RA,body1,body1.베어링_6809_URDF@RightArm@HumanoidUpperBody,99.0
LA,2,+,body6_1,body6_1.C1_SWSPS12_6_10_URDF1@LeftArm@HumanoidUpperBody,RA,body1,body1.어깨_Pitch_고정연결부_260423_Right_어깨양단지지_B_URDF@RightArm@HumanoidUpperBody,99.0
LA,2,+,body6_1,body6_1.C1_SWSPS12_6_10_URDF1@LeftArm@HumanoidUpperBody,RA,body1,body1.어깨_Pitch_고정연결부_260423_Right_어깨양단지지_B_URDF1@RightArm@HumanoidUpperBody,99.0
LA,2,+,body6_1,body6_1.C1_SWSPS12_6_10_URDF1@LeftArm@HumanoidUpperBody,RA,body1,body1._________46@RightArm@HumanoidUpperBody,99.0
LA,2,+,body6_1,body6_1.C1_SWSPS12_6_10_URDF1@LeftArm@HumanoidUpperBody,RA,body1,body1.____2@RightArm@HumanoidUpperBody,99.0
LA,2,+,body6_1,body6_1.C1_SWSPS12_6_10_URDF3@LeftArm@HumanoidUpperBody,RA,body1,body1.베어링_6809_URDF@RightArm@HumanoidUpperBody,99.0
LA,2,+,body6_1,body6_1.C1_SWSPS12_6_10_URDF3@LeftArm@HumanoidUpperBody,RA,body1,body1.어깨_Pitch_고정연결부_260423_Right_어깨양단지지_B_URDF@RightArm@HumanoidUpperBody,99.0
LA,2,+,body6_1,body6_1.C1_SWSPS12_6_10_URDF3@LeftArm@HumanoidUpperBody,RA,body1,body1.어깨_Pitch_고정연결부_260423_Right_어깨양단지지_B_URDF1@RightArm@HumanoidUpperBody,99.0
LA,2,+,body6_1,body6_1.C1_SWSPS12_6_10_URDF3@LeftArm@HumanoidUpperBody,RA,body1,body1._________46@RightArm@HumanoidUpperBody,99.0
LA,2,+,body6_1,body6_1.C1_SWSPS12_6_10_URDF3@LeftArm@HumanoidUpperBody,RA,body1,body1.____2@RightArm@HumanoidUpperBody,99.0
LA,2,+,body6_1,body6_1.C1_Body111@LeftArm@HumanoidUpperBody,RA,body1,body1.베어링_6809_URDF@RightArm@HumanoidUpperBody,99.0
LA,2,+,body6_1,body6_1.C1_Body111@LeftArm@HumanoidUpperBody,RA,body1,body1.어깨_Pitch_고정연결부_260423_Right_어깨양단지지_B_URDF@RightArm@HumanoidUpperBody,99.0
LA,2,+,body6_1,body6_1.C1_Body111@LeftArm@HumanoidUpperBody,RA,body1,body1.어깨_Pitch_고정연결부_260423_Right_어깨양단지지_B_URDF1@RightArm@HumanoidUpperBody,99.0
LA,2,+,body6_1,body6_1.C1_Body111@LeftArm@HumanoidUpperBody,RA,body1,body1._________46@RightArm@HumanoidUpperBody,99.0
LA,2,+,body6_1,body6_1.C1_Body111@LeftArm@HumanoidUpperBody,RA,body1,body1.____2@RightArm@HumanoidUpperBody,99.0
LA,2,+,body6_2,body6_2.C1_DBSY4_7_51@LeftArm@HumanoidUpperBody,RA,body1,body1.베어링_6809_URDF@RightArm@HumanoidUpperBody,99.0
LA,2,+,body6_2,body6_2.C1_DBSY4_7_51@LeftArm@HumanoidUpperBody,RA,body1,body1.어깨_Pitch_고정연결부_260423_Right_어깨양단지지_B_URDF@RightArm@HumanoidUpperBody,99.0
LA,2,+,body6_2,body6_2.C1_DBSY4_7_51@LeftArm@HumanoidUpperBody,RA,body1,body1.어깨_Pitch_고정연결부_260423_Right_어깨양단지지_B_URDF1@RightArm@HumanoidUpperBody,99.0
LA,2,+,body6_2,body6_2.C1_DBSY4_7_51@LeftArm@HumanoidUpperBody,RA,body1,body1._________46@RightArm@HumanoidUpperBody,99.0
LA,2,+,body6_2,body6_2.C1_DBSY4_7_51@LeftArm@HumanoidUpperBody,RA,body1,body1.____2@RightArm@HumanoidUpperBody,99.0
LA,2,+,body6_2,body6_2.C1_SWSPS12_6_10_URDF1@LeftArm@HumanoidUpperBody,RA,body1,body1.베어링_6809_URDF@RightArm@HumanoidUpperBody,99.0
LA,2,+,body6_2,body6_2.C1_SWSPS12_6_10_URDF1@LeftArm@HumanoidUpperBody,RA,body1,body1.어깨_Pitch_고정연결부_260423_Right_어깨양단지지_B_URDF@RightArm@HumanoidUpperBody,99.0
LA,2,+,body6_2,body6_2.C1_SWSPS12_6_10_URDF1@LeftArm@HumanoidUpperBody,RA,body1,body1.어깨_Pitch_고정연결부_260423_Right_어깨양단지지_B_URDF1@RightArm@HumanoidUpperBody,99.0
LA,2,+,body6_2,body6_2.C1_SWSPS12_6_10_URDF1@LeftArm@HumanoidUpperBody,RA,body1,body1._________46@RightArm@HumanoidUpperBody,99.0
LA,2,+,body6_2,body6_2.C1_SWSPS12_6_10_URDF3@LeftArm@HumanoidUpperBody,RA,body1,body1.베어링_6809_URDF@RightArm@HumanoidUpperBody,99.0
LA,2,+,body6_2,body6_2.C1_SWSPS12_6_10_URDF3@LeftArm@HumanoidUpperBody,RA,body1,body1.어깨_Pitch_고정연결부_260423_Right_어깨양단지지_B_URDF@RightArm@HumanoidUpperBody,99.0
LA,2,+,body6_2,body6_2.C1_SWSPS12_6_10_URDF3@LeftArm@HumanoidUpperBody,RA,body1,body1.어깨_Pitch_고정연결부_260423_Right_어깨양단지지_B_URDF1@RightArm@HumanoidUpperBody,99.0
LA,2,+,body6_2,body6_2.C1_SWSPS12_6_10_URDF3@LeftArm@HumanoidUpperBody,RA,body1,body1._________46@RightArm@HumanoidUpperBody,99.0
LA,2,+,body6_2,body6_2.C1_Body111@LeftArm@HumanoidUpperBody,RA,body1,body1.베어링_6809_URDF@RightArm@HumanoidUpperBody,99.0
LA,2,+,body6_2,body6_2.C1_Body111@LeftArm@HumanoidUpperBody,RA,body1,body1.어깨_Pitch_고정연결부_260423_Right_어깨양단지지_B_URDF@RightArm@HumanoidUpperBody,99.0
LA,2,+,body6_2,body6_2.C1_Body111@LeftArm@HumanoidUpperBody,RA,body1,body1.어깨_Pitch_고정연결부_260423_Right_어깨양단지지_B_URDF1@RightArm@HumanoidUpperBody,99.0
LA,2,+,body6_2,body6_2.C1_Body111@LeftArm@HumanoidUpperBody,RA,body1,body1._________46@RightArm@HumanoidUpperBody,99.0
LA,2,+,body6_2,body6_2.C1_Body111@LeftArm@HumanoidUpperBody,RA,body1,body1.____2@RightArm@HumanoidUpperBody,99.0
LA,2,+,body3,body3.어깨_Yaw_팔꿈치_연결부_B_260423_URDF@LeftArm@HumanoidUpperBody,HumanoidUpperBody,base,base.C1_Head_Part03@HumanoidUpperBody,100.0
LA,2,+,body3,body3.어깨_팔꿈치_연결부_260416_URDF@LeftArm@HumanoidUpperBody,HumanoidUpperBody,base,base.C2_M2_______2@HumanoidUpperBody,100.0
LA,2,+,body3,body3.NONE@LeftArm@HumanoidUpperBody,HumanoidUpperBody,base,base.C1_Head_Part06@HumanoidUpperBody,100.0
LA,2,+,body3,body3.어깨_Yaw_팔꿈치_연결부_260423_URDF@LeftArm@HumanoidUpperBody,HumanoidUpperBody,base,base.C1_ImportedSolid_1437601@HumanoidUpperBody,100.0
LA,2,+,body3,body3.어깨_Yaw_팔꿈치_연결부_260423_URDF@LeftArm@HumanoidUpperBody,HumanoidUpperBody,base,base.C2_GewindestiftDIN914_3x6x05@HumanoidUpperBody,100.0
LA,2,+,body3,body3.어깨_Yaw_팔꿈치_연결부_260423_URDF@LeftArm@HumanoidUpperBody,HumanoidUpperBody,base,base.C2_GewindestiftDIN914_3x6x051@HumanoidUpperBody,100.0
LA,2,+,body3,body3.어깨_Yaw_팔꿈치_연결부_260423_URDF@LeftArm@HumanoidUpperBody,HumanoidUpperBody,base,base.C2_GewindestiftDIN914_3x6x052@HumanoidUpperBody,100.0
LA,2,+,body3,body3.어깨_Yaw_팔꿈치_연결부_260423_URDF@LeftArm@HumanoidUpperBody,HumanoidUpperBody,base,base.C2_GewindestiftDIN914_3x6x053@HumanoidUpperBody,100.0
LA,2,+,body4,body4.팔꿈치_Pitch_회전부_260427_URDF@LeftArm@HumanoidUpperBody,HumanoidUpperBody,base,base.C1_GewindestiftDIN913_5x5x081@HumanoidUpperBody,101.0
LA,2,+,body4,body4.팔꿈치_Pitch_회전부_260427_URDF@LeftArm@HumanoidUpperBody,HumanoidUpperBody,base,base.C1_CDST001801@HumanoidUpperBody,101.0
LA,2,+,body4,body4.팔꿈치_Pitch_회전부_260427_URDF@LeftArm@HumanoidUpperBody,HumanoidUpperBody,base,base.C2_CDST00180@HumanoidUpperBody,101.0
LA,2,+,body3,body3.팔꿈치_끝단베어링_체결부_260417_URDF@LeftArm@HumanoidUpperBody,HumanoidUpperBody,base,base.C1_Head_Part03@HumanoidUpperBody,101.0
LA,2,+,body3,body3.________11@LeftArm@HumanoidUpperBody,HumanoidUpperBody,base,base.C1_Head_Part08@HumanoidUpperBody,101.0
LA,2,+,body3,body3.어깨_Yaw_팔꿈치_연결부_260423_URDF@LeftArm@HumanoidUpperBody,HumanoidUpperBody,base,base.C1_Body_Part02_260515@HumanoidUpperBody,101.0
LA,2,+,body4,body4.팔꿈치_손목_연결부_샤프트_260413_URDF2@LeftArm@HumanoidUpperBody,RA,body0,body0._________1@RightArm@HumanoidUpperBody,102.0
LA,2,+,body3,body3.베어링_6708U_H_URDF@LeftArm@HumanoidUpperBody,HumanoidUpperBody,base,base.C1_Head_Part03@HumanoidUpperBody,102.0
LA,2,+,body3,body3.어깨_팔꿈치_연결부_샤프트_260413_URDF@LeftArm@HumanoidUpperBody,HumanoidUpperBody,base,base.C3_CDST001801@HumanoidUpperBody,102.0
LA,2,+,body3,body3.어깨_팔꿈치_연결부_260416_URDF@LeftArm@HumanoidUpperBody,HumanoidUpperBody,base,base.C4__________1@HumanoidUpperBody,102.0
LA,2,+,body3,body3.어깨_팔꿈치_연결부_샤프트_260413_URDF3@LeftArm@HumanoidUpperBody,HumanoidUpperBody,base,base.C3_CDST001801@HumanoidUpperBody,102.0
LA,2,+,body3,body3.________11@LeftArm@HumanoidUpperBody,RA,body0,body0.____2@RightArm@HumanoidUpperBody,102.0
LA,2,+,body4,body4.팔꿈치_Pitch_회전부_260427_URDF@LeftArm@HumanoidUpperBody,HumanoidUpperBody,base,base.C1_ImportedSolid_143760@HumanoidUpperBody,103.0
LA,2,+,body4,body4.팔꿈치_Pitch_회전부2_260427_URDF@LeftArm@HumanoidUpperBody,HumanoidUpperBody,base,base.C1_Head_Part06@HumanoidUpperBody,103.0
LA,2,+,body3,body3.NONE@LeftArm@HumanoidUpperBody,HumanoidUpperBody,base,base.C1_Body_Part04@HumanoidUpperBody,103.0
LA,2,+,body4,body4.팔꿈치_Pitch_회전부3_260422_URDF@LeftArm@HumanoidUpperBody,RA,body0,body0.____3@RightArm@HumanoidUpperBody,104.0
LA,2,+,body4,body4.팔꿈치_Pitch_회전부_260427_URDF@LeftArm@HumanoidUpperBody,HumanoidUpperBody,base,base.C1_ImportedSolid_121888A@HumanoidUpperBody,104.0
LA,2,+,body4,body4.팔꿈치_Pitch_회전부_260427_URDF@LeftArm@HumanoidUpperBody,RA,body0,body0.____3@RightArm@HumanoidUpperBody,104.0
LA,2,+,body4,body4.팔꿈치_Pitch_회전부_260427_URDF@LeftArm@HumanoidUpperBody,HumanoidUpperBody,base,base.C1_GewindestiftDIN913_4x4x071@HumanoidUpperBody,105.0
LA,2,+,body4,body4.팔꿈치_Pitch_회전부2_260427_URDF@LeftArm@HumanoidUpperBody,HumanoidUpperBody,base,base.C1_Head_Part03@HumanoidUpperBody,105.0
LA,2,+,body3,body3.팔꿈치_스토퍼_260424_URDF@LeftArm@HumanoidUpperBody,HumanoidUpperBody,base,base.C1_Head_Part03@HumanoidUpperBody,105.0
LA,2,+,body4,body4.팔꿈치_Pitch_회전부2_260427_URDF@LeftArm@HumanoidUpperBody,HumanoidUpperBody,base,base.C1_Body_Part04@HumanoidUpperBody,106.0
LA,2,+,body3,body3.어깨_Yaw_팔꿈치_연결부_B_260423_URDF@LeftArm@HumanoidUpperBody,HumanoidUpperBody,base,base.C1_Head_Part08@HumanoidUpperBody,106.0
LA,2,+,body3,body3.어깨_팔꿈치_연결부_260416_URDF@LeftArm@HumanoidUpperBody,HumanoidUpperBody,base,base.C1_Head_Part03@HumanoidUpperBody,106.0
LA,2,+,body3,body3.________11@LeftArm@HumanoidUpperBody,HumanoidUpperBody,base,base.C1_Head_Part06@HumanoidUpperBody,106.0
LA,2,+,body3,body3.NONE@LeftArm@HumanoidUpperBody,HumanoidUpperBody,base,base.C1_Head_Part03@HumanoidUpperBody,107.0
LA,2,+,body3,body3.어깨_Yaw_팔꿈치_연결부_260423_URDF@LeftArm@HumanoidUpperBody,HumanoidUpperBody,base,base.C1_GewindestiftDIN914_3x6x053@HumanoidUpperBody,107.0
LA,2,+,body4,body4.팔꿈치_Pitch_회전부_260427_URDF@LeftArm@HumanoidUpperBody,HumanoidUpperBody,base,base.C1_Body_Part02_260515@HumanoidUpperBody,108.0
LA,2,+,body3,body3.어깨_Yaw_팔꿈치_연결부_260423_URDF@LeftArm@HumanoidUpperBody,HumanoidUpperBody,base,base.C1_GewindestiftDIN914_3x6x051@HumanoidUpperBody,108.0
LA,2,+,body3,body3.어깨_Yaw_팔꿈치_연결부_B_260423_URDF@LeftArm@HumanoidUpperBody,HumanoidUpperBody,base,base.C1_Body_Part04@HumanoidUpperBody,109.0
LA,2,+,body3,body3.어깨_Yaw_팔꿈치_연결부_B_260423_URDF@LeftArm@HumanoidUpperBody,HumanoidUpperBody,base,base.C1_Body_Part10@HumanoidUpperBody,109.0
LA,2,+,body3,body3.NONE@LeftArm@HumanoidUpperBody,HumanoidUpperBody,base,base.C1_Body_Part06@HumanoidUpperBody,109.0
LA,2,+,body3,body3.________11@LeftArm@HumanoidUpperBody,HumanoidUpperBody,base,base.C1_Body_Part04@HumanoidUpperBody,109.0
LA,2,+,body4,body4.팔꿈치_Pitch_회전부_260427_URDF@LeftArm@HumanoidUpperBody,HumanoidUpperBody,base,base.C1_Head_Part08@HumanoidUpperBody,110.0
LA,2,+,body3,body3.어깨_Yaw_팔꿈치_연결부_B_260423_URDF@LeftArm@HumanoidUpperBody,HumanoidUpperBody,base,base.C1_Head_Part06@HumanoidUpperBody,110.0
LA,2,+,body3,body3.________11@LeftArm@HumanoidUpperBody,HumanoidUpperBody,base,base.C1_Head_Part03@HumanoidUpperBody,110.0
LA,2,+,body2,body2.어깨_Roll_Yaw_연결부_260422_URDF@LeftArm@HumanoidUpperBody,LA,body0,body0._________1@LeftArm@HumanoidUpperBody,110.0
LA,2,+,body4,body4.팔꿈치_Pitch_회전부2_260427_URDF@LeftArm@HumanoidUpperBody,HumanoidUpperBody,base,base.C1_Body_Part10@HumanoidUpperBody,111.0
LA,2,+,body3,body3.____2@LeftArm@HumanoidUpperBody,HumanoidUpperBody,base,base.C1_Head_Part03@HumanoidUpperBody,111.0
LA,2,+,body3,body3.NONE@LeftArm@HumanoidUpperBody,HumanoidUpperBody,base,base.C1_Body_Part10@HumanoidUpperBody,113.0
LA,2,+,body3,body3.어깨_Yaw_팔꿈치_연결부_260423_URDF@LeftArm@HumanoidUpperBody,HumanoidUpperBody,base,base.C1_Head_Part03@HumanoidUpperBody,113.0
LA,2,+,body3,body3.베어링_6708U_H_URDF@LeftArm@HumanoidUpperBody,HumanoidUpperBody,base,base.C1_Body_Part04@HumanoidUpperBody,114.0
LA,2,+,body3,body3.베어링_6708U_H_URDF@LeftArm@HumanoidUpperBody,HumanoidUpperBody,base,base.C1_Body_Part10@HumanoidUpperBody,114.0
LA,2,+,body3,body3.어깨_팔꿈치_연결부_샤프트_260413_URDF@LeftArm@HumanoidUpperBody,HumanoidUpperBody,base,base.C1_Body_Part02_260515@HumanoidUpperBody,114.0
LA,2,+,body3,body3.팔꿈치_끝단베어링_체결부_260417_URDF@LeftArm@HumanoidUpperBody,HumanoidUpperBody,base,base.C1_Body_Part04@HumanoidUpperBody,114.0
LA,2,+,body3,body3.팔꿈치_끝단베어링_체결부_260417_URDF@LeftArm@HumanoidUpperBody,HumanoidUpperBody,base,base.C1_Body_Part10@HumanoidUpperBody,114.0
LA,2,+,body3,body3.어깨_팔꿈치_연결부_샤프트_260413_URDF3@LeftArm@HumanoidUpperBody,HumanoidUpperBody,base,base.C1_Body_Part02_260515@HumanoidUpperBody,114.0
LA,2,+,body3,body3.NONE@LeftArm@HumanoidUpperBody,HumanoidUpperBody,base,base.C2_________3@HumanoidUpperBody,114.0
LA,2,+,body3,body3.어깨_Yaw_팔꿈치_연결부_260423_URDF@LeftArm@HumanoidUpperBody,HumanoidUpperBody,base,base.C1_Head_Part08@HumanoidUpperBody,115.0
LA,2,+,body4,body4.팔꿈치_Pitch_회전부_260427_URDF@LeftArm@HumanoidUpperBody,HumanoidUpperBody,base,base.C1_Head_Part06@HumanoidUpperBody,117.0
LA,2,+,body3,body3.________11@LeftArm@HumanoidUpperBody,HumanoidUpperBody,base,base.C1_Body_Part10@HumanoidUpperBody,117.0
LA,2,+,body4,body4.팔꿈치_Pitchl베어링_고정파트_URDF기본@LeftArm@HumanoidUpperBody,HumanoidUpperBody,base,base.C1_Head_Part03@HumanoidUpperBody,118.0
LA,2,+,body4,body4.팔꿈치_Pitchl베어링_고정파트_URDF기본1@LeftArm@HumanoidUpperBody,HumanoidUpperBody,base,base.C1_Head_Part03@HumanoidUpperBody,118.0
LA,2,+,body3,body3.어깨_Yaw_팔꿈치_연결부_B_260423_URDF@LeftArm@HumanoidUpperBody,HumanoidUpperBody,base,base.C1_Head_Part05@HumanoidUpperBody,118.0
LA,2,+,body3,body3.어깨_Yaw_팔꿈치_연결부_B_260423_URDF@LeftArm@HumanoidUpperBody,HumanoidUpperBody,base,base.C2_D415_DepthCamera@HumanoidUpperBody,118.0
LA,2,+,body3,body3.팔꿈치_끝단베어링_체결부_260417_URDF@LeftArm@HumanoidUpperBody,HumanoidUpperBody,base,base.C1_Head_Part05@HumanoidUpperBody,118.0
LA,2,+,body3,body3.어깨_Yaw_팔꿈치_연결부_260423_URDF@LeftArm@HumanoidUpperBody,HumanoidUpperBody,base,base.C1_Head_Part06@HumanoidUpperBody,118.0
LA,2,+,body4,body4.팔꿈치_Pitch_회전부_260427_URDF@LeftArm@HumanoidUpperBody,HumanoidUpperBody,base,base.C1_Head_Part03@HumanoidUpperBody,119.0
LA,2,+,body3,body3.베어링_6708U_H_URDF@LeftArm@HumanoidUpperBody,HumanoidUpperBody,base,base.C1_Head_Part05@HumanoidUpperBody,119.0
LA,2,+,body3,body3.어깨_Yaw_팔꿈치_연결부_260423_URDF@LeftArm@HumanoidUpperBody,HumanoidUpperBody,base,base.C1_Body_Part04@HumanoidUpperBody,120.0
LA,2,+,body3,body3.어깨_Yaw_팔꿈치_연결부_260423_URDF@LeftArm@HumanoidUpperBody,HumanoidUpperBody,base,base.C1_Body_Part10@HumanoidUpperBody,120.0
LA,2,+,body4,body4.팔꿈치_Pitch_회전부_260427_URDF@LeftArm@HumanoidUpperBody,HumanoidUpperBody,base,base.C1_Body_Part04@HumanoidUpperBody,121.0
LA,2,+,body4,body4.팔꿈치_Pitch_회전부2_260427_URDF@LeftArm@HumanoidUpperBody,HumanoidUpperBody,base,base.C1_Head_Part05@HumanoidUpperBody,122.0
LA,2,+,body3,body3.팔꿈치_스토퍼_260424_URDF@LeftArm@HumanoidUpperBody,HumanoidUpperBody,base,base.C1_Head_Part05@HumanoidUpperBody,123.0
LA,2,+,body3,body3.NONE@LeftArm@HumanoidUpperBody,HumanoidUpperBody,base,base.C1_Head_Part05@HumanoidUpperBody,123.0
LA,2,+,body3,body3.어깨_팔꿈치_연결부_260416_URDF@LeftArm@HumanoidUpperBody,HumanoidUpperBody,base,base.C1_Head_Part05@HumanoidUpperBody,124.0
LA,2,+,body2,body2.어깨_Roll베어링_고정파트_URDF기본@LeftArm@HumanoidUpperBody,LA,body0,body0._________1@LeftArm@HumanoidUpperBody,124.0
LA,2,+,body4,body4.팔꿈치_Pitch_회전부3_260422_URDF@LeftArm@HumanoidUpperBody,HumanoidUpperBody,base,base.C1_Head_Part03@HumanoidUpperBody,125.0
LA,2,+,body4,body4.팔꿈치_손목_연결부_샤프트_260413_URDF1@LeftArm@HumanoidUpperBody,HumanoidUpperBody,base,base.C1_Head_Part03@HumanoidUpperBody,126.0
LA,2,+,body4,body4.팔꿈치_손목_연결부_샤프트_260413_URDF3@LeftArm@HumanoidUpperBody,HumanoidUpperBody,base,base.C1_Head_Part03@HumanoidUpperBody,126.0
LA,2,+,body4,body4.팔꿈치_Pitch_회전부_260427_URDF@LeftArm@HumanoidUpperBody,HumanoidUpperBody,base,base.C1_Body_Part10@HumanoidUpperBody,126.0
LA,2,+,body3,body3.________11@LeftArm@HumanoidUpperBody,HumanoidUpperBody,base,base.C1_Head_Part05@HumanoidUpperBody,127.0
LA,2,+,body3,body3.어깨_Yaw_팔꿈치_연결부_260423_URDF@LeftArm@HumanoidUpperBody,HumanoidUpperBody,base,base.C1_Head_Part05@HumanoidUpperBody,131.0
LA,2,+,body3,body3.어깨_Yaw_팔꿈치_연결부_260423_URDF@LeftArm@HumanoidUpperBody,HumanoidUpperBody,base,base.C2_D415_DepthCamera@HumanoidUpperBody,132.0
LA,2,+,body4,body4.팔꿈치_Pitch_회전부_260427_URDF@LeftArm@HumanoidUpperBody,HumanoidUpperBody,base,base.C1_Head_Part05@HumanoidUpperBody,135.0
LA,2,+,body4,body4.팔꿈치_손목_연결부_샤프트_260413_URDF@LeftArm@HumanoidUpperBody,HumanoidUpperBody,base,base.C1_Head_Part03@HumanoidUpperBody,136.0
LA,2,+,body4,body4.팔꿈치_손목_연결부_샤프트_260413_URDF2@LeftArm@HumanoidUpperBody,HumanoidUpperBody,base,base.C1_Head_Part03@HumanoidUpperBody,136.0
LA,2,+,body2,body2.어깨_Roll_연결부_260511_Left_URDF@LeftArm@HumanoidUpperBody,LA,body1,body1._________1@LeftArm@HumanoidUpperBody,173.0
LA,2,-,body2,body2.어깨_Roll베어링_고정파트_URDF기본@LeftArm@HumanoidUpperBody,LA,body1,body1._________4@LeftArm@HumanoidUpperBody,-0.0
LA,2,-,body2,body2.어깨_Roll베어링_고정파트_URDF기본@LeftArm@HumanoidUpperBody,LA,body1,body1._________12@LeftArm@HumanoidUpperBody,-0.0
LA,2,-,body2,body2.어깨_Roll베어링_고정파트_URDF기본@LeftArm@HumanoidUpperBody,LA,body1,body1.____3@LeftArm@HumanoidUpperBody,-0.0
LA,2,-,body2,body2.어깨_Roll베어링_고정파트_URDF기본1@LeftArm@HumanoidUpperBody,LA,body1,body1._________4@LeftArm@HumanoidUpperBody,-0.0
LA,2,-,body2,body2.어깨_Roll베어링_고정파트_URDF기본1@LeftArm@HumanoidUpperBody,LA,body1,body1._________12@LeftArm@HumanoidUpperBody,-0.0
LA,2,-,body2,body2.어깨_Roll베어링_고정파트_URDF기본1@LeftArm@HumanoidUpperBody,LA,body1,body1.____3@LeftArm@HumanoidUpperBody,-0.0
LA,2,-,body2,body2.어깨_Roll_베어링_연결부_260423_URDF@LeftArm@HumanoidUpperBody,LA,body1,body1.어깨_Pitch_회전부_260423_Right_어깨양단지지_URDF@LeftArm@HumanoidUpperBody,-0.0
LA,2,-,body2,body2.어깨_Roll_연결부_260511_Left_URDF@LeftArm@HumanoidUpperBody,LA,body1,body1.어깨_Roll모터_고정막대_260423_URDF@LeftArm@HumanoidUpperBody,-0.0
LA,2,-,body2,body2.어깨_Roll_연결부_260511_Left_URDF@LeftArm@HumanoidUpperBody,LA,body1,body1.어깨_Pitch_회전부_260423_Right_어깨양단지지_URDF@LeftArm@HumanoidUpperBody,-0.0
LA,2,-,body2,body2.어깨_Roll_연결부_260511_Left_URDF@LeftArm@HumanoidUpperBody,LA,body1,body1._________12@LeftArm@HumanoidUpperBody,-0.0
LA,2,-,body2,body2.어깨_Roll_연결부_260511_Left_URDF@LeftArm@HumanoidUpperBody,LA,body1,body1._________11@LeftArm@HumanoidUpperBody,-0.0
LA,2,-,body2,body2.어깨_Roll_Yaw_연결부_260422_URDF@LeftArm@HumanoidUpperBody,LA,body1,body1._________12@LeftArm@HumanoidUpperBody,-2.0
LA,2,-,body2,body2.어깨_Roll베어링_고정파트_URDF기본@LeftArm@HumanoidUpperBody,LA,body1,body1.____2@LeftArm@HumanoidUpperBody,-8.0
LA,2,-,body2,body2.어깨_Roll베어링_고정파트_URDF기본@LeftArm@HumanoidUpperBody,LA,body1,body1.____mm_______1@LeftArm@HumanoidUpperBody,-9.0
LA,2,-,body2,body2.어깨_Roll베어링_고정파트_URDF기본@LeftArm@HumanoidUpperBody,LA,body1,body1._________46@LeftArm@HumanoidUpperBody,-9.0
LA,2,-,body2,body2.어깨_Roll_연결부_260511_Left_URDF@LeftArm@HumanoidUpperBody,LA,body1,body1._________4@LeftArm@HumanoidUpperBody,-10.0
LA,2,-,body2,body2.어깨_Roll베어링_고정파트_URDF기본@LeftArm@HumanoidUpperBody,LA,body1,body1.어깨_Pitch_고정연결부_260511_B_Left_URDF@LeftArm@HumanoidUpperBody,-11.0
LA,2,-,body2,body2.어깨_Roll베어링_고정파트_URDF기본@LeftArm@HumanoidUpperBody,LA,body1,body1.어깨_Pitch_고정연결부_260511_A_Left_URDF@LeftArm@HumanoidUpperBody,-11.0
LA,2,-,body2,body2.어깨_Roll_연결부_260511_Left_URDF@LeftArm@HumanoidUpperBody,LA,body1,body1.____3@LeftArm@HumanoidUpperBody,-13.0
LA,2,-,body2,body2.어깨_Roll베어링_고정파트_URDF기본@LeftArm@HumanoidUpperBody,LA,body1,body1.어깨_Pitch_고정연결부_260511_B_Left_URDF1@LeftArm@HumanoidUpperBody,-13.0
LA,2,-,body2,body2.어깨_Roll베어링_고정파트_URDF기본@LeftArm@HumanoidUpperBody,LA,body1,body1.________2@LeftArm@HumanoidUpperBody,-14.0
LA,2,-,body2,body2.어깨_Roll_베어링_연결부_260423_URDF@LeftArm@HumanoidUpperBody,LA,body1,body1._________4@LeftArm@HumanoidUpperBody,-16.0
LA,2,-,body3,body3.어깨_Yaw_체결부_260415_URDF@LeftArm@HumanoidUpperBody,LA,body1,body1.어깨_Roll모터_고정막대_260423_URDF@LeftArm@HumanoidUpperBody,-18.0
LA,2,-,body2,body2.어깨_Roll_베어링_연결부_260423_URDF@LeftArm@HumanoidUpperBody,LA,body1,body1.____3@LeftArm@HumanoidUpperBody,-18.0
LA,2,-,body2,body2.어깨_Roll_연결부_260511_Left_URDF@LeftArm@HumanoidUpperBody,LA,body1,body1.어깨_Pitch_고정연결부_260511_B_Left_URDF@LeftArm@HumanoidUpperBody,-18.0
LA,2,-,body2,body2.어깨_Roll_연결부_260511_Left_URDF@LeftArm@HumanoidUpperBody,LA,body1,body1.어깨_Pitch_고정연결부_260511_A_Left_URDF@LeftArm@HumanoidUpperBody,-18.0
LA,2,-,body2,body2.어깨_Roll_연결부_260511_Left_URDF@LeftArm@HumanoidUpperBody,LA,body1,body1.____2@LeftArm@HumanoidUpperBody,-19.0
LA,2,-,body2,body2.어깨_Roll베어링_고정파트_URDF기본@LeftArm@HumanoidUpperBody,LA,body1,body1.어깨_Roll모터_고정막대_260423_URDF@LeftArm@HumanoidUpperBody,-19.0
LA,2,-,body2,body2.어깨_Roll_연결부_260511_Left_URDF@LeftArm@HumanoidUpperBody,LA,body1,body1._________46@LeftArm@HumanoidUpperBody,-21.0
LA,2,-,body3,body3.________2@LeftArm@HumanoidUpperBody,LA,body1,body1.어깨_Roll모터_고정막대_260423_URDF@LeftArm@HumanoidUpperBody,-22.0
LA,2,-,body2,body2.어깨_Roll_베어링_연결부_260423_URDF@LeftArm@HumanoidUpperBody,LA,body1,body1.어깨_Pitch_고정연결부_260511_B_Left_URDF@LeftArm@HumanoidUpperBody,-23.0
LA,2,-,body2,body2.어깨_Roll_연결부_260511_Left_URDF@LeftArm@HumanoidUpperBody,LA,body1,body1.________2@LeftArm@HumanoidUpperBody,-24.0
LA,2,-,body2,body2.어깨_Roll_베어링_연결부_260423_URDF@LeftArm@HumanoidUpperBody,LA,body1,body1.____2@LeftArm@HumanoidUpperBody,-25.0
LA,2,-,body2,body2.어깨_Roll_베어링_연결부_260423_URDF@LeftArm@HumanoidUpperBody,LA,body1,body1._________46@LeftArm@HumanoidUpperBody,-26.0
LA,2,-,body2,body2.어깨_Roll_연결부_260511_Left_URDF@LeftArm@HumanoidUpperBody,LA,body1,body1.____mm_______1@LeftArm@HumanoidUpperBody,-30.0
LA,2,-,body2,body2.어깨_Roll_베어링_연결부_260423_URDF@LeftArm@HumanoidUpperBody,LA,body1,body1.어깨_Pitch_고정연결부_260511_B_Left_URDF1@LeftArm@HumanoidUpperBody,-41.0
LA,2,-,body2,body2.어깨_Roll_Yaw_연결부_260422_URDF@LeftArm@HumanoidUpperBody,LA,body1,body1.어깨_Roll모터_고정막대_260423_URDF@LeftArm@HumanoidUpperBody,-44.0
LA,2,-,body2,body2.어깨_Roll_Yaw_연결부_260422_URDF@LeftArm@HumanoidUpperBody,LA,body1,body1._________4@LeftArm@HumanoidUpperBody,-46.0
LA,2,-,body2,body2.어깨_Roll_Yaw_연결부_260422_URDF@LeftArm@HumanoidUpperBody,LA,body1,body1.____3@LeftArm@HumanoidUpperBody,-50.0
LA,2,-,body2,body2.어깨_Roll_연결부_260511_Left_URDF@LeftArm@HumanoidUpperBody,LA,body1,body1._________1@LeftArm@HumanoidUpperBody,-54.0
LA,2,-,body2,body2.어깨_Roll_베어링_연결부_260423_URDF@LeftArm@HumanoidUpperBody,LA,body1,body1.베어링_6809_URDF@LeftArm@HumanoidUpperBody,-54.0
LA,2,-,body3,body3.어깨_Yaw_체결부_260415_URDF@LeftArm@HumanoidUpperBody,LA,body1,body1.어깨_Pitch_고정연결부_260511_B_Left_URDF@LeftArm@HumanoidUpperBody,-55.0
LA,2,-,body3,body3.어깨_Yaw_체결부_260415_URDF@LeftArm@HumanoidUpperBody,LA,body1,body1.어깨_Pitch_고정연결부_260511_A_Left_URDF@LeftArm@HumanoidUpperBody,-55.0
LA,2,-,body2,body2.어깨_Roll_Yaw_연결부_260422_URDF@LeftArm@HumanoidUpperBody,LA,body1,body1.____2@LeftArm@HumanoidUpperBody,-58.0
LA,2,-,body2,body2.어깨_Roll_Yaw_연결부_260422_URDF@LeftArm@HumanoidUpperBody,LA,body1,body1._________46@LeftArm@HumanoidUpperBody,-60.0
LA,2,-,body3,body3.________2@LeftArm@HumanoidUpperBody,LA,body1,body1.어깨_Pitch_고정연결부_260511_B_Left_URDF@LeftArm@HumanoidUpperBody,-61.0
LA,2,-,body3,body3.________2@LeftArm@HumanoidUpperBody,LA,body1,body1.어깨_Pitch_고정연결부_260511_A_Left_URDF@LeftArm@HumanoidUpperBody,-61.0
LA,2,-,body2,body2.어깨_Roll_Yaw_연결부_260422_URDF@LeftArm@HumanoidUpperBody,LA,body1,body1.어깨_Pitch_고정연결부_260511_B_Left_URDF@LeftArm@HumanoidUpperBody,-62.0
LA,2,-,body2,body2.어깨_Roll_Yaw_연결부_260422_URDF@LeftArm@HumanoidUpperBody,LA,body1,body1.어깨_Pitch_고정연결부_260511_A_Left_URDF@LeftArm@HumanoidUpperBody,-62.0
LA,2,-,body2,body2.어깨_Roll베어링_고정파트_URDF기본1@LeftArm@HumanoidUpperBody,LA,body1,body1.어깨_Roll모터_고정막대_260423_URDF@LeftArm@HumanoidUpperBody,-63.0
LA,2,-,body2,body2.어깨_Roll_Yaw_연결부_260422_URDF@LeftArm@HumanoidUpperBody,LA,body1,body1.어깨_Pitch_고정연결부_260511_B_Left_URDF1@LeftArm@HumanoidUpperBody,-63.0
LA,2,-,body2,body2.어깨_Roll_Yaw_연결부_260422_URDF@LeftArm@HumanoidUpperBody,LA,body1,body1.________2@LeftArm@HumanoidUpperBody,-65.0
LA,2,-,body3,body3.어깨_Yaw_체결부_260415_URDF@LeftArm@HumanoidUpperBody,LA,body1,body1._________4@LeftArm@HumanoidUpperBody,-68.0
LA,2,-,body2,body2.어깨_Roll_Yaw_연결부_260422_URDF@LeftArm@HumanoidUpperBody,LA,body1,body1.____mm_______1@LeftArm@HumanoidUpperBody,-68.0
LA,2,-,body2,body2.어깨_Roll베어링_고정파트_URDF기본1@LeftArm@HumanoidUpperBody,LA,body1,body1.____2@LeftArm@HumanoidUpperBody,-92.0
LA,2,-,body2,body2.어깨_Roll베어링_고정파트_URDF기본1@LeftArm@HumanoidUpperBody,LA,body1,body1.____mm_______1@LeftArm@HumanoidUpperBody,-92.0
LA,2,-,body2,body2.어깨_Roll베어링_고정파트_URDF기본1@LeftArm@HumanoidUpperBody,LA,body1,body1._________46@LeftArm@HumanoidUpperBody,-93.0
LA,2,-,body2,body2.어깨_Roll베어링_고정파트_URDF기본1@LeftArm@HumanoidUpperBody,LA,body1,body1.어깨_Pitch_고정연결부_260511_B_Left_URDF@LeftArm@HumanoidUpperBody,-94.0
LA,2,-,body2,body2.어깨_Roll베어링_고정파트_URDF기본1@LeftArm@HumanoidUpperBody,LA,body1,body1.어깨_Pitch_고정연결부_260511_A_Left_URDF@LeftArm@HumanoidUpperBody,-94.0
LA,2,-,body2,body2.어깨_Roll베어링_고정파트_URDF기본1@LeftArm@HumanoidUpperBody,LA,body1,body1.________2@LeftArm@HumanoidUpperBody,-96.0
LA,2,-,body2,body2.어깨_Roll베어링_고정파트_URDF기본1@LeftArm@HumanoidUpperBody,LA,body1,body1.어깨_Pitch_고정연결부_260511_B_Left_URDF1@LeftArm@HumanoidUpperBody,-97.0
LA,3,+,body3,body3.어깨_Yaw_체결부_260415_URDF@LeftArm@HumanoidUpperBody,LA,body2,body2.어깨_Roll베어링_고정파트_URDF기본@LeftArm@HumanoidUpperBody,1.0
LA,3,+,body3,body3.어깨_Yaw_체결부_260415_URDF@LeftArm@HumanoidUpperBody,LA,body2,body2.어깨_Roll베어링_고정파트_URDF기본1@LeftArm@HumanoidUpperBody,1.0
LA,3,+,body3,body3.어깨_Yaw_체결부_260415_URDF@LeftArm@HumanoidUpperBody,LA,body2,body2.어깨_Roll_Yaw_연결부_260422_URDF@LeftArm@HumanoidUpperBody,1.0
LA,3,+,body3,body3._________46@LeftArm@HumanoidUpperBody,LA,body2,body2.어깨_Roll베어링_고정파트_URDF기본@LeftArm@HumanoidUpperBody,1.0
LA,3,+,body3,body3._________46@LeftArm@HumanoidUpperBody,LA,body2,body2.어깨_Roll베어링_고정파트_URDF기본1@LeftArm@HumanoidUpperBody,1.0
LA,3,+,body3,body3._________46@LeftArm@HumanoidUpperBody,LA,body2,body2.어깨_Roll_Yaw_연결부_260422_URDF@LeftArm@HumanoidUpperBody,1.0
LA,3,+,body3,body3.____2@LeftArm@HumanoidUpperBody,LA,body2,body2.어깨_Roll베어링_고정파트_URDF기본@LeftArm@HumanoidUpperBody,1.0
LA,3,+,body3,body3.____2@LeftArm@HumanoidUpperBody,LA,body2,body2.어깨_Roll베어링_고정파트_URDF기본1@LeftArm@HumanoidUpperBody,1.0
LA,3,+,body3,body3.____2@LeftArm@HumanoidUpperBody,LA,body2,body2.어깨_Roll_Yaw_연결부_260422_URDF@LeftArm@HumanoidUpperBody,1.0
LA,3,+,body3,body3._________4@LeftArm@HumanoidUpperBody,LA,body2,body2.어깨_Roll베어링_고정파트_URDF기본@LeftArm@HumanoidUpperBody,1.0
LA,3,+,body3,body3._________4@LeftArm@HumanoidUpperBody,LA,body2,body2.어깨_Roll베어링_고정파트_URDF기본1@LeftArm@HumanoidUpperBody,1.0
LA,3,+,body3,body3._________4@LeftArm@HumanoidUpperBody,LA,body2,body2.어깨_Roll_Yaw_연결부_260422_URDF@LeftArm@HumanoidUpperBody,1.0
LA,3,+,body3,body3.________2@LeftArm@HumanoidUpperBody,LA,body2,body2.어깨_Roll베어링_고정파트_URDF기본@LeftArm@HumanoidUpperBody,1.0
LA,3,+,body3,body3.________2@LeftArm@HumanoidUpperBody,LA,body2,body2.어깨_Roll베어링_고정파트_URDF기본1@LeftArm@HumanoidUpperBody,1.0
LA,3,+,body3,body3.________2@LeftArm@HumanoidUpperBody,LA,body2,body2.어깨_Roll_Yaw_연결부_260422_URDF@LeftArm@HumanoidUpperBody,1.0
LA,3,+,body3,body3.____mm_______1@LeftArm@HumanoidUpperBody,LA,body2,body2.어깨_Roll베어링_고정파트_URDF기본@LeftArm@HumanoidUpperBody,1.0
LA,3,+,body3,body3.____mm_______1@LeftArm@HumanoidUpperBody,LA,body2,body2.어깨_Roll베어링_고정파트_URDF기본1@LeftArm@HumanoidUpperBody,1.0
LA,3,+,body3,body3.____mm_______1@LeftArm@HumanoidUpperBody,LA,body2,body2.어깨_Roll_Yaw_연결부_260422_URDF@LeftArm@HumanoidUpperBody,1.0
LA,3,+,body3,body3._________12@LeftArm@HumanoidUpperBody,LA,body2,body2.어깨_Roll베어링_고정파트_URDF기본@LeftArm@HumanoidUpperBody,1.0
LA,3,+,body3,body3._________12@LeftArm@HumanoidUpperBody,LA,body2,body2.어깨_Roll베어링_고정파트_URDF기본1@LeftArm@HumanoidUpperBody,1.0
LA,3,+,body3,body3._________12@LeftArm@HumanoidUpperBody,LA,body2,body2.어깨_Roll_Yaw_연결부_260422_URDF@LeftArm@HumanoidUpperBody,1.0
LA,3,+,body3,body3.____3@LeftArm@HumanoidUpperBody,LA,body2,body2.어깨_Roll베어링_고정파트_URDF기본@LeftArm@HumanoidUpperBody,1.0
LA,3,+,body3,body3.____3@LeftArm@HumanoidUpperBody,LA,body2,body2.어깨_Roll베어링_고정파트_URDF기본1@LeftArm@HumanoidUpperBody,1.0
LA,3,+,body3,body3.____3@LeftArm@HumanoidUpperBody,LA,body2,body2.어깨_Roll_Yaw_연결부_260422_URDF@LeftArm@HumanoidUpperBody,1.0
LA,3,-,body3,body3.어깨_Yaw_체결부_260415_URDF@LeftArm@HumanoidUpperBody,LA,body2,body2.어깨_Roll베어링_고정파트_URDF기본@LeftArm@HumanoidUpperBody,-0.0
LA,3,-,body3,body3.어깨_Yaw_체결부_260415_URDF@LeftArm@HumanoidUpperBody,LA,body2,body2.어깨_Roll베어링_고정파트_URDF기본1@LeftArm@HumanoidUpperBody,-0.0
LA,3,-,body3,body3.어깨_Yaw_체결부_260415_URDF@LeftArm@HumanoidUpperBody,LA,body2,body2.어깨_Roll_Yaw_연결부_260422_URDF@LeftArm@HumanoidUpperBody,-0.0
LA,3,-,body3,body3._________46@LeftArm@HumanoidUpperBody,LA,body2,body2.어깨_Roll베어링_고정파트_URDF기본@LeftArm@HumanoidUpperBody,-0.0
LA,3,-,body3,body3._________46@LeftArm@HumanoidUpperBody,LA,body2,body2.어깨_Roll베어링_고정파트_URDF기본1@LeftArm@HumanoidUpperBody,-0.0
LA,3,-,body3,body3._________46@LeftArm@HumanoidUpperBody,LA,body2,body2.어깨_Roll_Yaw_연결부_260422_URDF@LeftArm@HumanoidUpperBody,-0.0
LA,3,-,body3,body3.____2@LeftArm@HumanoidUpperBody,LA,body2,body2.어깨_Roll베어링_고정파트_URDF기본@LeftArm@HumanoidUpperBody,-0.0
LA,3,-,body3,body3.____2@LeftArm@HumanoidUpperBody,LA,body2,body2.어깨_Roll베어링_고정파트_URDF기본1@LeftArm@HumanoidUpperBody,-0.0
LA,3,-,body3,body3.____2@LeftArm@HumanoidUpperBody,LA,body2,body2.어깨_Roll_Yaw_연결부_260422_URDF@LeftArm@HumanoidUpperBody,-0.0
LA,3,-,body3,body3._________4@LeftArm@HumanoidUpperBody,LA,body2,body2.어깨_Roll베어링_고정파트_URDF기본@LeftArm@HumanoidUpperBody,-0.0
LA,3,-,body3,body3._________4@LeftArm@HumanoidUpperBody,LA,body2,body2.어깨_Roll베어링_고정파트_URDF기본1@LeftArm@HumanoidUpperBody,-0.0
LA,3,-,body3,body3._________4@LeftArm@HumanoidUpperBody,LA,body2,body2.어깨_Roll_Yaw_연결부_260422_URDF@LeftArm@HumanoidUpperBody,-0.0
LA,3,-,body3,body3.________2@LeftArm@HumanoidUpperBody,LA,body2,body2.어깨_Roll베어링_고정파트_URDF기본@LeftArm@HumanoidUpperBody,-0.0
LA,3,-,body3,body3.________2@LeftArm@HumanoidUpperBody,LA,body2,body2.어깨_Roll베어링_고정파트_URDF기본1@LeftArm@HumanoidUpperBody,-0.0
LA,3,-,body3,body3.________2@LeftArm@HumanoidUpperBody,LA,body2,body2.어깨_Roll_Yaw_연결부_260422_URDF@LeftArm@HumanoidUpperBody,-0.0
LA,3,-,body3,body3.____mm_______1@LeftArm@HumanoidUpperBody,LA,body2,body2.어깨_Roll베어링_고정파트_URDF기본@LeftArm@HumanoidUpperBody,-0.0
LA,3,-,body3,body3.____mm_______1@LeftArm@HumanoidUpperBody,LA,body2,body2.어깨_Roll베어링_고정파트_URDF기본1@LeftArm@HumanoidUpperBody,-0.0
LA,3,-,body3,body3.____mm_______1@LeftArm@HumanoidUpperBody,LA,body2,body2.어깨_Roll_Yaw_연결부_260422_URDF@LeftArm@HumanoidUpperBody,-0.0
LA,3,-,body3,body3._________12@LeftArm@HumanoidUpperBody,LA,body2,body2.어깨_Roll베어링_고정파트_URDF기본@LeftArm@HumanoidUpperBody,-0.0
LA,3,-,body3,body3._________12@LeftArm@HumanoidUpperBody,LA,body2,body2.어깨_Roll베어링_고정파트_URDF기본1@LeftArm@HumanoidUpperBody,-0.0
LA,3,-,body3,body3._________12@LeftArm@HumanoidUpperBody,LA,body2,body2.어깨_Roll_Yaw_연결부_260422_URDF@LeftArm@HumanoidUpperBody,-0.0
LA,3,-,body3,body3.____3@LeftArm@HumanoidUpperBody,LA,body2,body2.어깨_Roll베어링_고정파트_URDF기본@LeftArm@HumanoidUpperBody,-0.0
LA,3,-,body3,body3.____3@LeftArm@HumanoidUpperBody,LA,body2,body2.어깨_Roll베어링_고정파트_URDF기본1@LeftArm@HumanoidUpperBody,-0.0
LA,3,-,body3,body3.____3@LeftArm@HumanoidUpperBody,LA,body2,body2.어깨_Roll_Yaw_연결부_260422_URDF@LeftArm@HumanoidUpperBody,-0.0
LA,4,+,body4,body4.팔꿈치_Pitch_회전부_260427_URDF@LeftArm@HumanoidUpperBody,LA,body3,body3.어깨_팔꿈치_연결부_260416_URDF@LeftArm@HumanoidUpperBody,1.0
LA,4,+,body4,body4.팔꿈치_Pitch_회전부_260427_URDF@LeftArm@HumanoidUpperBody,LA,body3,body3.NONE@LeftArm@HumanoidUpperBody,1.0
LA,4,+,body4,body4.팔꿈치_Pitch_회전부_260427_URDF@LeftArm@HumanoidUpperBody,LA,body3,body3.________11@LeftArm@HumanoidUpperBody,1.0
LA,4,+,body4,body4.팔꿈치_Pitch_회전부_260427_URDF@LeftArm@HumanoidUpperBody,LA,body3,body3.어깨_Yaw_팔꿈치_연결부_260423_URDF@LeftArm@HumanoidUpperBody,1.0
LA,4,+,body4,body4.팔꿈치_Pitch_회전부2_260427_URDF@LeftArm@HumanoidUpperBody,LA,body3,body3.베어링_6708U_H_URDF@LeftArm@HumanoidUpperBody,1.0
LA,4,+,body4,body4.팔꿈치_Pitch_회전부2_260427_URDF@LeftArm@HumanoidUpperBody,LA,body3,body3.팔꿈치_스토퍼_260424_URDF@LeftArm@HumanoidUpperBody,1.0
LA,4,+,body4,body4.팔꿈치_Pitch_회전부2_260427_URDF@LeftArm@HumanoidUpperBody,LA,body3,body3.어깨_Yaw_팔꿈치_연결부_B_260423_URDF@LeftArm@HumanoidUpperBody,1.0
LA,4,+,body4,body4.팔꿈치_Pitch_회전부2_260427_URDF@LeftArm@HumanoidUpperBody,LA,body3,body3.팔꿈치_끝단베어링_체결부_260417_URDF@LeftArm@HumanoidUpperBody,1.0
LA,4,+,body4,body4.팔꿈치_Pitch_회전부2_260427_URDF@LeftArm@HumanoidUpperBody,LA,body3,body3.어깨_팔꿈치_연결부_260416_URDF@LeftArm@HumanoidUpperBody,1.0
LA,4,+,body4,body4.팔꿈치_Pitchl베어링_고정파트_URDF기본@LeftArm@HumanoidUpperBody,LA,body3,body3.NONE@LeftArm@HumanoidUpperBody,5.0
LA,4,+,body4,body4.팔꿈치_Pitchl베어링_고정파트_URDF기본@LeftArm@HumanoidUpperBody,LA,body3,body3.________11@LeftArm@HumanoidUpperBody,21.0
LA,4,+,body4,body4.팔꿈치_Pitchl베어링_고정파트_URDF기본@LeftArm@HumanoidUpperBody,LA,body3,body3.팔꿈치_스토퍼_260424_URDF@LeftArm@HumanoidUpperBody,51.0
LA,4,+,body4,body4.팔꿈치_Pitchl베어링_고정파트_URDF기본1@LeftArm@HumanoidUpperBody,LA,body3,body3.NONE@LeftArm@HumanoidUpperBody,52.0
LA,4,+,body4,body4.팔꿈치_Pitchl베어링_고정파트_URDF기본@LeftArm@HumanoidUpperBody,LA,body3,body3.어깨_Yaw_팔꿈치_연결부_B_260423_URDF@LeftArm@HumanoidUpperBody,54.0
LA,4,+,body4,body4.팔꿈치_Pitchl베어링_고정파트_URDF기본@LeftArm@HumanoidUpperBody,LA,body3,body3.어깨_Yaw_팔꿈치_연결부_260423_URDF@LeftArm@HumanoidUpperBody,58.0
LA,4,+,body4,body4.팔꿈치_Pitchl베어링_고정파트_URDF기본@LeftArm@HumanoidUpperBody,LA,body3,body3.팔꿈치_끝단베어링_체결부_260417_URDF@LeftArm@HumanoidUpperBody,59.0
LA,4,+,body4,body4.팔꿈치_Pitchl베어링_고정파트_URDF기본1@LeftArm@HumanoidUpperBody,LA,body3,body3.________11@LeftArm@HumanoidUpperBody,64.0
LA,4,+,body4,body4.팔꿈치_Pitchl베어링_고정파트_URDF기본1@LeftArm@HumanoidUpperBody,LA,body3,body3.팔꿈치_끝단베어링_체결부_260417_URDF@LeftArm@HumanoidUpperBody,106.0
LA,4,+,body4,body4.팔꿈치_Pitchl베어링_고정파트_URDF기본1@LeftArm@HumanoidUpperBody,LA,body3,body3.팔꿈치_스토퍼_260424_URDF@LeftArm@HumanoidUpperBody,109.0
LA,4,+,body4,body4.팔꿈치_Pitchl베어링_고정파트_URDF기본1@LeftArm@HumanoidUpperBody,LA,body3,body3.어깨_Yaw_팔꿈치_연결부_B_260423_URDF@LeftArm@HumanoidUpperBody,112.0
LA,4,+,body4,body4.팔꿈치_Pitchl베어링_고정파트_URDF기본1@LeftArm@HumanoidUpperBody,LA,body3,body3.어깨_Yaw_팔꿈치_연결부_260423_URDF@LeftArm@HumanoidUpperBody,116.0
LA,4,+,body5,body5.손목_Roll_회전부2_260409_v2_URDF@LeftArm@HumanoidUpperBody,LA,body3,body3.어깨_팔꿈치_연결부_샤프트_260413_URDF@LeftArm@HumanoidUpperBody,128.0
LA,4,+,body5,body5.손목_Roll_회전부2_260409_v2_URDF@LeftArm@HumanoidUpperBody,LA,body3,body3.어깨_팔꿈치_연결부_샤프트_260413_URDF1@LeftArm@HumanoidUpperBody,128.0
LA,4,+,body4,body4.팔꿈치_Pitchl베어링_고정파트_URDF기본@LeftArm@HumanoidUpperBody,LA,body3,body3.어깨_팔꿈치_연결부_260416_URDF@LeftArm@HumanoidUpperBody,134.0
LA,4,+,body4,body4.손목_Roll_체결부_260415_v2_URDF@LeftArm@HumanoidUpperBody,LA,body3,body3.어깨_팔꿈치_연결부_샤프트_260413_URDF@LeftArm@HumanoidUpperBody,141.0
LA,4,+,body4,body4.손목_Roll_체결부_260415_v2_URDF@LeftArm@HumanoidUpperBody,LA,body3,body3.어깨_팔꿈치_연결부_샤프트_260413_URDF1@LeftArm@HumanoidUpperBody,141.0
LA,4,+,body4,body4.손목_Roll_체결부_260415_v2_URDF@LeftArm@HumanoidUpperBody,LA,body3,body3.어깨_팔꿈치_연결부_샤프트_260413_URDF2@LeftArm@HumanoidUpperBody,144.0
LA,4,+,body4,body4.손목_Roll_체결부_260415_v2_URDF@LeftArm@HumanoidUpperBody,LA,body3,body3.어깨_팔꿈치_연결부_샤프트_260413_URDF3@LeftArm@HumanoidUpperBody,144.0
LA,4,+,body4,body4.NONE@LeftArm@HumanoidUpperBody,LA,body3,body3.어깨_팔꿈치_연결부_샤프트_260413_URDF@LeftArm@HumanoidUpperBody,145.0
LA,4,+,body4,body4.NONE@LeftArm@HumanoidUpperBody,LA,body3,body3.어깨_팔꿈치_연결부_샤프트_260413_URDF1@LeftArm@HumanoidUpperBody,145.0
LA,4,+,body4,body4.NONE@LeftArm@HumanoidUpperBody,LA,body3,body3.어깨_팔꿈치_연결부_샤프트_260413_URDF2@LeftArm@HumanoidUpperBody,145.0
LA,4,+,body4,body4.NONE@LeftArm@HumanoidUpperBody,LA,body3,body3.어깨_팔꿈치_연결부_샤프트_260413_URDF3@LeftArm@HumanoidUpperBody,145.0
LA,4,+,body4,body4.팔꿈치_Pitch_회전부3_260422_URDF@LeftArm@HumanoidUpperBody,LA,body3,body3.어깨_팔꿈치_연결부_260416_URDF@LeftArm@HumanoidUpperBody,145.0
LA,4,+,body5,body5.손목_Roll_회전부3_260526_v2_URDF@LeftArm@HumanoidUpperBody,LA,body3,body3.어깨_팔꿈치_연결부_샤프트_260413_URDF@LeftArm@HumanoidUpperBody,148.0
LA,4,+,body5,body5.손목_Roll_회전부3_260526_v2_URDF@LeftArm@HumanoidUpperBody,LA,body3,body3.어깨_팔꿈치_연결부_샤프트_260413_URDF1@LeftArm@HumanoidUpperBody,148.0
LA,4,+,body4,body4.팔꿈치_손목_연결부_샤프트_260413_URDF2@LeftArm@HumanoidUpperBody,LA,body3,body3.어깨_팔꿈치_연결부_샤프트_260413_URDF@LeftArm@HumanoidUpperBody,149.0
LA,4,+,body4,body4.팔꿈치_손목_연결부_샤프트_260413_URDF2@LeftArm@HumanoidUpperBody,LA,body3,body3.어깨_팔꿈치_연결부_샤프트_260413_URDF3@LeftArm@HumanoidUpperBody,149.0
LA,4,+,body4,body4.팔꿈치_손목_연결부_샤프트_260413_URDF3@LeftArm@HumanoidUpperBody,LA,body3,body3.어깨_팔꿈치_연결부_샤프트_260413_URDF1@LeftArm@HumanoidUpperBody,149.0
LA,4,+,body4,body4.팔꿈치_손목_연결부_샤프트_260413_URDF3@LeftArm@HumanoidUpperBody,LA,body3,body3.어깨_팔꿈치_연결부_샤프트_260413_URDF2@LeftArm@HumanoidUpperBody,149.0
LA,4,+,body6_1,body6_1.C1_손목_Yaw_링크_260420_Right@LeftArm@HumanoidUpperBody,LA,body3,body3.어깨_팔꿈치_연결부_샤프트_260413_URDF@LeftArm@HumanoidUpperBody,149.0
LA,4,+,body4,body4.팔꿈치_손목_연결부_샤프트_260413_URDF2@LeftArm@HumanoidUpperBody,LA,body3,body3.어깨_팔꿈치_연결부_260416_URDF@LeftArm@HumanoidUpperBody,150.0
LA,4,+,body4,body4.팔꿈치_손목_연결부_샤프트_260413_URDF3@LeftArm@HumanoidUpperBody,LA,body3,body3.어깨_팔꿈치_연결부_260416_URDF@LeftArm@HumanoidUpperBody,150.0
LA,4,+,body6_1,body6_1.C1_SWSPS12_6_10_URDF3@LeftArm@HumanoidUpperBody,LA,body3,body3.어깨_팔꿈치_연결부_샤프트_260413_URDF@LeftArm@HumanoidUpperBody,150.0
LA,4,+,body6_2,body6_2.C1_DBSY4_7_51@LeftArm@HumanoidUpperBody,LA,body3,body3.어깨_팔꿈치_연결부_샤프트_260413_URDF@LeftArm@HumanoidUpperBody,150.0
LA,4,+,body6_1,body6_1.C1_SWSPS12_6_10_URDF1@LeftArm@HumanoidUpperBody,LA,body3,body3.어깨_팔꿈치_연결부_샤프트_260413_URDF@LeftArm@HumanoidUpperBody,151.0
LA,4,+,body6_1,body6_1.C1_Body111@LeftArm@HumanoidUpperBody,LA,body3,body3.어깨_팔꿈치_연결부_샤프트_260413_URDF@LeftArm@HumanoidUpperBody,151.0
LA,4,+,body6_2,body6_2.C1_SWSPS12_6_10_URDF3@LeftArm@HumanoidUpperBody,LA,body3,body3.어깨_팔꿈치_연결부_샤프트_260413_URDF@LeftArm@HumanoidUpperBody,151.0
LA,4,+,body4,body4.NONE@LeftArm@HumanoidUpperBody,LA,body3,body3.어깨_팔꿈치_연결부_260416_URDF@LeftArm@HumanoidUpperBody,152.0
LA,4,+,body6_2,body6_2.C1_Body111@LeftArm@HumanoidUpperBody,LA,body3,body3.어깨_팔꿈치_연결부_샤프트_260413_URDF@LeftArm@HumanoidUpperBody,152.0
LA,4,+,body6_2,body6_2.C1_SWSPS12_6_10_URDF1@LeftArm@HumanoidUpperBody,LA,body3,body3.어깨_팔꿈치_연결부_샤프트_260413_URDF@LeftArm@HumanoidUpperBody,153.0
LA,4,+,body7,body7.C1_손목_Pitch_회전부_260415_URDF@LeftArm@HumanoidUpperBody,LA,body2,body2.어깨_Roll_연결부_260511_Left_URDF@LeftArm@HumanoidUpperBody,158.0
LA,4,+,body4,body4.NONE@LeftArm@HumanoidUpperBody,LA,body3,body3.____2@LeftArm@HumanoidUpperBody,160.0
LA,4,+,body6,body6.C1_손목_Pitch_베어링체결부_260407_URDF@LeftArm@HumanoidUpperBody,LA,body2,body2.어깨_Roll_Yaw_연결부_260422_URDF@LeftArm@HumanoidUpperBody,161.0
LA,4,+,body5,body5.손목_Yaw_01_URDF@LeftArm@HumanoidUpperBody,LA,body3,body3._________12@LeftArm@HumanoidUpperBody,161.0
LA,4,+,body5,body5.손목_Yaw_01_URDF@LeftArm@HumanoidUpperBody,LA,body2,body2.어깨_Roll_Yaw_연결부_260422_URDF@LeftArm@HumanoidUpperBody,161.0
LA,4,+,body5,body5.손목_Roll_회전부2_260409_v2_URDF@LeftArm@HumanoidUpperBody,LA,body3,body3._________1@LeftArm@HumanoidUpperBody,161.0
LA,4,+,body5,body5.손목_Roll_회전부2_260409_v2_URDF@LeftArm@HumanoidUpperBody,LA,body3,body3._________12@LeftArm@HumanoidUpperBody,161.0
LA,4,+,body5,body5.손목_Roll_회전부2_260409_v2_URDF@LeftArm@HumanoidUpperBody,LA,body2,body2.어깨_Roll_Yaw_연결부_260422_URDF@LeftArm@HumanoidUpperBody,161.0
LA,4,+,body5,body5.손목_Roll_회전부_260409_v2_URDF@LeftArm@HumanoidUpperBody,LA,body3,body3.____2@LeftArm@HumanoidUpperBody,162.0
LA,4,+,body5,body5.손목_Roll_회전부_260409_v2_URDF@LeftArm@HumanoidUpperBody,LA,body3,body3._________4@LeftArm@HumanoidUpperBody,162.0
LA,4,+,body4,body4.손목_Roll_체결부_260415_v2_URDF@LeftArm@HumanoidUpperBody,LA,body3,body3.____2@LeftArm@HumanoidUpperBody,162.0
LA,4,+,body4,body4.NONE@LeftArm@HumanoidUpperBody,LA,body3,body3._________46@LeftArm@HumanoidUpperBody,162.0
LA,4,+,body4,body4.________11@LeftArm@HumanoidUpperBody,LA,body3,body3.어깨_팔꿈치_연결부_260416_URDF@LeftArm@HumanoidUpperBody,162.0
LA,4,+,body4,body4.팔꿈치_손목_연결부_샤프트_260413_URDF2@LeftArm@HumanoidUpperBody,LA,body3,body3.____2@LeftArm@HumanoidUpperBody,162.0
LA,4,+,body4,body4.팔꿈치_손목_연결부_샤프트_260413_URDF3@LeftArm@HumanoidUpperBody,LA,body3,body3.____2@LeftArm@HumanoidUpperBody,162.0
LA,4,+,body6,body6.C1_________11@LeftArm@HumanoidUpperBody,LA,body3,body3._________1@LeftArm@HumanoidUpperBody,163.0
LA,4,+,body5,body5.손목_샤프트_260408_URDF@LeftArm@HumanoidUpperBody,LA,body3,body3._________12@LeftArm@HumanoidUpperBody,163.0
LA,4,+,body5,body5.손목_샤프트_260408_URDF@LeftArm@HumanoidUpperBody,LA,body2,body2.어깨_Roll_Yaw_연결부_260422_URDF@LeftArm@HumanoidUpperBody,163.0
LA,4,+,body5,body5.손목_샤프트_260408_URDF1@LeftArm@HumanoidUpperBody,LA,body3,body3._________12@LeftArm@HumanoidUpperBody,163.0
LA,4,+,body5,body5.손목_샤프트_260408_URDF1@LeftArm@HumanoidUpperBody,LA,body2,body2.어깨_Roll_Yaw_연결부_260422_URDF@LeftArm@HumanoidUpperBody,163.0
LA,4,+,body5,body5.손목_Yaw_01_URDF@LeftArm@HumanoidUpperBody,LA,body3,body3._________4@LeftArm@HumanoidUpperBody,163.0
LA,4,+,body5,body5.손목_Roll_회전부_260409_v2_URDF@LeftArm@HumanoidUpperBody,LA,body3,body3._________46@LeftArm@HumanoidUpperBody,163.0
LA,4,+,body4,body4.손목_Roll_체결부_260415_v2_URDF@LeftArm@HumanoidUpperBody,LA,body3,body3._________46@LeftArm@HumanoidUpperBody,163.0
LA,4,+,body6,body6.C1_FL6700ZZ_Right_어깨양단지지_URDF@LeftArm@HumanoidUpperBody,LA,body2,body2.어깨_Roll_Yaw_연결부_260422_URDF@LeftArm@HumanoidUpperBody,164.0
LA,4,+,body4,body4.팔꿈치_손목_연결부_샤프트_260413_URDF2@LeftArm@HumanoidUpperBody,LA,body3,body3._________46@LeftArm@HumanoidUpperBody,164.0
LA,4,+,body4,body4.팔꿈치_손목_연결부_샤프트_260413_URDF3@LeftArm@HumanoidUpperBody,LA,body3,body3._________46@LeftArm@HumanoidUpperBody,164.0
LA,4,+,body6,body6.C1_손목_Pitch_베어링체결부_260407_URDF@LeftArm@HumanoidUpperBody,LA,body3,body3.____3@LeftArm@HumanoidUpperBody,165.0
LA,4,+,body7,body7.C1_손목_Pitch_회전부2_260415_URDF@LeftArm@HumanoidUpperBody,LA,body2,body2.어깨_Roll_연결부_260511_Left_URDF@LeftArm@HumanoidUpperBody,165.0
LA,4,+,body7,body7.C1_손목_Pitch_회전부2_260415_URDF@LeftArm@HumanoidUpperBody,LA,body1,body1.어깨_Pitch_고정연결부_260511_A_Left_URDF@LeftArm@HumanoidUpperBody,165.0
LA,4,+,body7,body7.C1_손목_Pitch_회전부2_260415_URDF@LeftArm@HumanoidUpperBody,LA,body1,body1.________2@LeftArm@HumanoidUpperBody,165.0
LA,4,+,body5,body5.손목_Yaw_01_URDF@LeftArm@HumanoidUpperBody,LA,body3,body3.____2@LeftArm@HumanoidUpperBody,165.0
LA,4,+,body5,body5.손목_Yaw_01_URDF@LeftArm@HumanoidUpperBody,LA,body3,body3.____3@LeftArm@HumanoidUpperBody,165.0
LA,4,+,body5,body5.________11@LeftArm@HumanoidUpperBody,LA,body3,body3._________12@LeftArm@HumanoidUpperBody,165.0
LA,4,+,body5,body5.________11@LeftArm@HumanoidUpperBody,LA,body2,body2.어깨_Roll_Yaw_연결부_260422_URDF@LeftArm@HumanoidUpperBody,165.0
LA,4,+,body5,body5.손목_Roll_회전부_260409_v2_URDF@LeftArm@HumanoidUpperBody,LA,body3,body3.____3@LeftArm@HumanoidUpperBody,165.0
LA,4,+,body6,body6.C1_________11@LeftArm@HumanoidUpperBody,LA,body2,body2.어깨_Roll_Yaw_연결부_260422_URDF@LeftArm@HumanoidUpperBody,166.0
LA,4,+,body6,body6.C1_손목_Pitch_베어링체결부_260407_URDF@LeftArm@HumanoidUpperBody,LA,body3,body3.____mm_______1@LeftArm@HumanoidUpperBody,166.0
LA,4,+,body7,body7.C1_손목_Pitch_회전부_260415_URDF@LeftArm@HumanoidUpperBody,LA,body1,body1._________11@LeftArm@HumanoidUpperBody,166.0
LA,4,+,body5,body5.손목_Yaw_01_URDF@LeftArm@HumanoidUpperBody,LA,body3,body3._________46@LeftArm@HumanoidUpperBody,166.0
LA,4,+,body5,body5.손목_Roll_회전부2_260409_v2_URDF@LeftArm@HumanoidUpperBody,LA,body3,body3._________4@LeftArm@HumanoidUpperBody,166.0
LA,4,+,body5,body5.손목_Roll_회전부2_260409_v2_URDF@LeftArm@HumanoidUpperBody,LA,body3,body3.____3@LeftArm@HumanoidUpperBody,166.0
LA,4,+,body4,body4.________11@LeftArm@HumanoidUpperBody,LA,body3,body3.____2@LeftArm@HumanoidUpperBody,166.0
LA,4,+,body6,body6.C1_손목_Pitch_베어링체결부_260407_URDF@LeftArm@HumanoidUpperBody,LA,body3,body3.어깨_Yaw_체결부_260415_URDF@LeftArm@HumanoidUpperBody,167.0
LA,4,+,body6,body6.C1_손목_Pitch_베어링체결부_260407_URDF@LeftArm@HumanoidUpperBody,LA,body3,body3.________2@LeftArm@HumanoidUpperBody,167.0
LA,4,+,body7,body7.C1_손목_Pitch_회전부2_260415_URDF@LeftArm@HumanoidUpperBody,LA,body1,body1.____3@LeftArm@HumanoidUpperBody,167.0
LA,4,+,body7,body7.C1_손목_Pitch_회전부2_260415_URDF@LeftArm@HumanoidUpperBody,LA,body1,body1.____mm_______1@LeftArm@HumanoidUpperBody,168.0
LA,4,+,body5,body5.손목_샤프트_260408_URDF@LeftArm@HumanoidUpperBody,LA,body3,body3._________4@LeftArm@HumanoidUpperBody,168.0
LA,4,+,body5,body5.손목_샤프트_260408_URDF1@LeftArm@HumanoidUpperBody,LA,body3,body3._________4@LeftArm@HumanoidUpperBody,168.0
LA,4,+,body5,body5.손목_Yaw_01_URDF@LeftArm@HumanoidUpperBody,LA,body3,body3.어깨_Yaw_체결부_260415_URDF@LeftArm@HumanoidUpperBody,168.0
LA,4,+,body5,body5.손목_Yaw_01_URDF@LeftArm@HumanoidUpperBody,LA,body3,body3.____mm_______1@LeftArm@HumanoidUpperBody,168.0
LA,4,+,body5,body5.손목_Roll_회전부2_260409_v2_URDF@LeftArm@HumanoidUpperBody,LA,body3,body3._________46@LeftArm@HumanoidUpperBody,168.0
LA,4,+,body5,body5.손목_Roll_회전부2_260409_v2_URDF@LeftArm@HumanoidUpperBody,LA,body3,body3.____2@LeftArm@HumanoidUpperBody,168.0
LA,4,+,body5,body5.________11@LeftArm@HumanoidUpperBody,LA,body3,body3._________4@LeftArm@HumanoidUpperBody,168.0
LA,4,+,body4,body4.________11@LeftArm@HumanoidUpperBody,LA,body3,body3._________46@LeftArm@HumanoidUpperBody,168.0
LA,4,+,body6,body6.C1_손목_Pitch_고정부_260415_URDF@LeftArm@HumanoidUpperBody,LA,body3,body3._________1@LeftArm@HumanoidUpperBody,169.0
LA,4,+,body6,body6.C1_FL6700ZZ_Right_어깨양단지지_URDF@LeftArm@HumanoidUpperBody,LA,body3,body3.____3@LeftArm@HumanoidUpperBody,169.0
LA,4,+,body5,body5.손목_샤프트_260408_URDF@LeftArm@HumanoidUpperBody,LA,body3,body3.____3@LeftArm@HumanoidUpperBody,169.0
LA,4,+,body5,body5.손목_샤프트_260408_URDF1@LeftArm@HumanoidUpperBody,LA,body3,body3.____3@LeftArm@HumanoidUpperBody,169.0
LA,4,+,body5,body5.손목_Yaw_01_URDF@LeftArm@HumanoidUpperBody,LA,body3,body3.________2@LeftArm@HumanoidUpperBody,169.0
LA,4,+,body5,body5.손목_Yaw_01_URDF@LeftArm@HumanoidUpperBody,LA,body2,body2.어깨_Roll베어링_고정파트_URDF기본@LeftArm@HumanoidUpperBody,169.0
LA,4,+,body5,body5.손목_Yaw_01_URDF@LeftArm@HumanoidUpperBody,LA,body2,body2.어깨_Roll베어링_고정파트_URDF기본1@LeftArm@HumanoidUpperBody,169.0
LA,4,+,body5,body5.손목_Roll_회전부2_260409_v2_URDF@LeftArm@HumanoidUpperBody,LA,body3,body3.어깨_Yaw_체결부_260415_URDF@LeftArm@HumanoidUpperBody,169.0
LA,4,+,body5,body5.손목_Roll_회전부2_260409_v2_URDF@LeftArm@HumanoidUpperBody,LA,body3,body3.________2@LeftArm@HumanoidUpperBody,169.0
LA,4,+,body5,body5.손목_Roll_회전부2_260409_v2_URDF@LeftArm@HumanoidUpperBody,LA,body3,body3.____mm_______1@LeftArm@HumanoidUpperBody,169.0
LA,4,+,body5,body5.손목_Roll_회전부2_260409_v2_URDF@LeftArm@HumanoidUpperBody,LA,body2,body2.어깨_Roll베어링_고정파트_URDF기본@LeftArm@HumanoidUpperBody,169.0
LA,4,+,body5,body5.손목_Roll_회전부2_260409_v2_URDF@LeftArm@HumanoidUpperBody,LA,body2,body2.어깨_Roll베어링_고정파트_URDF기본1@LeftArm@HumanoidUpperBody,169.0
LA,4,+,body5,body5.________11@LeftArm@HumanoidUpperBody,LA,body3,body3.____3@LeftArm@HumanoidUpperBody,169.0
LA,4,+,body6,body6.C1_FL6700ZZ_Right_어깨양단지지_URDF@LeftArm@HumanoidUpperBody,LA,body3,body3.어깨_Yaw_체결부_260415_URDF@LeftArm@HumanoidUpperBody,170.0
LA,4,+,body6,body6.C1_FL6700ZZ_Right_어깨양단지지_URDF@LeftArm@HumanoidUpperBody,LA,body3,body3.____mm_______1@LeftArm@HumanoidUpperBody,170.0
LA,4,+,body7,body7.C1_손목_Pitch_회전부_260415_URDF@LeftArm@HumanoidUpperBody,LA,body2,body2.어깨_Roll베어링_고정파트_URDF기본1@LeftArm@HumanoidUpperBody,170.0
LA,4,+,body5,body5.손목_샤프트_260408_URDF@LeftArm@HumanoidUpperBody,LA,body3,body3._________46@LeftArm@HumanoidUpperBody,170.0
LA,4,+,body5,body5.손목_샤프트_260408_URDF@LeftArm@HumanoidUpperBody,LA,body3,body3.____2@LeftArm@HumanoidUpperBody,170.0
LA,4,+,body5,body5.손목_샤프트_260408_URDF@LeftArm@HumanoidUpperBody,LA,body3,body3.____mm_______1@LeftArm@HumanoidUpperBody,170.0
LA,4,+,body5,body5.손목_샤프트_260408_URDF@LeftArm@HumanoidUpperBody,LA,body2,body2.어깨_Roll베어링_고정파트_URDF기본1@LeftArm@HumanoidUpperBody,170.0
LA,4,+,body5,body5.손목_샤프트_260408_URDF1@LeftArm@HumanoidUpperBody,LA,body3,body3._________46@LeftArm@HumanoidUpperBody,170.0
LA,4,+,body5,body5.손목_샤프트_260408_URDF1@LeftArm@HumanoidUpperBody,LA,body3,body3.____2@LeftArm@HumanoidUpperBody,170.0
LA,4,+,body5,body5.손목_샤프트_260408_URDF1@LeftArm@HumanoidUpperBody,LA,body3,body3.____mm_______1@LeftArm@HumanoidUpperBody,170.0
LA,4,+,body5,body5.손목_샤프트_260408_URDF1@LeftArm@HumanoidUpperBody,LA,body2,body2.어깨_Roll베어링_고정파트_URDF기본@LeftArm@HumanoidUpperBody,170.0
LA,4,+,body5,body5.________11@LeftArm@HumanoidUpperBody,LA,body3,body3._________46@LeftArm@HumanoidUpperBody,170.0
LA,4,+,body5,body5.________11@LeftArm@HumanoidUpperBody,LA,body3,body3.____2@LeftArm@HumanoidUpperBody,170.0
LA,4,+,body6,body6.C1_FL6700ZZ_Right_어깨양단지지_URDF@LeftArm@HumanoidUpperBody,LA,body3,body3.________2@LeftArm@HumanoidUpperBody,171.0
LA,4,+,body6,body6.C1_________11@LeftArm@HumanoidUpperBody,LA,body3,body3._________4@LeftArm@HumanoidUpperBody,171.0
LA,4,+,body6,body6.C1_________11@LeftArm@HumanoidUpperBody,LA,body3,body3.____3@LeftArm@HumanoidUpperBody,171.0
LA,4,+,body7,body7.C1_손목_Pitch_회전부2_260415_URDF@LeftArm@HumanoidUpperBody,LA,body1,body1._________4@LeftArm@HumanoidUpperBody,171.0
LA,4,+,body7,body7.C1_손목_Pitch_회전부_260415_URDF@LeftArm@HumanoidUpperBody,LA,body3,body3.어깨_Yaw_체결부_260415_URDF@LeftArm@HumanoidUpperBody,171.0
LA,4,+,body7,body7.C1_손목_Pitch_회전부_260415_URDF@LeftArm@HumanoidUpperBody,LA,body3,body3.________2@LeftArm@HumanoidUpperBody,171.0
LA,4,+,body5,body5.손목_샤프트_260408_URDF@LeftArm@HumanoidUpperBody,LA,body3,body3.어깨_Yaw_체결부_260415_URDF@LeftArm@HumanoidUpperBody,171.0
LA,4,+,body5,body5.손목_샤프트_260408_URDF@LeftArm@HumanoidUpperBody,LA,body3,body3.________2@LeftArm@HumanoidUpperBody,171.0
LA,4,+,body5,body5.손목_샤프트_260408_URDF1@LeftArm@HumanoidUpperBody,LA,body3,body3.어깨_Yaw_체결부_260415_URDF@LeftArm@HumanoidUpperBody,171.0
LA,4,+,body5,body5.손목_샤프트_260408_URDF1@LeftArm@HumanoidUpperBody,LA,body3,body3.________2@LeftArm@HumanoidUpperBody,171.0
LA,4,+,body6,body6.C1_손목_Pitch_링크고정부_260415_URDF@LeftArm@HumanoidUpperBody,LA,body2,body2.어깨_Roll_Yaw_연결부_260422_URDF@LeftArm@HumanoidUpperBody,172.0
LA,4,+,body6,body6.C1_손목_Pitch_고정부_260415_URDF@LeftArm@HumanoidUpperBody,LA,body2,body2.어깨_Roll_Yaw_연결부_260422_URDF@LeftArm@HumanoidUpperBody,172.0
LA,4,+,body6,body6.C1_________11@LeftArm@HumanoidUpperBody,LA,body3,body3.____mm_______1@LeftArm@HumanoidUpperBody,172.0
LA,4,+,body6,body6.C1_________11@LeftArm@HumanoidUpperBody,LA,body2,body2.어깨_Roll베어링_고정파트_URDF기본@LeftArm@HumanoidUpperBody,172.0
LA,4,+,body6,body6.C1_________11@LeftArm@HumanoidUpperBody,LA,body2,body2.어깨_Roll베어링_고정파트_URDF기본1@LeftArm@HumanoidUpperBody,172.0
LA,4,+,body6,body6.C1_NONE@LeftArm@HumanoidUpperBody,LA,body2,body2.어깨_Roll_Yaw_연결부_260422_URDF@LeftArm@HumanoidUpperBody,172.0
LA,4,+,body7,body7.C1_손목_Pitch_회전부2_260415_URDF@LeftArm@HumanoidUpperBody,LA,body1,body1._________11@LeftArm@HumanoidUpperBody,172.0
LA,4,+,body5,body5.________11@LeftArm@HumanoidUpperBody,LA,body3,body3.어깨_Yaw_체결부_260415_URDF@LeftArm@HumanoidUpperBody,172.0
LA,4,+,body5,body5.________11@LeftArm@HumanoidUpperBody,LA,body3,body3.____mm_______1@LeftArm@HumanoidUpperBody,172.0
LA,4,+,body6,body6.C1_________11@LeftArm@HumanoidUpperBody,LA,body3,body3.어깨_Yaw_체결부_260415_URDF@LeftArm@HumanoidUpperBody,173.0
LA,4,+,body6,body6.C1_________11@LeftArm@HumanoidUpperBody,LA,body3,body3.________2@LeftArm@HumanoidUpperBody,173.0
LA,4,+,body7,body7.C1_손목_Pitch_회전부2_260415_URDF@LeftArm@HumanoidUpperBody,LA,body2,body2.어깨_Roll_Yaw_연결부_260422_URDF@LeftArm@HumanoidUpperBody,173.0
LA,4,+,body5,body5.________11@LeftArm@HumanoidUpperBody,LA,body3,body3.________2@LeftArm@HumanoidUpperBody,173.0
LA,4,+,body6,body6.C1_손목_Pitch_베어링체결부_260409_URDF@LeftArm@HumanoidUpperBody,LA,body2,body2.어깨_Roll_Yaw_연결부_260422_URDF@LeftArm@HumanoidUpperBody,174.0
LA,4,+,body7,body7.C1_손목_Pitch_회전부2_260415_URDF@LeftArm@HumanoidUpperBody,LA,body1,body1._________46@LeftArm@HumanoidUpperBody,174.0
LA,4,+,body7,body7.C1_손목_Pitch_회전부2_260415_URDF@LeftArm@HumanoidUpperBody,LA,body1,body1._________12@LeftArm@HumanoidUpperBody,175.0
LA,4,+,body6,body6.C1_손목_Pitch_고정부_260415_URDF@LeftArm@HumanoidUpperBody,LA,body1,body1.어깨_Pitch_회전부_260423_Right_어깨양단지지_URDF@LeftArm@HumanoidUpperBody,176.0
LA,4,+,body7,body7.C1_손목_Pitch_회전부2_260415_URDF@LeftArm@HumanoidUpperBody,LA,body1,body1.____2@LeftArm@HumanoidUpperBody,176.0
LA,4,+,body7,body7.C1_손목_Pitch_회전부_260415_URDF@LeftArm@HumanoidUpperBody,LA,body2,body2.어깨_Roll_베어링_연결부_260423_URDF@LeftArm@HumanoidUpperBody,176.0
LA,4,+,body4,body4.팔꿈치_손목_연결부_샤프트_260413_URDF@LeftArm@HumanoidUpperBody,LA,body3,body3.어깨_팔꿈치_연결부_샤프트_260413_URDF@LeftArm@HumanoidUpperBody,176.0
LA,4,+,body4,body4.팔꿈치_손목_연결부_샤프트_260413_URDF@LeftArm@HumanoidUpperBody,LA,body3,body3.어깨_팔꿈치_연결부_샤프트_260413_URDF3@LeftArm@HumanoidUpperBody,176.0
LA,4,+,body4,body4.팔꿈치_손목_연결부_샤프트_260413_URDF1@LeftArm@HumanoidUpperBody,LA,body3,body3.어깨_팔꿈치_연결부_샤프트_260413_URDF1@LeftArm@HumanoidUpperBody,176.0
LA,4,+,body4,body4.팔꿈치_손목_연결부_샤프트_260413_URDF1@LeftArm@HumanoidUpperBody,LA,body3,body3.어깨_팔꿈치_연결부_샤프트_260413_URDF2@LeftArm@HumanoidUpperBody,176.0
LA,4,+,body6,body6.C1_손목_Pitch_링크고정부_260415_URDF@LeftArm@HumanoidUpperBody,LA,body3,body3._________4@LeftArm@HumanoidUpperBody,177.0
LA,4,+,body6,body6.C1_손목_Pitch_링크고정부_260415_URDF@LeftArm@HumanoidUpperBody,LA,body3,body3.____3@LeftArm@HumanoidUpperBody,177.0
LA,4,+,body6,body6.C1_손목_Pitch_고정부_260415_URDF@LeftArm@HumanoidUpperBody,LA,body3,body3._________4@LeftArm@HumanoidUpperBody,177.0
LA,4,+,body6,body6.C1_손목_Pitch_고정부_260415_URDF@LeftArm@HumanoidUpperBody,LA,body3,body3.____3@LeftArm@HumanoidUpperBody,177.0
LA,4,+,body6,body6.C1_NONE@LeftArm@HumanoidUpperBody,LA,body3,body3.____3@LeftArm@HumanoidUpperBody,177.0
LA,4,+,body7,body7.C1_손목_Pitch_회전부2_260415_URDF@LeftArm@HumanoidUpperBody,LA,body1,body1.어깨_Pitch_고정연결부_260511_B_Left_URDF@LeftArm@HumanoidUpperBody,177.0
LA,4,+,body6,body6.C1_손목_Pitch_링크고정부_260415_URDF@LeftArm@HumanoidUpperBody,LA,body3,body3.____mm_______1@LeftArm@HumanoidUpperBody,178.0
LA,4,+,body6,body6.C1_손목_Pitch_링크고정부_260415_URDF@LeftArm@HumanoidUpperBody,LA,body2,body2.어깨_Roll베어링_고정파트_URDF기본@LeftArm@HumanoidUpperBody,178.0
LA,4,+,body6,body6.C1_손목_Pitch_고정부_260415_URDF@LeftArm@HumanoidUpperBody,LA,body3,body3.____mm_______1@LeftArm@HumanoidUpperBody,178.0
LA,4,+,body6,body6.C1_손목_Pitch_고정부_260415_URDF@LeftArm@HumanoidUpperBody,LA,body2,body2.어깨_Roll베어링_고정파트_URDF기본1@LeftArm@HumanoidUpperBody,178.0
LA,4,+,body6,body6.C1_NONE@LeftArm@HumanoidUpperBody,LA,body3,body3.____mm_______1@LeftArm@HumanoidUpperBody,178.0
LA,4,+,body6,body6.C1_NONE@LeftArm@HumanoidUpperBody,LA,body2,body2.어깨_Roll베어링_고정파트_URDF기본1@LeftArm@HumanoidUpperBody,178.0
LA,4,+,body7,body7.C1_손목_Pitch_회전부2_260415_URDF@LeftArm@HumanoidUpperBody,LA,body2,body2.어깨_Roll베어링_고정파트_URDF기본@LeftArm@HumanoidUpperBody,178.0
LA,4,+,body7,body7.C1_손목_Pitch_회전부2_260415_URDF@LeftArm@HumanoidUpperBody,LA,body2,body2.어깨_Roll베어링_고정파트_URDF기본1@LeftArm@HumanoidUpperBody,178.0
LA,4,+,body5,body5.손목_Roll_회전부3_260526_v2_URDF@LeftArm@HumanoidUpperBody,LA,body3,body3._________1@LeftArm@HumanoidUpperBody,178.0
LA,4,+,body6,body6.C1_손목_Pitch_링크고정부_260415_URDF@LeftArm@HumanoidUpperBody,LA,body3,body3.어깨_Yaw_체결부_260415_URDF@LeftArm@HumanoidUpperBody,179.0
LA,4,+,body6,body6.C1_손목_Pitch_링크고정부_260415_URDF@LeftArm@HumanoidUpperBody,LA,body3,body3.________2@LeftArm@HumanoidUpperBody,179.0
LA,4,+,body6,body6.C1_손목_Pitch_고정부_260415_URDF@LeftArm@HumanoidUpperBody,LA,body3,body3.어깨_Yaw_체결부_260415_URDF@LeftArm@HumanoidUpperBody,179.0
LA,4,+,body6,body6.C1_손목_Pitch_고정부_260415_URDF@LeftArm@HumanoidUpperBody,LA,body3,body3.________2@LeftArm@HumanoidUpperBody,179.0
LA,4,+,body6,body6.C1_손목_Pitch_베어링체결부_260409_URDF@LeftArm@HumanoidUpperBody,LA,body3,body3.____3@LeftArm@HumanoidUpperBody,179.0
LA,4,+,body6,body6.C1_NONE@LeftArm@HumanoidUpperBody,LA,body3,body3.어깨_Yaw_체결부_260415_URDF@LeftArm@HumanoidUpperBody,179.0
LA,4,+,body6,body6.C1_NONE@LeftArm@HumanoidUpperBody,LA,body3,body3.________2@LeftArm@HumanoidUpperBody,179.0
LA,4,+,body6,body6.C1_FL6700ZZ_Right_어깨양단지지_URDF1@LeftArm@HumanoidUpperBody,LA,body2,body2.어깨_Roll_Yaw_연결부_260422_URDF@LeftArm@HumanoidUpperBody,179.0
LA,4,+,body5,body5.NONE@LeftArm@HumanoidUpperBody,LA,body2,body2.어깨_Roll_Yaw_연결부_260422_URDF@LeftArm@HumanoidUpperBody,179.0
LA,4,+,body6,body6.C1_손목_Pitch_베어링체결부_260409_URDF@LeftArm@HumanoidUpperBody,LA,body3,body3.어깨_Yaw_체결부_260415_URDF@LeftArm@HumanoidUpperBody,180.0
LA,4,+,body6,body6.C1_손목_Pitch_베어링체결부_260409_URDF@LeftArm@HumanoidUpperBody,LA,body3,body3.____mm_______1@LeftArm@HumanoidUpperBody,180.0
LA,4,+,body5,body5.NONE@LeftArm@HumanoidUpperBody,LA,body3,body3._________12@LeftArm@HumanoidUpperBody,180.0
LA,4,-,body4,body4.팔꿈치_Pitch_회전부_260427_URDF@LeftArm@HumanoidUpperBody,LA,body3,body3.어깨_팔꿈치_연결부_260416_URDF@LeftArm@HumanoidUpperBody,-0.0
LA,4,-,body4,body4.팔꿈치_Pitch_회전부_260427_URDF@LeftArm@HumanoidUpperBody,LA,body3,body3.NONE@LeftArm@HumanoidUpperBody,-0.0
LA,4,-,body4,body4.팔꿈치_Pitch_회전부_260427_URDF@LeftArm@HumanoidUpperBody,LA,body3,body3.________11@LeftArm@HumanoidUpperBody,-0.0
LA,4,-,body4,body4.팔꿈치_Pitch_회전부_260427_URDF@LeftArm@HumanoidUpperBody,LA,body3,body3.어깨_Yaw_팔꿈치_연결부_260423_URDF@LeftArm@HumanoidUpperBody,-0.0
LA,4,-,body4,body4.팔꿈치_Pitch_회전부2_260427_URDF@LeftArm@HumanoidUpperBody,LA,body3,body3.베어링_6708U_H_URDF@LeftArm@HumanoidUpperBody,-0.0
LA,4,-,body4,body4.팔꿈치_Pitch_회전부2_260427_URDF@LeftArm@HumanoidUpperBody,LA,body3,body3.팔꿈치_스토퍼_260424_URDF@LeftArm@HumanoidUpperBody,-0.0
LA,4,-,body4,body4.팔꿈치_Pitch_회전부2_260427_URDF@LeftArm@HumanoidUpperBody,LA,body3,body3.어깨_Yaw_팔꿈치_연결부_B_260423_URDF@LeftArm@HumanoidUpperBody,-0.0
LA,4,-,body4,body4.팔꿈치_Pitch_회전부2_260427_URDF@LeftArm@HumanoidUpperBody,LA,body3,body3.팔꿈치_끝단베어링_체결부_260417_URDF@LeftArm@HumanoidUpperBody,-0.0
LA,4,-,body4,body4.팔꿈치_Pitch_회전부2_260427_URDF@LeftArm@HumanoidUpperBody,LA,body3,body3.어깨_팔꿈치_연결부_260416_URDF@LeftArm@HumanoidUpperBody,-0.0
LA,4,-,body4,body4.팔꿈치_Pitchl베어링_고정파트_URDF기본1@LeftArm@HumanoidUpperBody,LA,body3,body3.NONE@LeftArm@HumanoidUpperBody,-5.0
LA,4,-,body4,body4.팔꿈치_Pitchl베어링_고정파트_URDF기본1@LeftArm@HumanoidUpperBody,LA,body3,body3.________11@LeftArm@HumanoidUpperBody,-21.0
LA,4,-,body4,body4.팔꿈치_Pitchl베어링_고정파트_URDF기본@LeftArm@HumanoidUpperBody,LA,body3,body3.NONE@LeftArm@HumanoidUpperBody,-52.0
LA,4,-,body4,body4.팔꿈치_Pitchl베어링_고정파트_URDF기본1@LeftArm@HumanoidUpperBody,LA,body3,body3.어깨_Yaw_팔꿈치_연결부_B_260423_URDF@LeftArm@HumanoidUpperBody,-54.0
LA,4,-,body4,body4.팔꿈치_Pitchl베어링_고정파트_URDF기본1@LeftArm@HumanoidUpperBody,LA,body3,body3.어깨_Yaw_팔꿈치_연결부_260423_URDF@LeftArm@HumanoidUpperBody,-58.0
LA,4,-,body4,body4.팔꿈치_Pitchl베어링_고정파트_URDF기본1@LeftArm@HumanoidUpperBody,LA,body3,body3.팔꿈치_끝단베어링_체결부_260417_URDF@LeftArm@HumanoidUpperBody,-59.0
LA,4,-,body4,body4.팔꿈치_Pitchl베어링_고정파트_URDF기본@LeftArm@HumanoidUpperBody,LA,body3,body3.________11@LeftArm@HumanoidUpperBody,-64.0
LA,4,-,body4,body4.팔꿈치_Pitchl베어링_고정파트_URDF기본@LeftArm@HumanoidUpperBody,LA,body3,body3.팔꿈치_끝단베어링_체결부_260417_URDF@LeftArm@HumanoidUpperBody,-106.0
LA,4,-,body4,body4.팔꿈치_Pitchl베어링_고정파트_URDF기본@LeftArm@HumanoidUpperBody,LA,body3,body3.어깨_Yaw_팔꿈치_연결부_B_260423_URDF@LeftArm@HumanoidUpperBody,-112.0
LA,4,-,body4,body4.팔꿈치_Pitchl베어링_고정파트_URDF기본@LeftArm@HumanoidUpperBody,LA,body3,body3.어깨_Yaw_팔꿈치_연결부_260423_URDF@LeftArm@HumanoidUpperBody,-116.0
LA,4,-,body6_1,body6_1.C1_SWSPS12_6_10_URDF1@LeftArm@HumanoidUpperBody,LA,body3,body3.어깨_팔꿈치_연결부_샤프트_260413_URDF3@LeftArm@HumanoidUpperBody,-122.0
LA,4,-,body6_1,body6_1.C1_손목_Yaw_링크_260420_Right@LeftArm@HumanoidUpperBody,LA,body3,body3.어깨_팔꿈치_연결부_샤프트_260413_URDF3@LeftArm@HumanoidUpperBody,-123.0
LA,4,-,body6_1,body6_1.C1_SWSPS12_6_10_URDF3@LeftArm@HumanoidUpperBody,LA,body3,body3.어깨_팔꿈치_연결부_샤프트_260413_URDF3@LeftArm@HumanoidUpperBody,-123.0
LA,4,-,body6_2,body6_2.C1_DBSY4_7_51@LeftArm@HumanoidUpperBody,LA,body3,body3.어깨_팔꿈치_연결부_샤프트_260413_URDF3@LeftArm@HumanoidUpperBody,-123.0
LA,4,-,body6_1,body6_1.C1_Body111@LeftArm@HumanoidUpperBody,LA,body3,body3.어깨_팔꿈치_연결부_샤프트_260413_URDF3@LeftArm@HumanoidUpperBody,-123.0
LA,4,-,body6_2,body6_2.C1_Body111@LeftArm@HumanoidUpperBody,LA,body3,body3.어깨_팔꿈치_연결부_샤프트_260413_URDF3@LeftArm@HumanoidUpperBody,-123.0
LA,4,-,body6_2,body6_2.C1_SWSPS12_6_10_URDF1@LeftArm@HumanoidUpperBody,LA,body3,body3.어깨_팔꿈치_연결부_샤프트_260413_URDF3@LeftArm@HumanoidUpperBody,-123.0
LA,4,-,body6_2,body6_2.C1_SWSPS12_6_10_URDF3@LeftArm@HumanoidUpperBody,LA,body3,body3.어깨_팔꿈치_연결부_샤프트_260413_URDF3@LeftArm@HumanoidUpperBody,-125.0
LA,4,-,body5,body5.손목_Roll_회전부3_260526_v2_URDF@LeftArm@HumanoidUpperBody,LA,body3,body3.어깨_팔꿈치_연결부_샤프트_260413_URDF2@LeftArm@HumanoidUpperBody,-128.0
LA,4,-,body5,body5.손목_Roll_회전부3_260526_v2_URDF@LeftArm@HumanoidUpperBody,LA,body3,body3.어깨_팔꿈치_연결부_샤프트_260413_URDF3@LeftArm@HumanoidUpperBody,-128.0
LA,4,-,body4,body4.팔꿈치_Pitchl베어링_고정파트_URDF기본1@LeftArm@HumanoidUpperBody,LA,body3,body3.어깨_팔꿈치_연결부_260416_URDF@LeftArm@HumanoidUpperBody,-134.0
LA,4,-,body4,body4.손목_Roll_체결부_260415_v2_URDF@LeftArm@HumanoidUpperBody,LA,body3,body3.어깨_팔꿈치_연결부_샤프트_260413_URDF2@LeftArm@HumanoidUpperBody,-141.0
LA,4,-,body4,body4.손목_Roll_체결부_260415_v2_URDF@LeftArm@HumanoidUpperBody,LA,body3,body3.어깨_팔꿈치_연결부_샤프트_260413_URDF3@LeftArm@HumanoidUpperBody,-141.0
LA,4,-,body4,body4.손목_Roll_체결부_260415_v2_URDF@LeftArm@HumanoidUpperBody,LA,body3,body3.어깨_팔꿈치_연결부_샤프트_260413_URDF@LeftArm@HumanoidUpperBody,-144.0
LA,4,-,body4,body4.손목_Roll_체결부_260415_v2_URDF@LeftArm@HumanoidUpperBody,LA,body3,body3.어깨_팔꿈치_연결부_샤프트_260413_URDF1@LeftArm@HumanoidUpperBody,-144.0
LA,4,-,body4,body4.NONE@LeftArm@HumanoidUpperBody,LA,body3,body3.어깨_팔꿈치_연결부_샤프트_260413_URDF@LeftArm@HumanoidUpperBody,-145.0
LA,4,-,body4,body4.NONE@LeftArm@HumanoidUpperBody,LA,body3,body3.어깨_팔꿈치_연결부_샤프트_260413_URDF1@LeftArm@HumanoidUpperBody,-145.0
LA,4,-,body4,body4.NONE@LeftArm@HumanoidUpperBody,LA,body3,body3.어깨_팔꿈치_연결부_샤프트_260413_URDF2@LeftArm@HumanoidUpperBody,-145.0
LA,4,-,body4,body4.NONE@LeftArm@HumanoidUpperBody,LA,body3,body3.어깨_팔꿈치_연결부_샤프트_260413_URDF3@LeftArm@HumanoidUpperBody,-145.0
LA,4,-,body4,body4.팔꿈치_Pitch_회전부3_260422_URDF@LeftArm@HumanoidUpperBody,LA,body3,body3.어깨_팔꿈치_연결부_260416_URDF@LeftArm@HumanoidUpperBody,-145.0
LA,4,-,body5,body5.손목_Roll_회전부2_260409_v2_URDF@LeftArm@HumanoidUpperBody,LA,body3,body3.어깨_팔꿈치_연결부_샤프트_260413_URDF2@LeftArm@HumanoidUpperBody,-148.0
LA,4,-,body5,body5.손목_Roll_회전부2_260409_v2_URDF@LeftArm@HumanoidUpperBody,LA,body3,body3.어깨_팔꿈치_연결부_샤프트_260413_URDF3@LeftArm@HumanoidUpperBody,-148.0
LA,4,-,body4,body4.팔꿈치_손목_연결부_샤프트_260413_URDF@LeftArm@HumanoidUpperBody,LA,body3,body3.어깨_팔꿈치_연결부_샤프트_260413_URDF@LeftArm@HumanoidUpperBody,-149.0
LA,4,-,body4,body4.팔꿈치_손목_연결부_샤프트_260413_URDF@LeftArm@HumanoidUpperBody,LA,body3,body3.어깨_팔꿈치_연결부_샤프트_260413_URDF3@LeftArm@HumanoidUpperBody,-149.0
LA,4,-,body4,body4.팔꿈치_손목_연결부_샤프트_260413_URDF1@LeftArm@HumanoidUpperBody,LA,body3,body3.어깨_팔꿈치_연결부_샤프트_260413_URDF1@LeftArm@HumanoidUpperBody,-149.0
LA,4,-,body4,body4.팔꿈치_손목_연결부_샤프트_260413_URDF1@LeftArm@HumanoidUpperBody,LA,body3,body3.어깨_팔꿈치_연결부_샤프트_260413_URDF2@LeftArm@HumanoidUpperBody,-149.0
LA,4,-,body4,body4.팔꿈치_손목_연결부_샤프트_260413_URDF@LeftArm@HumanoidUpperBody,LA,body3,body3.어깨_팔꿈치_연결부_260416_URDF@LeftArm@HumanoidUpperBody,-150.0
LA,4,-,body4,body4.팔꿈치_손목_연결부_샤프트_260413_URDF1@LeftArm@HumanoidUpperBody,LA,body3,body3.어깨_팔꿈치_연결부_260416_URDF@LeftArm@HumanoidUpperBody,-150.0
LA,4,-,body4,body4.NONE@LeftArm@HumanoidUpperBody,LA,body3,body3.어깨_팔꿈치_연결부_260416_URDF@LeftArm@HumanoidUpperBody,-152.0
LA,4,-,body6_2,body6_2.C1_손목_Yaw_회전부_260420_URDF@LeftArm@HumanoidUpperBody,LA,body2,body2.어깨_Roll_Yaw_연결부_260422_URDF@LeftArm@HumanoidUpperBody,-158.0
LA,4,-,body7,body7.C1_손목_Pitch_회전부_260415_URDF@LeftArm@HumanoidUpperBody,LA,body2,body2.어깨_Roll_베어링_연결부_260423_URDF@LeftArm@HumanoidUpperBody,-159.0
LA,4,-,body6_2,body6_2.C1_손목_Yaw_회전부_260420_URDF@LeftArm@HumanoidUpperBody,LA,body3,body3._________12@LeftArm@HumanoidUpperBody,-159.0
LA,4,-,body6,body6.C1_손목_Pitch_베어링체결부_260409_URDF@LeftArm@HumanoidUpperBody,LA,body2,body2.어깨_Roll_Yaw_연결부_260422_URDF@LeftArm@HumanoidUpperBody,-160.0
LA,4,-,body4,body4.NONE@LeftArm@HumanoidUpperBody,LA,body3,body3.____2@LeftArm@HumanoidUpperBody,-160.0
LA,4,-,body6_2,body6_2.C1_손목_Yaw_회전부_260420_URDF@LeftArm@HumanoidUpperBody,LA,body3,body3._________4@LeftArm@HumanoidUpperBody,-160.0
LA,4,-,body6_1,body6_1.C1_SWSPS12_6_10_URDF1@LeftArm@HumanoidUpperBody,LA,body3,body3._________4@LeftArm@HumanoidUpperBody,-160.0
LA,4,-,body6_1,body6_1.C1_SWSPS12_6_10_URDF1@LeftArm@HumanoidUpperBody,LA,body3,body3.____3@LeftArm@HumanoidUpperBody,-160.0
LA,4,-,body5,body5.________11@LeftArm@HumanoidUpperBody,LA,body2,body2.어깨_Roll_Yaw_연결부_260422_URDF@LeftArm@HumanoidUpperBody,-161.0
LA,4,-,body5,body5.NONE@LeftArm@HumanoidUpperBody,LA,body3,body3._________12@LeftArm@HumanoidUpperBody,-161.0
LA,4,-,body5,body5.NONE@LeftArm@HumanoidUpperBody,LA,body2,body2.어깨_Roll_Yaw_연결부_260422_URDF@LeftArm@HumanoidUpperBody,-161.0
LA,4,-,body5,body5.손목_Roll_회전부3_260526_v2_URDF@LeftArm@HumanoidUpperBody,LA,body3,body3._________12@LeftArm@HumanoidUpperBody,-161.0
LA,4,-,body5,body5.손목_Roll_회전부3_260526_v2_URDF@LeftArm@HumanoidUpperBody,LA,body2,body2.어깨_Roll_Yaw_연결부_260422_URDF@LeftArm@HumanoidUpperBody,-161.0
LA,4,-,body6_1,body6_1.C1_손목_Yaw_링크_260420_Right@LeftArm@HumanoidUpperBody,LA,body3,body3._________4@LeftArm@HumanoidUpperBody,-161.0
LA,4,-,body6_1,body6_1.C1_SWSPS12_6_10_URDF3@LeftArm@HumanoidUpperBody,LA,body3,body3._________4@LeftArm@HumanoidUpperBody,-161.0
LA,4,-,body6_2,body6_2.C1_DBSY4_7_51@LeftArm@HumanoidUpperBody,LA,body3,body3._________4@LeftArm@HumanoidUpperBody,-161.0
LA,4,-,body6_2,body6_2.C1_DBSY4_7_51@LeftArm@HumanoidUpperBody,LA,body3,body3.____3@LeftArm@HumanoidUpperBody,-161.0
LA,4,-,body6_1,body6_1.C1_Body111@LeftArm@HumanoidUpperBody,LA,body3,body3._________4@LeftArm@HumanoidUpperBody,-161.0
LA,4,-,body6_1,body6_1.C1_Body111@LeftArm@HumanoidUpperBody,LA,body3,body3.____3@LeftArm@HumanoidUpperBody,-161.0
LA,4,-,body6_2,body6_2.C1_SWSPS12_6_10_URDF1@LeftArm@HumanoidUpperBody,LA,body3,body3._________4@LeftArm@HumanoidUpperBody,-161.0
LA,4,-,body5,body5.손목_Roll_회전부3_260526_v2_URDF@LeftArm@HumanoidUpperBody,LA,body3,body3._________11@LeftArm@HumanoidUpperBody,-161.0
LA,4,-,body5,body5.손목_샤프트_260408_URDF@LeftArm@HumanoidUpperBody,LA,body2,body2.어깨_Roll_Yaw_연결부_260422_URDF@LeftArm@HumanoidUpperBody,-162.0
LA,4,-,body5,body5.손목_샤프트_260408_URDF1@LeftArm@HumanoidUpperBody,LA,body2,body2.어깨_Roll_Yaw_연결부_260422_URDF@LeftArm@HumanoidUpperBody,-162.0
LA,4,-,body5,body5.________11@LeftArm@HumanoidUpperBody,LA,body3,body3._________12@LeftArm@HumanoidUpperBody,-162.0
LA,4,-,body5,body5.손목_Roll_회전부_260409_v2_URDF@LeftArm@HumanoidUpperBody,LA,body3,body3.____2@LeftArm@HumanoidUpperBody,-162.0
LA,4,-,body5,body5.손목_Roll_회전부_260409_v2_URDF@LeftArm@HumanoidUpperBody,LA,body3,body3._________4@LeftArm@HumanoidUpperBody,-162.0
LA,4,-,body4,body4.손목_Roll_체결부_260415_v2_URDF@LeftArm@HumanoidUpperBody,LA,body3,body3.____2@LeftArm@HumanoidUpperBody,-162.0
LA,4,-,body4,body4.NONE@LeftArm@HumanoidUpperBody,LA,body3,body3._________46@LeftArm@HumanoidUpperBody,-162.0
LA,4,-,body4,body4.________11@LeftArm@HumanoidUpperBody,LA,body3,body3.어깨_팔꿈치_연결부_260416_URDF@LeftArm@HumanoidUpperBody,-162.0
LA,4,-,body6_1,body6_1.C1_손목_Yaw_링크_260420_Right@LeftArm@HumanoidUpperBody,LA,body3,body3.____3@LeftArm@HumanoidUpperBody,-162.0
LA,4,-,body6_2,body6_2.C1_손목_Yaw_회전부_260420_URDF@LeftArm@HumanoidUpperBody,LA,body3,body3.____3@LeftArm@HumanoidUpperBody,-162.0
LA,4,-,body6_1,body6_1.C1_SWSPS12_6_10_URDF3@LeftArm@HumanoidUpperBody,LA,body3,body3.____3@LeftArm@HumanoidUpperBody,-162.0
LA,4,-,body4,body4.팔꿈치_손목_연결부_샤프트_260413_URDF@LeftArm@HumanoidUpperBody,LA,body3,body3.____2@LeftArm@HumanoidUpperBody,-162.0
LA,4,-,body4,body4.팔꿈치_손목_연결부_샤프트_260413_URDF1@LeftArm@HumanoidUpperBody,LA,body3,body3.____2@LeftArm@HumanoidUpperBody,-162.0
LA,4,-,body6_2,body6_2.C1_Body111@LeftArm@HumanoidUpperBody,LA,body3,body3._________4@LeftArm@HumanoidUpperBody,-162.0
LA,4,-,body6_2,body6_2.C1_Body111@LeftArm@HumanoidUpperBody,LA,body3,body3.____3@LeftArm@HumanoidUpperBody,-162.0
LA,4,-,body6_1,body6_1.C1_SWSPS12_6_10_URDF1@LeftArm@HumanoidUpperBody,LA,body3,body3.____2@LeftArm@HumanoidUpperBody,-162.0
LA,4,-,body6_2,body6_2.C1_SWSPS12_6_10_URDF1@LeftArm@HumanoidUpperBody,LA,body3,body3.____3@LeftArm@HumanoidUpperBody,-162.0
LA,4,-,body6_1,body6_1.C1_SWSPS12_6_10_URDF1@LeftArm@HumanoidUpperBody,LA,body3,body3._________46@LeftArm@HumanoidUpperBody,-162.0
LA,4,-,body5,body5.손목_샤프트_260408_URDF@LeftArm@HumanoidUpperBody,LA,body3,body3._________12@LeftArm@HumanoidUpperBody,-163.0
LA,4,-,body5,body5.손목_샤프트_260408_URDF1@LeftArm@HumanoidUpperBody,LA,body3,body3._________12@LeftArm@HumanoidUpperBody,-163.0
LA,4,-,body5,body5.손목_Roll_회전부_260409_v2_URDF@LeftArm@HumanoidUpperBody,LA,body3,body3._________46@LeftArm@HumanoidUpperBody,-163.0
LA,4,-,body4,body4.손목_Roll_체결부_260415_v2_URDF@LeftArm@HumanoidUpperBody,LA,body3,body3._________46@LeftArm@HumanoidUpperBody,-163.0
LA,4,-,body6,body6.C1_________11@LeftArm@HumanoidUpperBody,LA,body3,body3._________11@LeftArm@HumanoidUpperBody,-163.0
LA,4,-,body6_2,body6_2.C1_손목_Yaw_회전부_260420_URDF@LeftArm@HumanoidUpperBody,LA,body3,body3._________46@LeftArm@HumanoidUpperBody,-163.0
LA,4,-,body6_2,body6_2.C1_손목_Yaw_회전부_260420_URDF@LeftArm@HumanoidUpperBody,LA,body3,body3.____2@LeftArm@HumanoidUpperBody,-163.0
LA,4,-,body6_1,body6_1.C1_손목_Yaw_링크_260420_Right@LeftArm@HumanoidUpperBody,LA,body3,body3.____2@LeftArm@HumanoidUpperBody,-163.0
LA,4,-,body6_2,body6_2.C1_SWSPS12_6_10_URDF3@LeftArm@HumanoidUpperBody,LA,body3,body3._________4@LeftArm@HumanoidUpperBody,-163.0
LA,4,-,body6_1,body6_1.C1_SWSPS12_6_10_URDF3@LeftArm@HumanoidUpperBody,LA,body3,body3.____2@LeftArm@HumanoidUpperBody,-163.0
LA,4,-,body6_2,body6_2.C1_DBSY4_7_51@LeftArm@HumanoidUpperBody,LA,body3,body3._________46@LeftArm@HumanoidUpperBody,-163.0
LA,4,-,body6_2,body6_2.C1_DBSY4_7_51@LeftArm@HumanoidUpperBody,LA,body3,body3.____2@LeftArm@HumanoidUpperBody,-163.0
LA,4,-,body6_2,body6_2.C1_SWSPS12_6_10_URDF3@LeftArm@HumanoidUpperBody,LA,body3,body3.____3@LeftArm@HumanoidUpperBody,-163.0
LA,4,-,body6_1,body6_1.C1_Body111@LeftArm@HumanoidUpperBody,LA,body3,body3._________46@LeftArm@HumanoidUpperBody,-163.0
LA,4,-,body6_1,body6_1.C1_Body111@LeftArm@HumanoidUpperBody,LA,body3,body3.____2@LeftArm@HumanoidUpperBody,-163.0
LA,4,-,body6_1,body6_1.C1_SWSPS12_6_10_URDF1@LeftArm@HumanoidUpperBody,LA,body3,body3.어깨_Yaw_체결부_260415_URDF@LeftArm@HumanoidUpperBody,-163.0
LA,4,-,body6_1,body6_1.C1_SWSPS12_6_10_URDF1@LeftArm@HumanoidUpperBody,LA,body3,body3.________2@LeftArm@HumanoidUpperBody,-163.0
LA,4,-,body6_2,body6_2.C1_SWSPS12_6_10_URDF1@LeftArm@HumanoidUpperBody,LA,body3,body3.____2@LeftArm@HumanoidUpperBody,-163.0
LA,4,-,body6,body6.C1_FL6700ZZ_Right_어깨양단지지_URDF1@LeftArm@HumanoidUpperBody,LA,body2,body2.어깨_Roll_Yaw_연결부_260422_URDF@LeftArm@HumanoidUpperBody,-164.0
LA,4,-,body5,body5.________11@LeftArm@HumanoidUpperBody,LA,body3,body3._________4@LeftArm@HumanoidUpperBody,-164.0
LA,4,-,body5,body5.NONE@LeftArm@HumanoidUpperBody,LA,body3,body3._________4@LeftArm@HumanoidUpperBody,-164.0
LA,4,-,body6_1,body6_1.C1_손목_Yaw_링크_260420_Right@LeftArm@HumanoidUpperBody,LA,body3,body3.어깨_Yaw_체결부_260415_URDF@LeftArm@HumanoidUpperBody,-164.0
LA,4,-,body6_1,body6_1.C1_손목_Yaw_링크_260420_Right@LeftArm@HumanoidUpperBody,LA,body3,body3._________46@LeftArm@HumanoidUpperBody,-164.0
LA,4,-,body4,body4.팔꿈치_손목_연결부_샤프트_260413_URDF@LeftArm@HumanoidUpperBody,LA,body3,body3._________46@LeftArm@HumanoidUpperBody,-164.0
LA,4,-,body4,body4.팔꿈치_손목_연결부_샤프트_260413_URDF1@LeftArm@HumanoidUpperBody,LA,body3,body3._________46@LeftArm@HumanoidUpperBody,-164.0
LA,4,-,body6_1,body6_1.C1_SWSPS12_6_10_URDF3@LeftArm@HumanoidUpperBody,LA,body3,body3.어깨_Yaw_체결부_260415_URDF@LeftArm@HumanoidUpperBody,-164.0
LA,4,-,body6_1,body6_1.C1_SWSPS12_6_10_URDF3@LeftArm@HumanoidUpperBody,LA,body3,body3._________46@LeftArm@HumanoidUpperBody,-164.0
LA,4,-,body6_2,body6_2.C1_DBSY4_7_51@LeftArm@HumanoidUpperBody,LA,body3,body3.어깨_Yaw_체결부_260415_URDF@LeftArm@HumanoidUpperBody,-164.0
LA,4,-,body6_2,body6_2.C1_DBSY4_7_51@LeftArm@HumanoidUpperBody,LA,body3,body3.________2@LeftArm@HumanoidUpperBody,-164.0
LA,4,-,body6_1,body6_1.C1_Body111@LeftArm@HumanoidUpperBody,LA,body3,body3.어깨_Yaw_체결부_260415_URDF@LeftArm@HumanoidUpperBody,-164.0
LA,4,-,body6_1,body6_1.C1_Body111@LeftArm@HumanoidUpperBody,LA,body3,body3.________2@LeftArm@HumanoidUpperBody,-164.0
LA,4,-,body6_2,body6_2.C1_Body111@LeftArm@HumanoidUpperBody,LA,body3,body3._________46@LeftArm@HumanoidUpperBody,-164.0
LA,4,-,body6_2,body6_2.C1_Body111@LeftArm@HumanoidUpperBody,LA,body3,body3.____2@LeftArm@HumanoidUpperBody,-164.0
LA,4,-,body6_2,body6_2.C1_SWSPS12_6_10_URDF1@LeftArm@HumanoidUpperBody,LA,body3,body3.어깨_Yaw_체결부_260415_URDF@LeftArm@HumanoidUpperBody,-164.0
LA,4,-,body6_2,body6_2.C1_SWSPS12_6_10_URDF1@LeftArm@HumanoidUpperBody,LA,body3,body3._________46@LeftArm@HumanoidUpperBody,-164.0
LA,4,-,body6,body6.C1_손목_Pitch_베어링체결부_260409_URDF@LeftArm@HumanoidUpperBody,LA,body3,body3.____3@LeftArm@HumanoidUpperBody,-165.0
LA,4,-,body7,body7.C1_손목_Pitch_회전부2_260415_URDF@LeftArm@HumanoidUpperBody,LA,body1,body1.어깨_Pitch_고정연결부_260511_B_Left_URDF@LeftArm@HumanoidUpperBody,-165.0
LA,4,-,body5,body5.손목_Roll_회전부_260409_v2_URDF@LeftArm@HumanoidUpperBody,LA,body3,body3.____3@LeftArm@HumanoidUpperBody,-165.0
LA,4,-,body5,body5.NONE@LeftArm@HumanoidUpperBody,LA,body3,body3.____3@LeftArm@HumanoidUpperBody,-165.0
LA,4,-,body6_1,body6_1.C1_손목_Yaw_링크_260420_Right@LeftArm@HumanoidUpperBody,LA,body2,body2.어깨_Roll베어링_고정파트_URDF기본@LeftArm@HumanoidUpperBody,-165.0
LA,4,-,body6_1,body6_1.C1_손목_Yaw_링크_260420_Right@LeftArm@HumanoidUpperBody,LA,body3,body3.________2@LeftArm@HumanoidUpperBody,-165.0
LA,4,-,body6_1,body6_1.C1_SWSPS12_6_10_URDF3@LeftArm@HumanoidUpperBody,LA,body3,body3.________2@LeftArm@HumanoidUpperBody,-165.0
LA,4,-,body6_2,body6_2.C1_SWSPS12_6_10_URDF3@LeftArm@HumanoidUpperBody,LA,body3,body3.____2@LeftArm@HumanoidUpperBody,-165.0
LA,4,-,body6_2,body6_2.C1_SWSPS12_6_10_URDF3@LeftArm@HumanoidUpperBody,LA,body3,body3._________46@LeftArm@HumanoidUpperBody,-165.0
LA,4,-,body6_2,body6_2.C1_Body111@LeftArm@HumanoidUpperBody,LA,body3,body3.어깨_Yaw_체결부_260415_URDF@LeftArm@HumanoidUpperBody,-165.0
LA,4,-,body6_2,body6_2.C1_Body111@LeftArm@HumanoidUpperBody,LA,body3,body3.________2@LeftArm@HumanoidUpperBody,-165.0
LA,4,-,body6_2,body6_2.C1_SWSPS12_6_10_URDF1@LeftArm@HumanoidUpperBody,LA,body3,body3.________2@LeftArm@HumanoidUpperBody,-165.0
LA,4,-,body6,body6.C1_손목_Pitch_베어링체결부_260409_URDF@LeftArm@HumanoidUpperBody,LA,body3,body3.____mm_______1@LeftArm@HumanoidUpperBody,-166.0
LA,4,-,body6,body6.C1_________11@LeftArm@HumanoidUpperBody,LA,body2,body2.어깨_Roll_Yaw_연결부_260422_URDF@LeftArm@HumanoidUpperBody,-166.0
LA,4,-,body7,body7.C1_손목_Pitch_회전부2_260415_URDF@LeftArm@HumanoidUpperBody,LA,body1,body1.____2@LeftArm@HumanoidUpperBody,-166.0
LA,4,-,body5,body5.________11@LeftArm@HumanoidUpperBody,LA,body3,body3.____3@LeftArm@HumanoidUpperBody,-166.0
LA,4,-,body4,body4.________11@LeftArm@HumanoidUpperBody,LA,body3,body3.____2@LeftArm@HumanoidUpperBody,-166.0
LA,4,-,body7,body7.C1_손목_Pitch_회전부2_260415_URDF@LeftArm@HumanoidUpperBody,LA,body1,body1.어깨_Pitch_고정연결부_260511_B_Left_URDF1@LeftArm@HumanoidUpperBody,-166.0
LA,4,-,body7,body7.C1_손목_Pitch_회전부2_260415_URDF@LeftArm@HumanoidUpperBody,LA,body2,body2.어깨_Roll_베어링_연결부_260423_URDF@LeftArm@HumanoidUpperBody,-166.0
LA,4,-,body5,body5.손목_Roll_회전부3_260526_v2_URDF@LeftArm@HumanoidUpperBody,LA,body3,body3._________4@LeftArm@HumanoidUpperBody,-166.0
LA,4,-,body5,body5.손목_Roll_회전부3_260526_v2_URDF@LeftArm@HumanoidUpperBody,LA,body3,body3.____3@LeftArm@HumanoidUpperBody,-166.0
LA,4,-,body6_2,body6_2.C1_손목_Yaw_회전부_260420_URDF@LeftArm@HumanoidUpperBody,LA,body2,body2.어깨_Roll베어링_고정파트_URDF기본@LeftArm@HumanoidUpperBody,-166.0
LA,4,-,body6_2,body6_2.C1_손목_Yaw_회전부_260420_URDF@LeftArm@HumanoidUpperBody,LA,body3,body3.어깨_Yaw_체결부_260415_URDF@LeftArm@HumanoidUpperBody,-166.0
LA,4,-,body6_2,body6_2.C1_손목_Yaw_회전부_260420_URDF@LeftArm@HumanoidUpperBody,LA,body3,body3.____mm_______1@LeftArm@HumanoidUpperBody,-166.0
LA,4,-,body6_2,body6_2.C1_손목_Yaw_회전부_260420_URDF@LeftArm@HumanoidUpperBody,LA,body3,body3.________2@LeftArm@HumanoidUpperBody,-166.0
LA,4,-,body6_2,body6_2.C1_SWSPS12_6_10_URDF3@LeftArm@HumanoidUpperBody,LA,body3,body3.어깨_Yaw_체결부_260415_URDF@LeftArm@HumanoidUpperBody,-166.0
LA,4,-,body6_2,body6_2.C1_SWSPS12_6_10_URDF3@LeftArm@HumanoidUpperBody,LA,body3,body3.________2@LeftArm@HumanoidUpperBody,-166.0
LA,4,-,body6,body6.C1_손목_Pitch_베어링체결부_260409_URDF@LeftArm@HumanoidUpperBody,LA,body3,body3.어깨_Yaw_체결부_260415_URDF@LeftArm@HumanoidUpperBody,-167.0
LA,4,-,body5,body5.________11@LeftArm@HumanoidUpperBody,LA,body3,body3._________46@LeftArm@HumanoidUpperBody,-167.0
LA,4,-,body5,body5.________11@LeftArm@HumanoidUpperBody,LA,body3,body3.____2@LeftArm@HumanoidUpperBody,-167.0
LA,4,-,body6,body6.C1_손목_Pitch_베어링체결부_260409_URDF@LeftArm@HumanoidUpperBody,LA,body3,body3.________2@LeftArm@HumanoidUpperBody,-167.0
LA,4,-,body7,body7.C1_손목_Pitch_회전부2_260415_URDF@LeftArm@HumanoidUpperBody,LA,body1,body1.베어링_6809_URDF@LeftArm@HumanoidUpperBody,-167.0
LA,4,-,body5,body5.NONE@LeftArm@HumanoidUpperBody,LA,body3,body3.____2@LeftArm@HumanoidUpperBody,-167.0
LA,4,-,body5,body5.NONE@LeftArm@HumanoidUpperBody,LA,body3,body3._________46@LeftArm@HumanoidUpperBody,-167.0
LA,4,-,body7,body7.C1_손목_Pitch_회전부2_260415_URDF@LeftArm@HumanoidUpperBody,LA,body1,body1._________46@LeftArm@HumanoidUpperBody,-168.0
LA,4,-,body5,body5.손목_샤프트_260408_URDF@LeftArm@HumanoidUpperBody,LA,body3,body3._________4@LeftArm@HumanoidUpperBody,-168.0
LA,4,-,body5,body5.손목_샤프트_260408_URDF1@LeftArm@HumanoidUpperBody,LA,body3,body3._________4@LeftArm@HumanoidUpperBody,-168.0
LA,4,-,body4,body4.________11@LeftArm@HumanoidUpperBody,LA,body3,body3._________46@LeftArm@HumanoidUpperBody,-168.0
LA,4,-,body6,body6.C1_SWSPS12_6_10_URDF2@LeftArm@HumanoidUpperBody,LA,body3,body3.____3@LeftArm@HumanoidUpperBody,-168.0
LA,4,-,body5,body5.손목_Roll_회전부3_260526_v2_URDF@LeftArm@HumanoidUpperBody,LA,body2,body2.어깨_Roll베어링_고정파트_URDF기본@LeftArm@HumanoidUpperBody,-168.0
LA,4,-,body5,body5.손목_Roll_회전부3_260526_v2_URDF@LeftArm@HumanoidUpperBody,LA,body2,body2.어깨_Roll베어링_고정파트_URDF기본1@LeftArm@HumanoidUpperBody,-168.0
LA,4,-,body6_1,body6_1.C1_SWSPS12_6_10_URDF2@LeftArm@HumanoidUpperBody,LA,body3,body3.____3@LeftArm@HumanoidUpperBody,-168.0
LA,4,-,body6_1,body6_1.C1_Body11@LeftArm@HumanoidUpperBody,LA,body3,body3.____3@LeftArm@HumanoidUpperBody,-168.0
LA,4,-,body5,body5.NONE@LeftArm@HumanoidUpperBody,LA,body3,body3.어깨_Yaw_체결부_260415_URDF@LeftArm@HumanoidUpperBody,-168.0
LA,4,-,body5,body5.손목_Roll_회전부3_260526_v2_URDF@LeftArm@HumanoidUpperBody,LA,body3,body3._________46@LeftArm@HumanoidUpperBody,-168.0
LA,4,-,body5,body5.손목_Roll_회전부3_260526_v2_URDF@LeftArm@HumanoidUpperBody,LA,body3,body3.____2@LeftArm@HumanoidUpperBody,-168.0
LA,4,-,body5,body5.손목_샤프트_260408_URDF@LeftArm@HumanoidUpperBody,LA,body3,body3.____3@LeftArm@HumanoidUpperBody,-169.0
LA,4,-,body5,body5.손목_샤프트_260408_URDF@LeftArm@HumanoidUpperBody,LA,body2,body2.어깨_Roll베어링_고정파트_URDF기본1@LeftArm@HumanoidUpperBody,-169.0
LA,4,-,body5,body5.손목_샤프트_260408_URDF1@LeftArm@HumanoidUpperBody,LA,body3,body3.____3@LeftArm@HumanoidUpperBody,-169.0
LA,4,-,body5,body5.손목_샤프트_260408_URDF1@LeftArm@HumanoidUpperBody,LA,body2,body2.어깨_Roll베어링_고정파트_URDF기본@LeftArm@HumanoidUpperBody,-169.0
LA,4,-,body5,body5.________11@LeftArm@HumanoidUpperBody,LA,body3,body3.어깨_Yaw_체결부_260415_URDF@LeftArm@HumanoidUpperBody,-169.0
LA,4,-,body5,body5.________11@LeftArm@HumanoidUpperBody,LA,body3,body3.____mm_______1@LeftArm@HumanoidUpperBody,-169.0
LA,4,-,body6,body6.C1_FL6700ZZ_Right_어깨양단지지_URDF1@LeftArm@HumanoidUpperBody,LA,body3,body3.____3@LeftArm@HumanoidUpperBody,-169.0
LA,4,-,body6,body6.C1_SWSPS12_6_10_URDF@LeftArm@HumanoidUpperBody,LA,body3,body3.____3@LeftArm@HumanoidUpperBody,-169.0
LA,4,-,body5,body5.________11@LeftArm@HumanoidUpperBody,LA,body2,body2.어깨_Roll베어링_고정파트_URDF기본@LeftArm@HumanoidUpperBody,-169.0
LA,4,-,body5,body5.________11@LeftArm@HumanoidUpperBody,LA,body2,body2.어깨_Roll베어링_고정파트_URDF기본1@LeftArm@HumanoidUpperBody,-169.0
LA,4,-,body6_1,body6_1.C1_SWSPS12_6_10_URDF@LeftArm@HumanoidUpperBody,LA,body3,body3.____3@LeftArm@HumanoidUpperBody,-169.0
LA,4,-,body5,body5.NONE@LeftArm@HumanoidUpperBody,LA,body3,body3.____mm_______1@LeftArm@HumanoidUpperBody,-169.0
LA,4,-,body6,body6.C1_SWSPS12_6_10_URDF2@LeftArm@HumanoidUpperBody,LA,body3,body3.어깨_Yaw_체결부_260415_URDF@LeftArm@HumanoidUpperBody,-169.0
LA,4,-,body5,body5.손목_Roll_회전부3_260526_v2_URDF@LeftArm@HumanoidUpperBody,LA,body3,body3.어깨_Yaw_체결부_260415_URDF@LeftArm@HumanoidUpperBody,-169.0
LA,4,-,body5,body5.손목_Roll_회전부3_260526_v2_URDF@LeftArm@HumanoidUpperBody,LA,body3,body3.____mm_______1@LeftArm@HumanoidUpperBody,-169.0
LA,4,-,body5,body5.NONE@LeftArm@HumanoidUpperBody,LA,body3,body3.________2@LeftArm@HumanoidUpperBody,-169.0
LA,4,-,body6_1,body6_1.C1_SWSPS12_6_10_URDF2@LeftArm@HumanoidUpperBody,LA,body3,body3.어깨_Yaw_체결부_260415_URDF@LeftArm@HumanoidUpperBody,-169.0
LA,4,-,body6,body6.C1_손목_Pitch_링크고정부_260415_URDF@LeftArm@HumanoidUpperBody,LA,body3,body3._________11@LeftArm@HumanoidUpperBody,-169.0
LA,4,-,body5,body5.손목_Roll_회전부3_260526_v2_URDF@LeftArm@HumanoidUpperBody,LA,body3,body3.________2@LeftArm@HumanoidUpperBody,-169.0
LA,4,-,body7,body7.C1_손목_Pitch_회전부2_260415_URDF@LeftArm@HumanoidUpperBody,LA,body1,body1._________4@LeftArm@HumanoidUpperBody,-170.0
LA,4,-,body7,body7.C1_손목_Pitch_회전부_260415_URDF@LeftArm@HumanoidUpperBody,LA,body2,body2.어깨_Roll베어링_고정파트_URDF기본1@LeftArm@HumanoidUpperBody,-170.0
LA,4,-,body5,body5.손목_샤프트_260408_URDF@LeftArm@HumanoidUpperBody,LA,body3,body3._________46@LeftArm@HumanoidUpperBody,-170.0
LA,4,-,body5,body5.손목_샤프트_260408_URDF@LeftArm@HumanoidUpperBody,LA,body3,body3.____2@LeftArm@HumanoidUpperBody,-170.0
LA,4,-,body5,body5.손목_샤프트_260408_URDF@LeftArm@HumanoidUpperBody,LA,body3,body3.____mm_______1@LeftArm@HumanoidUpperBody,-170.0
LA,4,-,body5,body5.손목_샤프트_260408_URDF1@LeftArm@HumanoidUpperBody,LA,body3,body3._________46@LeftArm@HumanoidUpperBody,-170.0
LA,4,-,body5,body5.손목_샤프트_260408_URDF1@LeftArm@HumanoidUpperBody,LA,body3,body3.____2@LeftArm@HumanoidUpperBody,-170.0
LA,4,-,body5,body5.손목_샤프트_260408_URDF1@LeftArm@HumanoidUpperBody,LA,body3,body3.____mm_______1@LeftArm@HumanoidUpperBody,-170.0
LA,4,-,body5,body5.________11@LeftArm@HumanoidUpperBody,LA,body3,body3.________2@LeftArm@HumanoidUpperBody,-170.0
LA,4,-,body6,body6.C1_손목_Pitch_링크고정부2_260408_URDF@LeftArm@HumanoidUpperBody,LA,body3,body3.____3@LeftArm@HumanoidUpperBody,-170.0
LA,4,-,body6,body6.C1_FL6700ZZ_Right_어깨양단지지_URDF1@LeftArm@HumanoidUpperBody,LA,body3,body3.어깨_Yaw_체결부_260415_URDF@LeftArm@HumanoidUpperBody,-170.0
LA,4,-,body6,body6.C1_FL6700ZZ_Right_어깨양단지지_URDF1@LeftArm@HumanoidUpperBody,LA,body3,body3.____mm_______1@LeftArm@HumanoidUpperBody,-170.0
LA,4,-,body6,body6.C1_SWSPS12_6_10_URDF@LeftArm@HumanoidUpperBody,LA,body3,body3.어깨_Yaw_체결부_260415_URDF@LeftArm@HumanoidUpperBody,-170.0
LA,4,-,body6_1,body6_1.C1_SWSPS12_6_10_URDF@LeftArm@HumanoidUpperBody,LA,body3,body3.어깨_Yaw_체결부_260415_URDF@LeftArm@HumanoidUpperBody,-170.0
LA,4,-,body6_1,body6_1.C1_Body11@LeftArm@HumanoidUpperBody,LA,body3,body3.어깨_Yaw_체결부_260415_URDF@LeftArm@HumanoidUpperBody,-170.0
LA,4,-,body6_1,body6_1.C1_Body11@LeftArm@HumanoidUpperBody,LA,body3,body3.________2@LeftArm@HumanoidUpperBody,-170.0
LA,4,-,body6,body6.C1_SWSPS12_6_10_URDF2@LeftArm@HumanoidUpperBody,LA,body3,body3.________2@LeftArm@HumanoidUpperBody,-170.0
LA,4,-,body6_1,body6_1.C1_SWSPS12_6_10_URDF2@LeftArm@HumanoidUpperBody,LA,body3,body3.________2@LeftArm@HumanoidUpperBody,-170.0
LA,4,-,body6,body6.C1_손목_Pitch_링크고정부_260415_URDF@LeftArm@HumanoidUpperBody,LA,body2,body2.어깨_Roll_Yaw_연결부_260422_URDF@LeftArm@HumanoidUpperBody,-171.0
LA,4,-,body6,body6.C1_손목_Pitch_고정부_260415_URDF@LeftArm@HumanoidUpperBody,LA,body2,body2.어깨_Roll_Yaw_연결부_260422_URDF@LeftArm@HumanoidUpperBody,-171.0
LA,4,-,body6,body6.C1_________11@LeftArm@HumanoidUpperBody,LA,body3,body3._________4@LeftArm@HumanoidUpperBody,-171.0
LA,4,-,body6,body6.C1_________11@LeftArm@HumanoidUpperBody,LA,body3,body3.____3@LeftArm@HumanoidUpperBody,-171.0
LA,4,-,body6,body6.C1_________11@LeftArm@HumanoidUpperBody,LA,body2,body2.어깨_Roll베어링_고정파트_URDF기본@LeftArm@HumanoidUpperBody,-171.0
LA,4,-,body6,body6.C1_________11@LeftArm@HumanoidUpperBody,LA,body2,body2.어깨_Roll베어링_고정파트_URDF기본1@LeftArm@HumanoidUpperBody,-171.0
LA,4,-,body7,body7.C1_손목_Pitch_회전부_260415_URDF@LeftArm@HumanoidUpperBody,LA,body3,body3.어깨_Yaw_체결부_260415_URDF@LeftArm@HumanoidUpperBody,-171.0
LA,4,-,body7,body7.C1_손목_Pitch_회전부_260415_URDF@LeftArm@HumanoidUpperBody,LA,body3,body3.________2@LeftArm@HumanoidUpperBody,-171.0
LA,4,-,body5,body5.손목_샤프트_260408_URDF@LeftArm@HumanoidUpperBody,LA,body3,body3.어깨_Yaw_체결부_260415_URDF@LeftArm@HumanoidUpperBody,-171.0
LA,4,-,body5,body5.손목_샤프트_260408_URDF@LeftArm@HumanoidUpperBody,LA,body3,body3.________2@LeftArm@HumanoidUpperBody,-171.0
LA,4,-,body5,body5.손목_샤프트_260408_URDF1@LeftArm@HumanoidUpperBody,LA,body3,body3.어깨_Yaw_체결부_260415_URDF@LeftArm@HumanoidUpperBody,-171.0
LA,4,-,body5,body5.손목_샤프트_260408_URDF1@LeftArm@HumanoidUpperBody,LA,body3,body3.________2@LeftArm@HumanoidUpperBody,-171.0
LA,4,-,body6,body6.C1_손목_Pitch_링크고정부2_260408_URDF@LeftArm@HumanoidUpperBody,LA,body2,body2.어깨_Roll베어링_고정파트_URDF기본@LeftArm@HumanoidUpperBody,-171.0
LA,4,-,body6,body6.C1_FL6700ZZ_Right_어깨양단지지_URDF1@LeftArm@HumanoidUpperBody,LA,body3,body3.________2@LeftArm@HumanoidUpperBody,-171.0
LA,4,-,body6,body6.C1_SWSPS12_6_10_URDF@LeftArm@HumanoidUpperBody,LA,body3,body3.________2@LeftArm@HumanoidUpperBody,-171.0
LA,4,-,body6_1,body6_1.C1_SWSPS12_6_10_URDF@LeftArm@HumanoidUpperBody,LA,body3,body3.________2@LeftArm@HumanoidUpperBody,-171.0
LA,4,-,body6,body6.C1_________11@LeftArm@HumanoidUpperBody,LA,body3,body3.____mm_______1@LeftArm@HumanoidUpperBody,-172.0
LA,4,-,body6,body6.C1_NONE@LeftArm@HumanoidUpperBody,LA,body2,body2.어깨_Roll_Yaw_연결부_260422_URDF@LeftArm@HumanoidUpperBody,-172.0
LA,4,-,body7,body7.C1_손목_Pitch_회전부2_260415_URDF@LeftArm@HumanoidUpperBody,LA,body2,body2.어깨_Roll_Yaw_연결부_260422_URDF@LeftArm@HumanoidUpperBody,-172.0
LA,4,-,body6,body6.C1_손목_Pitch_링크고정부2_260408_URDF@LeftArm@HumanoidUpperBody,LA,body3,body3.어깨_Yaw_체결부_260415_URDF@LeftArm@HumanoidUpperBody,-172.0
LA,4,-,body6,body6.C1_손목_Pitch_링크고정부2_260408_URDF@LeftArm@HumanoidUpperBody,LA,body3,body3.________2@LeftArm@HumanoidUpperBody,-172.0
LA,4,-,body6,body6.C1_손목_Pitch_링크고정부2_260408_URDF@LeftArm@HumanoidUpperBody,LA,body3,body3.____mm_______1@LeftArm@HumanoidUpperBody,-172.0
LA,4,-,body6,body6.C1_________11@LeftArm@HumanoidUpperBody,LA,body3,body3.어깨_Yaw_체결부_260415_URDF@LeftArm@HumanoidUpperBody,-173.0
LA,4,-,body6,body6.C1_________11@LeftArm@HumanoidUpperBody,LA,body3,body3.________2@LeftArm@HumanoidUpperBody,-173.0
LA,4,-,body6,body6.C1_손목_Pitch_베어링체결부_260407_URDF@LeftArm@HumanoidUpperBody,LA,body2,body2.어깨_Roll_Yaw_연결부_260422_URDF@LeftArm@HumanoidUpperBody,-174.0
LA,4,-,body7,body7.C1_손목_Pitch_회전부2_260415_URDF@LeftArm@HumanoidUpperBody,LA,body1,body1.____3@LeftArm@HumanoidUpperBody,-174.0
LA,4,-,body7,body7.C1_손목_Pitch_회전부_260415_URDF@LeftArm@HumanoidUpperBody,LA,body2,body2.어깨_Roll_연결부_260511_Left_URDF@LeftArm@HumanoidUpperBody,-174.0
LA,4,-,body6,body6.C1_손목_Pitch_고정부_260415_URDF@LeftArm@HumanoidUpperBody,LA,body1,body1.어깨_Pitch_회전부_260423_Right_어깨양단지지_URDF@LeftArm@HumanoidUpperBody,-176.0
LA,4,-,body4,body4.팔꿈치_손목_연결부_샤프트_260413_URDF2@LeftArm@HumanoidUpperBody,LA,body3,body3.어깨_팔꿈치_연결부_샤프트_260413_URDF@LeftArm@HumanoidUpperBody,-176.0
LA,4,-,body4,body4.팔꿈치_손목_연결부_샤프트_260413_URDF2@LeftArm@HumanoidUpperBody,LA,body3,body3.어깨_팔꿈치_연결부_샤프트_260413_URDF3@LeftArm@HumanoidUpperBody,-176.0
LA,4,-,body4,body4.팔꿈치_손목_연결부_샤프트_260413_URDF3@LeftArm@HumanoidUpperBody,LA,body3,body3.어깨_팔꿈치_연결부_샤프트_260413_URDF1@LeftArm@HumanoidUpperBody,-176.0
LA,4,-,body4,body4.팔꿈치_손목_연결부_샤프트_260413_URDF3@LeftArm@HumanoidUpperBody,LA,body3,body3.어깨_팔꿈치_연결부_샤프트_260413_URDF2@LeftArm@HumanoidUpperBody,-176.0
LA,4,-,body6,body6.C1_손목_Pitch_링크고정부_260415_URDF@LeftArm@HumanoidUpperBody,LA,body3,body3._________4@LeftArm@HumanoidUpperBody,-177.0
LA,4,-,body6,body6.C1_손목_Pitch_링크고정부_260415_URDF@LeftArm@HumanoidUpperBody,LA,body3,body3.____3@LeftArm@HumanoidUpperBody,-177.0
LA,4,-,body6,body6.C1_손목_Pitch_링크고정부_260415_URDF@LeftArm@HumanoidUpperBody,LA,body2,body2.어깨_Roll베어링_고정파트_URDF기본@LeftArm@HumanoidUpperBody,-177.0
LA,4,-,body6,body6.C1_손목_Pitch_고정부_260415_URDF@LeftArm@HumanoidUpperBody,LA,body3,body3._________4@LeftArm@HumanoidUpperBody,-177.0
LA,4,-,body6,body6.C1_손목_Pitch_고정부_260415_URDF@LeftArm@HumanoidUpperBody,LA,body3,body3.____3@LeftArm@HumanoidUpperBody,-177.0
LA,4,-,body6,body6.C1_손목_Pitch_고정부_260415_URDF@LeftArm@HumanoidUpperBody,LA,body2,body2.어깨_Roll베어링_고정파트_URDF기본1@LeftArm@HumanoidUpperBody,-177.0
LA,4,-,body6,body6.C1_NONE@LeftArm@HumanoidUpperBody,LA,body3,body3.____3@LeftArm@HumanoidUpperBody,-177.0
LA,4,-,body6,body6.C1_NONE@LeftArm@HumanoidUpperBody,LA,body2,body2.어깨_Roll베어링_고정파트_URDF기본1@LeftArm@HumanoidUpperBody,-177.0
LA,4,-,body7,body7.C1_손목_Pitch_회전부2_260415_URDF@LeftArm@HumanoidUpperBody,LA,body2,body2.어깨_Roll베어링_고정파트_URDF기본@LeftArm@HumanoidUpperBody,-177.0
LA,4,-,body7,body7.C1_손목_Pitch_회전부2_260415_URDF@LeftArm@HumanoidUpperBody,LA,body2,body2.어깨_Roll베어링_고정파트_URDF기본1@LeftArm@HumanoidUpperBody,-177.0
LA,4,-,body7,body7.C1_손목_Pitch_회전부2_260415_URDF@LeftArm@HumanoidUpperBody,LA,body1,body1.어깨_Pitch_고정연결부_260511_A_Left_URDF@LeftArm@HumanoidUpperBody,-177.0
LA,4,-,body7,body7.C1_손목_Pitch_회전부2_260415_URDF@LeftArm@HumanoidUpperBody,LA,body1,body1.________2@LeftArm@HumanoidUpperBody,-177.0
LA,4,-,body5,body5.손목_Yaw_01_URDF@LeftArm@HumanoidUpperBody,LA,body2,body2.어깨_Roll_Yaw_연결부_260422_URDF@LeftArm@HumanoidUpperBody,-177.0
LA,4,-,body6,body6.C1_손목_Pitch_링크고정부_260415_URDF@LeftArm@HumanoidUpperBody,LA,body3,body3.____mm_______1@LeftArm@HumanoidUpperBody,-178.0
LA,4,-,body6,body6.C1_손목_Pitch_고정부_260415_URDF@LeftArm@HumanoidUpperBody,LA,body3,body3.____mm_______1@LeftArm@HumanoidUpperBody,-178.0
LA,4,-,body6,body6.C1_NONE@LeftArm@HumanoidUpperBody,LA,body3,body3.____mm_______1@LeftArm@HumanoidUpperBody,-178.0
LA,4,-,body7,body7.C1_손목_Pitch_회전부2_260415_URDF@LeftArm@HumanoidUpperBody,LA,body1,body1._________12@LeftArm@HumanoidUpperBody,-178.0
LA,4,-,body5,body5.손목_Yaw_01_URDF@LeftArm@HumanoidUpperBody,LA,body3,body3._________12@LeftArm@HumanoidUpperBody,-178.0
LA,4,-,body5,body5.손목_Roll_회전부2_260409_v2_URDF@LeftArm@HumanoidUpperBody,LA,body3,body3._________11@LeftArm@HumanoidUpperBody,-178.0
LA,4,-,body6,body6.C1_손목_Pitch_링크고정부_260415_URDF@LeftArm@HumanoidUpperBody,LA,body3,body3.어깨_Yaw_체결부_260415_URDF@LeftArm@HumanoidUpperBody,-179.0
LA,4,-,body6,body6.C1_손목_Pitch_링크고정부_260415_URDF@LeftArm@HumanoidUpperBody,LA,body3,body3.________2@LeftArm@HumanoidUpperBody,-179.0
LA,4,-,body6,body6.C1_손목_Pitch_고정부_260415_URDF@LeftArm@HumanoidUpperBody,LA,body3,body3.어깨_Yaw_체결부_260415_URDF@LeftArm@HumanoidUpperBody,-179.0
LA,4,-,body6,body6.C1_손목_Pitch_고정부_260415_URDF@LeftArm@HumanoidUpperBody,LA,body3,body3.________2@LeftArm@HumanoidUpperBody,-179.0
LA,4,-,body6,body6.C1_FL6700ZZ_Right_어깨양단지지_URDF@LeftArm@HumanoidUpperBody,LA,body2,body2.어깨_Roll_Yaw_연결부_260422_URDF@LeftArm@HumanoidUpperBody,-179.0
LA,4,-,body6,body6.C1_NONE@LeftArm@HumanoidUpperBody,LA,body3,body3.어깨_Yaw_체결부_260415_URDF@LeftArm@HumanoidUpperBody,-179.0
LA,4,-,body6,body6.C1_NONE@LeftArm@HumanoidUpperBody,LA,body3,body3.________2@LeftArm@HumanoidUpperBody,-179.0
LA,4,-,body6,body6.C1_손목_Pitch_베어링체결부_260407_URDF@LeftArm@HumanoidUpperBody,LA,body3,body3.____3@LeftArm@HumanoidUpperBody,-179.0
LA,4,-,body7,body7.C1_손목_Pitch_회전부2_260415_URDF@LeftArm@HumanoidUpperBody,LA,body1,body1.____mm_______1@LeftArm@HumanoidUpperBody,-179.0
LA,4,-,body7,body7.C1_손목_Pitch_회전부_260415_URDF@LeftArm@HumanoidUpperBody,LA,body1,body1._________11@LeftArm@HumanoidUpperBody,-179.0
LA,4,-,body6,body6.C1_손목_Pitch_베어링체결부_260407_URDF@LeftArm@HumanoidUpperBody,LA,body3,body3.어깨_Yaw_체결부_260415_URDF@LeftArm@HumanoidUpperBody,-180.0
LA,4,-,body6,body6.C1_손목_Pitch_베어링체결부_260407_URDF@LeftArm@HumanoidUpperBody,LA,body3,body3.____mm_______1@LeftArm@HumanoidUpperBody,-180.0
LA,4,-,body5,body5.손목_Roll_회전부2_260409_v2_URDF@LeftArm@HumanoidUpperBody,LA,body2,body2.어깨_Roll_Yaw_연결부_260422_URDF@LeftArm@HumanoidUpperBody,-180.0
LA,5,+,body5,body5.손목_Roll_회전부_260409_v2_URDF@LeftArm@HumanoidUpperBody,LA,body4,body4.손목_Roll_체결부_260415_v2_URDF@LeftArm@HumanoidUpperBody,1.0
LA,5,+,body5,body5.손목_Roll_회전부_260409_v2_URDF@LeftArm@HumanoidUpperBody,LA,body4,body4.NONE@LeftArm@HumanoidUpperBody,1.0
LA,5,+,body5,body5.손목_Roll_회전부_260409_v2_URDF@LeftArm@HumanoidUpperBody,LA,body4,body4.________11@LeftArm@HumanoidUpperBody,1.0
LA,5,-,body5,body5.손목_Roll_회전부_260409_v2_URDF@LeftArm@HumanoidUpperBody,LA,body4,body4.손목_Roll_체결부_260415_v2_URDF@LeftArm@HumanoidUpperBody,-0.0
LA,5,-,body5,body5.손목_Roll_회전부_260409_v2_URDF@LeftArm@HumanoidUpperBody,LA,body4,body4.NONE@LeftArm@HumanoidUpperBody,-0.0
LA,5,-,body5,body5.손목_Roll_회전부_260409_v2_URDF@LeftArm@HumanoidUpperBody,LA,body4,body4.________11@LeftArm@HumanoidUpperBody,-0.0
LA,6,+,body6,body6.C1_손목_Pitch_링크고정부2_260408_URDF@LeftArm@HumanoidUpperBody,LA,body5,body5.손목_Roll_회전부3_260526_v2_URDF@LeftArm@HumanoidUpperBody,9.0
LA,6,+,body6,body6.C1_SWSPS12_6_10_URDF@LeftArm@HumanoidUpperBody,LA,body5,body5.손목_Roll_회전부3_260526_v2_URDF@LeftArm@HumanoidUpperBody,29.0
LA,6,+,body6,body6.C1_손목_Pitch_링크고정부_260415_URDF@LeftArm@HumanoidUpperBody,LA,body5,body5.________11@LeftArm@HumanoidUpperBody,34.0
LA,6,+,body6,body6.C1_손목_Pitch_링크고정부_260415_URDF@LeftArm@HumanoidUpperBody,LA,body5,body5.손목_샤프트_260408_URDF1@LeftArm@HumanoidUpperBody,36.0
LA,6,+,body6,body6.C1_손목_Pitch_링크고정부2_260408_URDF@LeftArm@HumanoidUpperBody,LA,body5,body5.손목_샤프트_260408_URDF1@LeftArm@HumanoidUpperBody,52.0
LA,6,+,body6,body6.C1_손목_Pitch_링크고정부_260415_URDF@LeftArm@HumanoidUpperBody,LA,body5,body5.손목_샤프트_260408_URDF@LeftArm@HumanoidUpperBody,65.0
LA,6,+,body6,body6.C1_손목_Pitch_링크고정부2_260408_URDF@LeftArm@HumanoidUpperBody,LA,body5,body5.손목_샤프트_260408_URDF@LeftArm@HumanoidUpperBody,82.0
LA,6,+,body7,body7.C1_손목_Pitch_회전부2_260415_URDF@LeftArm@HumanoidUpperBody,LA,body5,body5.________11@LeftArm@HumanoidUpperBody,125.0
LA,6,+,body7,body7.C1_손목_Pitch_회전부2_260415_URDF@LeftArm@HumanoidUpperBody,LA,body5,body5.손목_샤프트_260408_URDF1@LeftArm@HumanoidUpperBody,128.0
LA,6,+,body7,body7.C1_손목_Pitch_회전부_260415_URDF@LeftArm@HumanoidUpperBody,LA,body5,body5.손목_Roll_회전부3_260526_v2_URDF@LeftArm@HumanoidUpperBody,152.0
LA,6,+,body7,body7.C1_손목_Pitch_회전부_260415_URDF@LeftArm@HumanoidUpperBody,LA,body5,body5.손목_Roll_회전부2_260409_v2_URDF@LeftArm@HumanoidUpperBody,152.0
LA,6,+,body7,body7.C1_손목_Pitch_회전부2_260415_URDF@LeftArm@HumanoidUpperBody,LA,body5,body5.손목_샤프트_260408_URDF@LeftArm@HumanoidUpperBody,158.0
LA,6,-,body6,body6.C1_손목_Pitch_고정부_260415_URDF@LeftArm@HumanoidUpperBody,LA,body5,body5.________11@LeftArm@HumanoidUpperBody,-34.0
LA,6,-,body6,body6.C1_손목_Pitch_고정부_260415_URDF@LeftArm@HumanoidUpperBody,LA,body5,body5.손목_샤프트_260408_URDF@LeftArm@HumanoidUpperBody,-36.0
LA,6,-,body7,body7.C1_손목_Pitch_회전부_260415_URDF@LeftArm@HumanoidUpperBody,LA,body5,body5.손목_Roll_회전부3_260526_v2_URDF@LeftArm@HumanoidUpperBody,-42.0
LA,6,-,body7,body7.C1_손목_Pitch_회전부_260415_URDF@LeftArm@HumanoidUpperBody,LA,body5,body5.손목_Roll_회전부2_260409_v2_URDF@LeftArm@HumanoidUpperBody,-42.0
LA,6,-,body6,body6.C1_NONE@LeftArm@HumanoidUpperBody,LA,body5,body5.손목_샤프트_260408_URDF@LeftArm@HumanoidUpperBody,-55.0
LA,6,-,body6,body6.C1_손목_Pitch_고정부_260415_URDF@LeftArm@HumanoidUpperBody,LA,body5,body5.손목_샤프트_260408_URDF1@LeftArm@HumanoidUpperBody,-65.0
LA,6,-,body6,body6.C1_NONE@LeftArm@HumanoidUpperBody,LA,body5,body5.손목_샤프트_260408_URDF1@LeftArm@HumanoidUpperBody,-81.0
LA,6,-,body7,body7.C1_손목_Pitch_회전부_260415_URDF@LeftArm@HumanoidUpperBody,LA,body5,body5.손목_샤프트_260408_URDF@LeftArm@HumanoidUpperBody,-104.0
LA,6,-,body7,body7.C1_손목_Pitch_회전부_260415_URDF@LeftArm@HumanoidUpperBody,LA,body5,body5.손목_Yaw_01_URDF@LeftArm@HumanoidUpperBody,-106.0
LA,6,-,body7,body7.C1_손목_Pitch_회전부2_260415_URDF@LeftArm@HumanoidUpperBody,LA,body5,body5.________11@LeftArm@HumanoidUpperBody,-108.0
LA,6,-,body7,body7.C1_손목_Pitch_회전부_260415_URDF@LeftArm@HumanoidUpperBody,LA,body5,body5.________11@LeftArm@HumanoidUpperBody,-108.0
LA,6,-,body7,body7.C1_손목_Pitch_회전부2_260415_URDF@LeftArm@HumanoidUpperBody,LA,body5,body5.손목_샤프트_260408_URDF@LeftArm@HumanoidUpperBody,-111.0
LA,6,-,body7,body7.C1_손목_Pitch_회전부_260415_URDF@LeftArm@HumanoidUpperBody,LA,body6_2,body6_2.C1_손목_Yaw_회전부_260420_URDF@LeftArm@HumanoidUpperBody,-114.0
LA,6,-,body7,body7.C1_손목_Pitch_회전부_260415_URDF@LeftArm@HumanoidUpperBody,LA,body5,body5.손목_샤프트_260408_URDF1@LeftArm@HumanoidUpperBody,-132.0
LA,6,-,body7,body7.C1_손목_Pitch_회전부2_260415_URDF@LeftArm@HumanoidUpperBody,LA,body5,body5.손목_샤프트_260408_URDF1@LeftArm@HumanoidUpperBody,-139.0
LA,6,-,body7,body7.C1_손목_Pitch_회전부2_260415_URDF@LeftArm@HumanoidUpperBody,LA,body5,body5.손목_Roll_회전부_260409_v2_URDF@LeftArm@HumanoidUpperBody,-150.0
LA,7,+,body7,body7.C1_손목_Pitch_회전부_260415_URDF@LeftArm@HumanoidUpperBody,LA,body6,body6.C1_손목_Pitch_고정부_260415_URDF@LeftArm@HumanoidUpperBody,1.0
LA,7,+,body7,body7.C1_손목_Pitch_회전부_260415_URDF@LeftArm@HumanoidUpperBody,LA,body6,body6.C1_NONE@LeftArm@HumanoidUpperBody,1.0
LA,7,+,body7,body7.C1_손목_Pitch_회전부2_260415_URDF@LeftArm@HumanoidUpperBody,LA,body6,body6.C1_________11@LeftArm@HumanoidUpperBody,21.0
LA,7,+,body7,body7.C1_손목_Pitch_회전부_260415_URDF@LeftArm@HumanoidUpperBody,LA,body5,body5.손목_Roll_회전부2_260409_v2_URDF@LeftArm@HumanoidUpperBody,41.0
LA,7,+,body7,body7.C1_손목_Pitch_회전부2_260415_URDF@LeftArm@HumanoidUpperBody,LA,body6,body6.C1_손목_Pitch_베어링체결부_260407_URDF@LeftArm@HumanoidUpperBody,61.0
LA,7,+,body7,body7.C1_손목_Pitch_회전부2_260415_URDF@LeftArm@HumanoidUpperBody,LA,body6,body6.C1_FL6700ZZ_Right_어깨양단지지_URDF@LeftArm@HumanoidUpperBody,62.0
LA,7,+,body7,body7.C1_손목_Pitch_회전부2_260415_URDF@LeftArm@HumanoidUpperBody,LA,body5,body5.손목_Roll_회전부2_260409_v2_URDF@LeftArm@HumanoidUpperBody,112.0
LA,7,+,body7,body7.C1_손목_Pitch_회전부2_260415_URDF@LeftArm@HumanoidUpperBody,LA,body5,body5.손목_샤프트_260408_URDF@LeftArm@HumanoidUpperBody,136.0
LA,7,+,body7,body7.C1_손목_Pitch_회전부2_260415_URDF@LeftArm@HumanoidUpperBody,LA,body5,body5.손목_샤프트_260408_URDF1@LeftArm@HumanoidUpperBody,136.0
LA,7,+,body7,body7.C1_손목_Pitch_회전부2_260415_URDF@LeftArm@HumanoidUpperBody,LA,body5,body5.손목_Yaw_01_URDF@LeftArm@HumanoidUpperBody,137.0
LA,7,+,body7,body7.C1_손목_Pitch_회전부2_260415_URDF@LeftArm@HumanoidUpperBody,LA,body5,body5.________11@LeftArm@HumanoidUpperBody,147.0
LA,7,+,body7,body7.C1_손목_Pitch_회전부_260415_URDF@LeftArm@HumanoidUpperBody,LA,body5,body5.손목_Roll_회전부3_260526_v2_URDF@LeftArm@HumanoidUpperBody,148.0
LA,7,-,body7,body7.C1_손목_Pitch_회전부_260415_URDF@LeftArm@HumanoidUpperBody,LA,body6,body6.C1_손목_Pitch_고정부_260415_URDF@LeftArm@HumanoidUpperBody,-0.0
LA,7,-,body7,body7.C1_손목_Pitch_회전부_260415_URDF@LeftArm@HumanoidUpperBody,LA,body6,body6.C1_NONE@LeftArm@HumanoidUpperBody,-0.0
LA,7,-,body7,body7.C1_손목_Pitch_회전부2_260415_URDF@LeftArm@HumanoidUpperBody,LA,body6,body6.C1_________11@LeftArm@HumanoidUpperBody,-21.0
LA,7,-,body7,body7.C1_손목_Pitch_회전부_260415_URDF@LeftArm@HumanoidUpperBody,LA,body5,body5.손목_Roll_회전부3_260526_v2_URDF@LeftArm@HumanoidUpperBody,-41.0
LA,7,-,body7,body7.C1_손목_Pitch_회전부2_260415_URDF@LeftArm@HumanoidUpperBody,LA,body6,body6.C1_손목_Pitch_베어링체결부_260409_URDF@LeftArm@HumanoidUpperBody,-61.0
LA,7,-,body7,body7.C1_손목_Pitch_회전부2_260415_URDF@LeftArm@HumanoidUpperBody,LA,body6,body6.C1_FL6700ZZ_Right_어깨양단지지_URDF1@LeftArm@HumanoidUpperBody,-62.0
LA,7,-,body7,body7.C1_손목_Pitch_회전부2_260415_URDF@LeftArm@HumanoidUpperBody,LA,body5,body5.손목_Roll_회전부3_260526_v2_URDF@LeftArm@HumanoidUpperBody,-112.0
LA,7,-,body7,body7.C1_손목_Pitch_회전부2_260415_URDF@LeftArm@HumanoidUpperBody,LA,body6_2,body6_2.C1_손목_Yaw_회전부_260420_URDF@LeftArm@HumanoidUpperBody,-130.0
LA,7,-,body7,body7.C1_손목_Pitch_회전부2_260415_URDF@LeftArm@HumanoidUpperBody,LA,body5,body5.손목_샤프트_260408_URDF@LeftArm@HumanoidUpperBody,-136.0
LA,7,-,body7,body7.C1_손목_Pitch_회전부2_260415_URDF@LeftArm@HumanoidUpperBody,LA,body5,body5.손목_샤프트_260408_URDF1@LeftArm@HumanoidUpperBody,-136.0
LA,7,-,body7,body7.C1_손목_Pitch_회전부2_260415_URDF@LeftArm@HumanoidUpperBody,LA,body5,body5.________11@LeftArm@HumanoidUpperBody,-140.0
LA,7,-,body7,body7.C1_손목_Pitch_회전부2_260415_URDF@LeftArm@HumanoidUpperBody,LA,body5,body5.NONE@LeftArm@HumanoidUpperBody,-143.0
LA,7,-,body7,body7.C1_손목_Pitch_회전부_260415_URDF@LeftArm@HumanoidUpperBody,LA,body5,body5.손목_Roll_회전부2_260409_v2_URDF@LeftArm@HumanoidUpperBody,-148.0
RA,1,+,body1,body1.어깨_Pitch_회전부_260423_Right_어깨양단지지_URDF@RightArm@HumanoidUpperBody,RA,body0,body0.어깨_Pitch_고정부_A_260423_URDF@RightArm@HumanoidUpperBody,1.0
RA,1,+,body1,body1.어깨_Pitch_회전부_260423_Right_어깨양단지지_URDF@RightArm@HumanoidUpperBody,RA,body0,body0._________1@RightArm@HumanoidUpperBody,1.0
RA,1,+,body1,body1.어깨_Pitch_회전부_260423_Right_어깨양단지지_URDF@RightArm@HumanoidUpperBody,RA,body0,body0._________11@RightArm@HumanoidUpperBody,1.0
RA,1,+,body1,body1.어깨_Pitch_회전부_260423_Right_어깨양단지지_URDF@RightArm@HumanoidUpperBody,RA,body0,body0.____mm_______1@RightArm@HumanoidUpperBody,1.0
RA,1,+,body1,body1.어깨_Pitch_회전부_260423_Right_어깨양단지지_URDF@RightArm@HumanoidUpperBody,RA,body0,body0._________12@RightArm@HumanoidUpperBody,1.0
RA,1,-,body1,body1.어깨_Pitch_회전부_260423_Right_어깨양단지지_URDF@RightArm@HumanoidUpperBody,RA,body0,body0.어깨_Pitch_고정부_A_260423_URDF@RightArm@HumanoidUpperBody,-0.0
RA,1,-,body1,body1.어깨_Pitch_회전부_260423_Right_어깨양단지지_URDF@RightArm@HumanoidUpperBody,RA,body0,body0._________1@RightArm@HumanoidUpperBody,-0.0
RA,1,-,body1,body1.어깨_Pitch_회전부_260423_Right_어깨양단지지_URDF@RightArm@HumanoidUpperBody,RA,body0,body0._________11@RightArm@HumanoidUpperBody,-0.0
RA,1,-,body1,body1.어깨_Pitch_회전부_260423_Right_어깨양단지지_URDF@RightArm@HumanoidUpperBody,RA,body0,body0.____mm_______1@RightArm@HumanoidUpperBody,-0.0
RA,1,-,body1,body1.어깨_Pitch_회전부_260423_Right_어깨양단지지_URDF@RightArm@HumanoidUpperBody,RA,body0,body0._________12@RightArm@HumanoidUpperBody,-0.0
RA,2,+,body2,body2.어깨_Roll_연결부_260423_URDF@RightArm@HumanoidUpperBody,RA,body1,body1.어깨_Roll모터_고정막대_260423_URDF@RightArm@HumanoidUpperBody,1.0
RA,2,+,body2,body2.어깨_Roll_연결부_260423_URDF@RightArm@HumanoidUpperBody,RA,body1,body1.어깨_Pitch_회전부_260423_Right_어깨양단지지_URDF@RightArm@HumanoidUpperBody,1.0
RA,2,+,body2,body2.어깨_Roll_연결부_260423_URDF@RightArm@HumanoidUpperBody,RA,body1,body1._________12@RightArm@HumanoidUpperBody,1.0
RA,2,+,body2,body2.어깨_Roll_베어링_연결부_260423_URDF@RightArm@HumanoidUpperBody,RA,body1,body1.어깨_Pitch_회전부_260423_Right_어깨양단지지_URDF@RightArm@HumanoidUpperBody,1.0
RA,2,+,body2,body2.어깨_Roll베어링_고정파트_URDF기본@RightArm@HumanoidUpperBody,RA,body1,body1._________4@RightArm@HumanoidUpperBody,1.0
RA,2,+,body2,body2.어깨_Roll베어링_고정파트_URDF기본@RightArm@HumanoidUpperBody,RA,body1,body1._________12@RightArm@HumanoidUpperBody,1.0
RA,2,+,body2,body2.어깨_Roll베어링_고정파트_URDF기본@RightArm@HumanoidUpperBody,RA,body1,body1.____3@RightArm@HumanoidUpperBody,1.0
RA,2,+,body2,body2.어깨_Roll베어링_고정파트_URDF기본1@RightArm@HumanoidUpperBody,RA,body1,body1._________4@RightArm@HumanoidUpperBody,1.0
RA,2,+,body2,body2.어깨_Roll베어링_고정파트_URDF기본1@RightArm@HumanoidUpperBody,RA,body1,body1._________12@RightArm@HumanoidUpperBody,1.0
RA,2,+,body2,body2.어깨_Roll베어링_고정파트_URDF기본1@RightArm@HumanoidUpperBody,RA,body1,body1.____3@RightArm@HumanoidUpperBody,1.0
RA,2,+,body2,body2.어깨_Roll_Yaw_연결부_260422_URDF@RightArm@HumanoidUpperBody,RA,body1,body1._________12@RightArm@HumanoidUpperBody,2.0
RA,2,+,body2,body2.어깨_Roll베어링_고정파트_URDF기본@RightArm@HumanoidUpperBody,RA,body1,body1.____2@RightArm@HumanoidUpperBody,8.0
RA,2,+,body2,body2.어깨_Roll베어링_고정파트_URDF기본@RightArm@HumanoidUpperBody,RA,body1,body1._________46@RightArm@HumanoidUpperBody,9.0
RA,2,+,body2,body2.어깨_Roll베어링_고정파트_URDF기본@RightArm@HumanoidUpperBody,RA,body1,body1.____mm_______1@RightArm@HumanoidUpperBody,9.0
RA,2,+,body2,body2.어깨_Roll_연결부_260423_URDF@RightArm@HumanoidUpperBody,RA,body1,body1._________4@RightArm@HumanoidUpperBody,10.0
RA,2,+,body2,body2.어깨_Roll베어링_고정파트_URDF기본@RightArm@HumanoidUpperBody,RA,body1,body1.어깨_Pitch_고정연결부_260423_Right_어깨양단지지_B_URDF@RightArm@HumanoidUpperBody,11.0
RA,2,+,body2,body2.어깨_Roll베어링_고정파트_URDF기본@RightArm@HumanoidUpperBody,RA,body1,body1.어깨_Pitch_고정연결부_260423_A_URDF@RightArm@HumanoidUpperBody,11.0
RA,2,+,body2,body2.어깨_Roll_연결부_260423_URDF@RightArm@HumanoidUpperBody,RA,body1,body1.____3@RightArm@HumanoidUpperBody,13.0
RA,2,+,body2,body2.어깨_Roll베어링_고정파트_URDF기본@RightArm@HumanoidUpperBody,RA,body1,body1.어깨_Pitch_고정연결부_260423_Right_어깨양단지지_B_URDF1@RightArm@HumanoidUpperBody,13.0
RA,2,+,body2,body2.어깨_Roll베어링_고정파트_URDF기본@RightArm@HumanoidUpperBody,RA,body1,body1.________2@RightArm@HumanoidUpperBody,14.0
RA,2,+,body2,body2.어깨_Roll_연결부_260423_URDF@RightArm@HumanoidUpperBody,RA,body1,body1._________1@RightArm@HumanoidUpperBody,16.0
RA,2,+,body2,body2.어깨_Roll_베어링_연결부_260423_URDF@RightArm@HumanoidUpperBody,RA,body1,body1._________4@RightArm@HumanoidUpperBody,16.0
RA,2,+,body3,body3.어깨_Yaw_체결부_260415_URDF@RightArm@HumanoidUpperBody,RA,body1,body1.어깨_Roll모터_고정막대_260423_URDF@RightArm@HumanoidUpperBody,18.0
RA,2,+,body2,body2.어깨_Roll_연결부_260423_URDF@RightArm@HumanoidUpperBody,RA,body1,body1.어깨_Pitch_고정연결부_260423_Right_어깨양단지지_B_URDF@RightArm@HumanoidUpperBody,18.0
RA,2,+,body2,body2.어깨_Roll_연결부_260423_URDF@RightArm@HumanoidUpperBody,RA,body1,body1.어깨_Pitch_고정연결부_260423_A_URDF@RightArm@HumanoidUpperBody,18.0
RA,2,+,body2,body2.어깨_Roll_베어링_연결부_260423_URDF@RightArm@HumanoidUpperBody,RA,body1,body1.____3@RightArm@HumanoidUpperBody,18.0
RA,2,+,body2,body2.어깨_Roll_연결부_260423_URDF@RightArm@HumanoidUpperBody,RA,body1,body1.____2@RightArm@HumanoidUpperBody,19.0
RA,2,+,body2,body2.어깨_Roll베어링_고정파트_URDF기본@RightArm@HumanoidUpperBody,RA,body1,body1.어깨_Roll모터_고정막대_260423_URDF@RightArm@HumanoidUpperBody,19.0
RA,2,+,body2,body2.어깨_Roll_연결부_260423_URDF@RightArm@HumanoidUpperBody,RA,body1,body1._________46@RightArm@HumanoidUpperBody,21.0
RA,2,+,body3,body3.________2@RightArm@HumanoidUpperBody,RA,body1,body1.어깨_Roll모터_고정막대_260423_URDF@RightArm@HumanoidUpperBody,22.0
RA,2,+,body2,body2.어깨_Roll_베어링_연결부_260423_URDF@RightArm@HumanoidUpperBody,RA,body1,body1.어깨_Pitch_고정연결부_260423_Right_어깨양단지지_B_URDF@RightArm@HumanoidUpperBody,23.0
RA,2,+,body2,body2.어깨_Roll_연결부_260423_URDF@RightArm@HumanoidUpperBody,RA,body1,body1.________2@RightArm@HumanoidUpperBody,24.0
RA,2,+,body2,body2.어깨_Roll_베어링_연결부_260423_URDF@RightArm@HumanoidUpperBody,RA,body1,body1.____2@RightArm@HumanoidUpperBody,25.0
RA,2,+,body2,body2.어깨_Roll_베어링_연결부_260423_URDF@RightArm@HumanoidUpperBody,RA,body1,body1._________46@RightArm@HumanoidUpperBody,26.0
RA,2,+,body2,body2.어깨_Roll_연결부_260423_URDF@RightArm@HumanoidUpperBody,RA,body1,body1.____mm_______1@RightArm@HumanoidUpperBody,30.0
RA,2,+,body2,body2.어깨_Roll_베어링_연결부_260423_URDF@RightArm@HumanoidUpperBody,RA,body1,body1.어깨_Pitch_고정연결부_260423_Right_어깨양단지지_B_URDF1@RightArm@HumanoidUpperBody,41.0
RA,2,+,body2,body2.어깨_Roll_Yaw_연결부_260422_URDF@RightArm@HumanoidUpperBody,RA,body1,body1.어깨_Roll모터_고정막대_260423_URDF@RightArm@HumanoidUpperBody,44.0
RA,2,+,body2,body2.어깨_Roll_Yaw_연결부_260422_URDF@RightArm@HumanoidUpperBody,RA,body1,body1._________4@RightArm@HumanoidUpperBody,46.0
RA,2,+,body2,body2.어깨_Roll_Yaw_연결부_260422_URDF@RightArm@HumanoidUpperBody,RA,body1,body1.____3@RightArm@HumanoidUpperBody,50.0
RA,2,+,body2,body2.어깨_Roll_베어링_연결부_260423_URDF@RightArm@HumanoidUpperBody,RA,body1,body1.베어링_6809_URDF@RightArm@HumanoidUpperBody,54.0
RA,2,+,body3,body3.어깨_Yaw_체결부_260415_URDF@RightArm@HumanoidUpperBody,RA,body1,body1.어깨_Pitch_고정연결부_260423_Right_어깨양단지지_B_URDF@RightArm@HumanoidUpperBody,55.0
RA,2,+,body3,body3.어깨_Yaw_체결부_260415_URDF@RightArm@HumanoidUpperBody,RA,body1,body1.어깨_Pitch_고정연결부_260423_A_URDF@RightArm@HumanoidUpperBody,55.0
RA,2,+,body2,body2.어깨_Roll_Yaw_연결부_260422_URDF@RightArm@HumanoidUpperBody,RA,body1,body1.____2@RightArm@HumanoidUpperBody,58.0
RA,2,+,body2,body2.어깨_Roll_Yaw_연결부_260422_URDF@RightArm@HumanoidUpperBody,RA,body1,body1._________46@RightArm@HumanoidUpperBody,60.0
RA,2,+,body3,body3.________2@RightArm@HumanoidUpperBody,RA,body1,body1.어깨_Pitch_고정연결부_260423_Right_어깨양단지지_B_URDF@RightArm@HumanoidUpperBody,61.0
RA,2,+,body3,body3.________2@RightArm@HumanoidUpperBody,RA,body1,body1.어깨_Pitch_고정연결부_260423_A_URDF@RightArm@HumanoidUpperBody,61.0
RA,2,+,body2,body2.어깨_Roll_Yaw_연결부_260422_URDF@RightArm@HumanoidUpperBody,RA,body1,body1.어깨_Pitch_고정연결부_260423_Right_어깨양단지지_B_URDF@RightArm@HumanoidUpperBody,62.0
RA,2,+,body2,body2.어깨_Roll_Yaw_연결부_260422_URDF@RightArm@HumanoidUpperBody,RA,body1,body1.어깨_Pitch_고정연결부_260423_A_URDF@RightArm@HumanoidUpperBody,62.0
RA,2,+,body2,body2.어깨_Roll_Yaw_연결부_260422_URDF@RightArm@HumanoidUpperBody,RA,body1,body1.어깨_Pitch_고정연결부_260423_Right_어깨양단지지_B_URDF1@RightArm@HumanoidUpperBody,63.0
RA,2,+,body2,body2.어깨_Roll베어링_고정파트_URDF기본1@RightArm@HumanoidUpperBody,RA,body1,body1.어깨_Roll모터_고정막대_260423_URDF@RightArm@HumanoidUpperBody,63.0
RA,2,+,body2,body2.어깨_Roll_Yaw_연결부_260422_URDF@RightArm@HumanoidUpperBody,RA,body1,body1.________2@RightArm@HumanoidUpperBody,65.0
RA,2,+,body2,body2.어깨_Roll_Yaw_연결부_260422_URDF@RightArm@HumanoidUpperBody,RA,body1,body1.____mm_______1@RightArm@HumanoidUpperBody,68.0
RA,2,+,body3,body3.어깨_Yaw_체결부_260415_URDF@RightArm@HumanoidUpperBody,RA,body1,body1._________4@RightArm@HumanoidUpperBody,69.0
RA,2,+,body2,body2.어깨_Roll베어링_고정파트_URDF기본1@RightArm@HumanoidUpperBody,RA,body1,body1.____2@RightArm@HumanoidUpperBody,92.0
RA,2,+,body2,body2.어깨_Roll베어링_고정파트_URDF기본1@RightArm@HumanoidUpperBody,RA,body1,body1.____mm_______1@RightArm@HumanoidUpperBody,92.0
RA,2,+,body2,body2.어깨_Roll베어링_고정파트_URDF기본1@RightArm@HumanoidUpperBody,RA,body1,body1._________46@RightArm@HumanoidUpperBody,93.0
RA,2,+,body2,body2.어깨_Roll베어링_고정파트_URDF기본1@RightArm@HumanoidUpperBody,RA,body1,body1.어깨_Pitch_고정연결부_260423_Right_어깨양단지지_B_URDF@RightArm@HumanoidUpperBody,94.0
RA,2,+,body2,body2.어깨_Roll베어링_고정파트_URDF기본1@RightArm@HumanoidUpperBody,RA,body1,body1.어깨_Pitch_고정연결부_260423_A_URDF@RightArm@HumanoidUpperBody,94.0
RA,2,+,body2,body2.어깨_Roll베어링_고정파트_URDF기본1@RightArm@HumanoidUpperBody,RA,body1,body1.________2@RightArm@HumanoidUpperBody,96.0
RA,2,+,body2,body2.어깨_Roll베어링_고정파트_URDF기본1@RightArm@HumanoidUpperBody,RA,body1,body1.어깨_Pitch_고정연결부_260423_Right_어깨양단지지_B_URDF1@RightArm@HumanoidUpperBody,97.0
RA,2,+,body2,body2.어깨_Roll_연결부_260423_URDF@RightArm@HumanoidUpperBody,RA,body1,body1._________11@RightArm@HumanoidUpperBody,103.0
RA,2,-,body2,body2.어깨_Roll_연결부_260423_URDF@RightArm@HumanoidUpperBody,RA,body1,body1.어깨_Roll모터_고정막대_260423_URDF@RightArm@HumanoidUpperBody,-0.0
RA,2,-,body2,body2.어깨_Roll_연결부_260423_URDF@RightArm@HumanoidUpperBody,RA,body1,body1.어깨_Pitch_회전부_260423_Right_어깨양단지지_URDF@RightArm@HumanoidUpperBody,-0.0
RA,2,-,body2,body2.어깨_Roll_연결부_260423_URDF@RightArm@HumanoidUpperBody,RA,body1,body1._________12@RightArm@HumanoidUpperBody,-0.0
RA,2,-,body2,body2.어깨_Roll_베어링_연결부_260423_URDF@RightArm@HumanoidUpperBody,RA,body1,body1.어깨_Pitch_회전부_260423_Right_어깨양단지지_URDF@RightArm@HumanoidUpperBody,-0.0
RA,2,-,body2,body2.어깨_Roll베어링_고정파트_URDF기본@RightArm@HumanoidUpperBody,RA,body1,body1._________4@RightArm@HumanoidUpperBody,-0.0
RA,2,-,body2,body2.어깨_Roll베어링_고정파트_URDF기본@RightArm@HumanoidUpperBody,RA,body1,body1._________12@RightArm@HumanoidUpperBody,-0.0
RA,2,-,body2,body2.어깨_Roll베어링_고정파트_URDF기본@RightArm@HumanoidUpperBody,RA,body1,body1.____3@RightArm@HumanoidUpperBody,-0.0
RA,2,-,body2,body2.어깨_Roll베어링_고정파트_URDF기본1@RightArm@HumanoidUpperBody,RA,body1,body1._________4@RightArm@HumanoidUpperBody,-0.0
RA,2,-,body2,body2.어깨_Roll베어링_고정파트_URDF기본1@RightArm@HumanoidUpperBody,RA,body1,body1._________12@RightArm@HumanoidUpperBody,-0.0
RA,2,-,body2,body2.어깨_Roll베어링_고정파트_URDF기본1@RightArm@HumanoidUpperBody,RA,body1,body1.____3@RightArm@HumanoidUpperBody,-0.0
RA,2,-,body2,body2.어깨_Roll_Yaw_연결부_260422_URDF@RightArm@HumanoidUpperBody,RA,body1,body1._________12@RightArm@HumanoidUpperBody,-2.0
RA,2,-,body2,body2.어깨_Roll_연결부_260423_URDF@RightArm@HumanoidUpperBody,RA,body0,body0.어깨_Pitch_고정부_A_260423_URDF@RightArm@HumanoidUpperBody,-8.0
RA,2,-,body2,body2.어깨_Roll베어링_고정파트_URDF기본1@RightArm@HumanoidUpperBody,RA,body1,body1.____2@RightArm@HumanoidUpperBody,-8.0
RA,2,-,body2,body2.어깨_Roll베어링_고정파트_URDF기본1@RightArm@HumanoidUpperBody,RA,body1,body1.____mm_______1@RightArm@HumanoidUpperBody,-9.0
RA,2,-,body2,body2.어깨_Roll베어링_고정파트_URDF기본1@RightArm@HumanoidUpperBody,RA,body1,body1._________46@RightArm@HumanoidUpperBody,-9.0
RA,2,-,body3,body3.어깨_Yaw_체결부_260415_URDF@RightArm@HumanoidUpperBody,RA,body1,body1.어깨_Pitch_회전부_260423_Right_어깨양단지지_URDF@RightArm@HumanoidUpperBody,-10.0
RA,2,-,body2,body2.어깨_Roll_연결부_260423_URDF@RightArm@HumanoidUpperBody,RA,body1,body1._________4@RightArm@HumanoidUpperBody,-10.0
RA,2,-,body2,body2.어깨_Roll베어링_고정파트_URDF기본1@RightArm@HumanoidUpperBody,RA,body1,body1.어깨_Pitch_고정연결부_260423_Right_어깨양단지지_B_URDF@RightArm@HumanoidUpperBody,-11.0
RA,2,-,body2,body2.어깨_Roll베어링_고정파트_URDF기본1@RightArm@HumanoidUpperBody,RA,body1,body1.어깨_Pitch_고정연결부_260423_A_URDF@RightArm@HumanoidUpperBody,-11.0
RA,2,-,body3,body3.________2@RightArm@HumanoidUpperBody,RA,body1,body1.어깨_Pitch_회전부_260423_Right_어깨양단지지_URDF@RightArm@HumanoidUpperBody,-13.0
RA,2,-,body2,body2.어깨_Roll_연결부_260423_URDF@RightArm@HumanoidUpperBody,RA,body1,body1.____3@RightArm@HumanoidUpperBody,-13.0
RA,2,-,body2,body2.어깨_Roll베어링_고정파트_URDF기본1@RightArm@HumanoidUpperBody,RA,body1,body1.어깨_Pitch_고정연결부_260423_Right_어깨양단지지_B_URDF1@RightArm@HumanoidUpperBody,-13.0
RA,2,-,body2,body2.어깨_Roll베어링_고정파트_URDF기본1@RightArm@HumanoidUpperBody,RA,body1,body1.________2@RightArm@HumanoidUpperBody,-14.0
RA,2,-,body2,body2.어깨_Roll_연결부_260423_URDF@RightArm@HumanoidUpperBody,RA,body1,body1.어깨_Pitch_고정연결부_260423_Right_어깨양단지지_B_URDF@RightArm@HumanoidUpperBody,-16.0
RA,2,-,body2,body2.어깨_Roll_연결부_260423_URDF@RightArm@HumanoidUpperBody,RA,body1,body1.어깨_Pitch_고정연결부_260423_A_URDF@RightArm@HumanoidUpperBody,-16.0
RA,2,-,body2,body2.어깨_Roll_연결부_260423_URDF@RightArm@HumanoidUpperBody,RA,body0,body0.____mm_______1@RightArm@HumanoidUpperBody,-16.0
RA,2,-,body2,body2.어깨_Roll_베어링_연결부_260423_URDF@RightArm@HumanoidUpperBody,RA,body1,body1._________4@RightArm@HumanoidUpperBody,-16.0
RA,2,-,body2,body2.어깨_Roll_베어링_연결부_260423_URDF@RightArm@HumanoidUpperBody,RA,body0,body0.어깨_Pitch_고정부_A_260423_URDF@RightArm@HumanoidUpperBody,-16.0
RA,2,-,body3,body3.어깨_Yaw_체결부_260415_URDF@RightArm@HumanoidUpperBody,RA,body0,body0.어깨_Pitch_고정부_A_260423_URDF@RightArm@HumanoidUpperBody,-17.0
RA,2,-,body3,body3.________2@RightArm@HumanoidUpperBody,RA,body0,body0.어깨_Pitch_고정부_A_260423_URDF@RightArm@HumanoidUpperBody,-18.0
RA,2,-,body3,body3.____3@RightArm@HumanoidUpperBody,RA,body0,body0.어깨_Pitch_고정부_A_260423_URDF@RightArm@HumanoidUpperBody,-18.0
RA,2,-,body2,body2.어깨_Roll_연결부_260423_URDF@RightArm@HumanoidUpperBody,RA,body0,body0._________12@RightArm@HumanoidUpperBody,-18.0
RA,2,-,body2,body2.어깨_Roll_베어링_연결부_260423_URDF@RightArm@HumanoidUpperBody,RA,body1,body1.____3@RightArm@HumanoidUpperBody,-18.0
RA,2,-,body2,body2.어깨_Roll_연결부_260423_URDF@RightArm@HumanoidUpperBody,RA,body1,body1.____2@RightArm@HumanoidUpperBody,-19.0
RA,2,-,body3,body3.어깨_Yaw_팔꿈치_연결부_B_260423_URDF@RightArm@HumanoidUpperBody,HumanoidUpperBody,base,base.C1_Body_Part07_260515@HumanoidUpperBody,-20.0
RA,2,-,body3,body3.어깨_Yaw_팔꿈치_연결부_B_260423_URDF@RightArm@HumanoidUpperBody,HumanoidUpperBody,base,base.어댑터_260518@HumanoidUpperBody,-20.0
RA,2,-,body2,body2.어깨_Roll_연결부_260423_URDF@RightArm@HumanoidUpperBody,RA,body1,body1._________46@RightArm@HumanoidUpperBody,-21.0
RA,2,-,body2,body2.어깨_Roll_베어링_연결부_260423_URDF@RightArm@HumanoidUpperBody,RA,body1,body1.어깨_Pitch_고정연결부_260423_Right_어깨양단지지_B_URDF@RightArm@HumanoidUpperBody,-21.0
RA,2,-,body3,body3.팔꿈치_끝단베어링_체결부_260417_URDF@RightArm@HumanoidUpperBody,HumanoidUpperBody,base,base.어댑터_260518@HumanoidUpperBody,-21.0
RA,2,-,body3,body3.어깨_Yaw_체결부_260415_URDF@RightArm@HumanoidUpperBody,RA,body0,body0.________2@RightArm@HumanoidUpperBody,-22.0
RA,2,-,body3,body3.베어링_6708U_H_URDF@RightArm@HumanoidUpperBody,HumanoidUpperBody,base,base.어댑터_260518@HumanoidUpperBody,-22.0
RA,2,-,body3,body3.________2@RightArm@HumanoidUpperBody,RA,body0,body0.________2@RightArm@HumanoidUpperBody,-23.0
RA,2,-,body3,body3.____3@RightArm@HumanoidUpperBody,RA,body0,body0.________2@RightArm@HumanoidUpperBody,-23.0
RA,2,-,body3,body3.어깨_팔꿈치_연결부_260416_URDF@RightArm@HumanoidUpperBody,HumanoidUpperBody,base,base.C1_Body_Part01_260515@HumanoidUpperBody,-23.0
RA,2,-,body4,body4.팔꿈치_Pitch_회전부2_260427_URDF@RightArm@HumanoidUpperBody,HumanoidUpperBody,base,base.C1_Body_Part07_260515@HumanoidUpperBody,-23.0
RA,2,-,body3,body3.어깨_팔꿈치_연결부_260416_URDF@RightArm@HumanoidUpperBody,HumanoidUpperBody,base,base.C1_Body_Part07_260515@HumanoidUpperBody,-23.0
RA,2,-,body2,body2.어깨_Roll_연결부_260423_URDF@RightArm@HumanoidUpperBody,RA,body1,body1.________2@RightArm@HumanoidUpperBody,-24.0
RA,2,-,body2,body2.어깨_Roll베어링_고정파트_URDF기본1@RightArm@HumanoidUpperBody,RA,body1,body1.어깨_Pitch_회전부_260423_Right_어깨양단지지_URDF@RightArm@HumanoidUpperBody,-24.0
RA,2,-,body3,body3.팔꿈치_끝단베어링_체결부_260417_URDF@RightArm@HumanoidUpperBody,HumanoidUpperBody,base,base.C1_Body_Part07_260515@HumanoidUpperBody,-24.0
RA,2,-,body3,body3.팔꿈치_스토퍼_260424_URDF@RightArm@HumanoidUpperBody,HumanoidUpperBody,base,base.C1_Body_Part07_260515@HumanoidUpperBody,-24.0
RA,2,-,body4,body4.팔꿈치_Pitch_회전부2_260427_URDF@RightArm@HumanoidUpperBody,HumanoidUpperBody,base,base.C1_Body_Part01_260515@HumanoidUpperBody,-24.0
RA,2,-,body3,body3.____3@RightArm@HumanoidUpperBody,RA,body1,body1.어깨_Pitch_회전부_260423_Right_어깨양단지지_URDF@RightArm@HumanoidUpperBody,-25.0
RA,2,-,body3,body3.어깨_Yaw_체결부_260415_URDF@RightArm@HumanoidUpperBody,RA,body0,body0.____mm_______1@RightArm@HumanoidUpperBody,-25.0
RA,2,-,body2,body2.어깨_Roll_베어링_연결부_260423_URDF@RightArm@HumanoidUpperBody,RA,body1,body1.____2@RightArm@HumanoidUpperBody,-25.0
RA,2,-,body3,body3.NONE@RightArm@HumanoidUpperBody,HumanoidUpperBody,base,base.C1_Body_Part07_260515@HumanoidUpperBody,-25.0
RA,2,-,body4,body4.팔꿈치_Pitch_회전부2_260427_URDF@RightArm@HumanoidUpperBody,HumanoidUpperBody,base,base.어댑터_260518@HumanoidUpperBody,-25.0
RA,2,-,body3,body3.베어링_6708U_H_URDF@RightArm@HumanoidUpperBody,HumanoidUpperBody,base,base.C1_Body_Part07_260515@HumanoidUpperBody,-25.0
RA,2,-,body3,body3.팔꿈치_스토퍼_260424_URDF@RightArm@HumanoidUpperBody,HumanoidUpperBody,base,base.어댑터_260518@HumanoidUpperBody,-25.0
RA,2,-,body3,body3.________2@RightArm@HumanoidUpperBody,RA,body0,body0.____mm_______1@RightArm@HumanoidUpperBody,-26.0
RA,2,-,body3,body3.어깨_Yaw_체결부_260415_URDF@RightArm@HumanoidUpperBody,RA,body0,body0.____3@RightArm@HumanoidUpperBody,-26.0
RA,2,-,body2,body2.어깨_Roll_베어링_연결부_260423_URDF@RightArm@HumanoidUpperBody,RA,body1,body1._________46@RightArm@HumanoidUpperBody,-26.0
RA,2,-,body3,body3.NONE@RightArm@HumanoidUpperBody,HumanoidUpperBody,base,base.C1_Body_Part01_260515@HumanoidUpperBody,-26.0
RA,2,-,body3,body3.________2@RightArm@HumanoidUpperBody,RA,body0,body0.____3@RightArm@HumanoidUpperBody,-27.0
RA,2,-,body3,body3.____3@RightArm@HumanoidUpperBody,RA,body0,body0.____3@RightArm@HumanoidUpperBody,-27.0
RA,2,-,body2,body2.어깨_Roll_베어링_연결부_260423_URDF@RightArm@HumanoidUpperBody,RA,body0,body0.____mm_______1@RightArm@HumanoidUpperBody,-27.0
RA,2,-,body2,body2.어깨_Roll베어링_고정파트_URDF기본1@RightArm@HumanoidUpperBody,RA,body0,body0.어깨_Pitch_고정부_A_260423_URDF@RightArm@HumanoidUpperBody,-27.0
RA,2,-,body3,body3.NONE@RightArm@HumanoidUpperBody,HumanoidUpperBody,base,base.어댑터_260518@HumanoidUpperBody,-27.0
RA,2,-,body3,body3.________11@RightArm@HumanoidUpperBody,HumanoidUpperBody,base,base.C1_Body_Part07_260515@HumanoidUpperBody,-29.0
RA,2,-,body3,body3.________11@RightArm@HumanoidUpperBody,HumanoidUpperBody,base,base.C1_Body_Part01_260515@HumanoidUpperBody,-29.0
RA,2,-,body2,body2.어깨_Roll_연결부_260423_URDF@RightArm@HumanoidUpperBody,RA,body1,body1.____mm_______1@RightArm@HumanoidUpperBody,-30.0
RA,2,-,body3,body3.________11@RightArm@HumanoidUpperBody,HumanoidUpperBody,base,base.어댑터_260518@HumanoidUpperBody,-30.0
RA,2,-,body3,body3.____mm_______1@RightArm@HumanoidUpperBody,RA,body0,body0.어깨_Pitch_고정부_A_260423_URDF@RightArm@HumanoidUpperBody,-31.0
RA,2,-,body3,body3.어깨_Yaw_팔꿈치_연결부_260423_URDF@RightArm@HumanoidUpperBody,HumanoidUpperBody,base,base.C1_Body_Part07_260515@HumanoidUpperBody,-31.0
RA,2,-,body3,body3.____3@RightArm@HumanoidUpperBody,RA,body0,body0.____mm_______1@RightArm@HumanoidUpperBody,-32.0
RA,2,-,body2,body2.어깨_Roll베어링_고정파트_URDF기본1@RightArm@HumanoidUpperBody,RA,body0,body0.________2@RightArm@HumanoidUpperBody,-32.0
RA,2,-,body3,body3.어깨_Yaw_팔꿈치_연결부_B_260423_URDF@RightArm@HumanoidUpperBody,HumanoidUpperBody,base,base.C2_Body_Part22_260515@HumanoidUpperBody,-32.0
RA,2,-,body3,body3.팔꿈치_끝단베어링_체결부_260417_URDF@RightArm@HumanoidUpperBody,HumanoidUpperBody,base,base.C2_Body_Part22_260515@HumanoidUpperBody,-32.0
RA,2,-,body3,body3.베어링_6708U_H_URDF@RightArm@HumanoidUpperBody,HumanoidUpperBody,base,base.C2_Body_Part22_260515@HumanoidUpperBody,-33.0
RA,2,-,body3,body3.어깨_Yaw_팔꿈치_연결부_B_260423_URDF@RightArm@HumanoidUpperBody,HumanoidUpperBody,base,base.C5_PC_Braket_01_3DP@HumanoidUpperBody,-33.0
RA,2,-,body3,body3.____mm_______1@RightArm@HumanoidUpperBody,RA,body1,body1.어깨_Pitch_회전부_260423_Right_어깨양단지지_URDF@RightArm@HumanoidUpperBody,-34.0
RA,2,-,body3,body3.____2@RightArm@HumanoidUpperBody,HumanoidUpperBody,base,base.C1_Body_Part01_260515@HumanoidUpperBody,-34.0
RA,2,-,body3,body3.어깨_Yaw_팔꿈치_연결부_B_260423_URDF@RightArm@HumanoidUpperBody,HumanoidUpperBody,base,base.C1_Nvidia_Jetson_AGX_Thor_developerKit@HumanoidUpperBody,-34.0
RA,2,-,body4,body4.팔꿈치_Pitchl베어링_고정파트_URDF기본@RightArm@HumanoidUpperBody,HumanoidUpperBody,base,base.어댑터_260518@HumanoidUpperBody,-34.0
RA,2,-,body4,body4.팔꿈치_Pitchl베어링_고정파트_URDF기본1@RightArm@HumanoidUpperBody,HumanoidUpperBody,base,base.어댑터_260518@HumanoidUpperBody,-34.0
RA,2,-,body3,body3.____mm_______1@RightArm@HumanoidUpperBody,RA,body0,body0.________2@RightArm@HumanoidUpperBody,-35.0
RA,2,-,body3,body3.어깨_Yaw_체결부_260415_URDF@RightArm@HumanoidUpperBody,RA,body0,body0._________12@RightArm@HumanoidUpperBody,-35.0
RA,2,-,body2,body2.어깨_Roll베어링_고정파트_URDF기본1@RightArm@HumanoidUpperBody,RA,body0,body0.____3@RightArm@HumanoidUpperBody,-35.0
RA,2,-,body3,body3.팔꿈치_끝단베어링_체결부_260417_URDF@RightArm@HumanoidUpperBody,HumanoidUpperBody,base,base.C1_Nvidia_Jetson_AGX_Thor_developerKit@HumanoidUpperBody,-35.0
RA,2,-,body4,body4.팔꿈치_Pitch_회전부2_260427_URDF@RightArm@HumanoidUpperBody,HumanoidUpperBody,base,base.C2_Body_Part22_260515@HumanoidUpperBody,-35.0
RA,2,-,body3,body3._________46@RightArm@HumanoidUpperBody,HumanoidUpperBody,base,base.C1_Body_Part01_260515@HumanoidUpperBody,-36.0
RA,2,-,body3,body3.베어링_6708U_H_URDF@RightArm@HumanoidUpperBody,HumanoidUpperBody,base,base.C1_Nvidia_Jetson_AGX_Thor_developerKit@HumanoidUpperBody,-36.0
RA,2,-,body3,body3._________4@RightArm@HumanoidUpperBody,RA,body0,body0.____3@RightArm@HumanoidUpperBody,-37.0
RA,2,-,body2,body2.어깨_Roll베어링_고정파트_URDF기본1@RightArm@HumanoidUpperBody,RA,body0,body0.____mm_______1@RightArm@HumanoidUpperBody,-37.0
RA,2,-,body4,body4.팔꿈치_Pitch_회전부2_260427_URDF@RightArm@HumanoidUpperBody,HumanoidUpperBody,base,base.C1_Nvidia_Jetson_AGX_Thor_developerKit@HumanoidUpperBody,-37.0
RA,2,-,body3,body3.NONE@RightArm@HumanoidUpperBody,HumanoidUpperBody,base,base.C2_Body_Part22_260515@HumanoidUpperBody,-37.0
RA,2,-,body4,body4.팔꿈치_Pitchl베어링_고정파트_URDF기본@RightArm@HumanoidUpperBody,HumanoidUpperBody,base,base.C1_Body_Part07_260515@HumanoidUpperBody,-37.0
RA,2,-,body4,body4.팔꿈치_Pitchl베어링_고정파트_URDF기본1@RightArm@HumanoidUpperBody,HumanoidUpperBody,base,base.C1_Body_Part07_260515@HumanoidUpperBody,-37.0
RA,2,-,body3,body3.어깨_팔꿈치_연결부_샤프트_260413_URDF@RightArm@HumanoidUpperBody,HumanoidUpperBody,base,base.C4_LCFR6_2020_216@HumanoidUpperBody,-37.0
RA,2,-,body3,body3.어깨_팔꿈치_연결부_샤프트_260413_URDF1@RightArm@HumanoidUpperBody,HumanoidUpperBody,base,base.C1_LCFR6_2020_216@HumanoidUpperBody,-37.0
RA,2,-,body3,body3.어깨_팔꿈치_연결부_샤프트_260413_URDF@RightArm@HumanoidUpperBody,HumanoidUpperBody,base,base.C1_Body_Part01_260515@HumanoidUpperBody,-37.0
RA,2,-,body3,body3.어깨_팔꿈치_연결부_샤프트_260413_URDF1@RightArm@HumanoidUpperBody,HumanoidUpperBody,base,base.C1_Body_Part01_260515@HumanoidUpperBody,-37.0
RA,2,-,body3,body3.팔꿈치_스토퍼_260424_URDF@RightArm@HumanoidUpperBody,HumanoidUpperBody,base,base.C2_Body_Part22_260515@HumanoidUpperBody,-37.0
RA,2,-,body3,body3.________2@RightArm@HumanoidUpperBody,RA,body0,body0._________12@RightArm@HumanoidUpperBody,-38.0
RA,2,-,body3,body3.____mm_______1@RightArm@HumanoidUpperBody,RA,body0,body0.____3@RightArm@HumanoidUpperBody,-38.0
RA,2,-,body3,body3.어깨_Yaw_체결부_260415_URDF@RightArm@HumanoidUpperBody,RA,body0,body0._________4@RightArm@HumanoidUpperBody,-38.0
RA,2,-,body3,body3.어깨_팔꿈치_연결부_260416_URDF@RightArm@HumanoidUpperBody,HumanoidUpperBody,base,base.C2_Body_Part22_260515@HumanoidUpperBody,-38.0
RA,2,-,body3,body3.NONE@RightArm@HumanoidUpperBody,HumanoidUpperBody,base,base.C1_Nvidia_Jetson_AGX_Thor_developerKit@HumanoidUpperBody,-38.0
RA,2,-,body4,body4.팔꿈치_Pitchl베어링_고정파트_URDF기본@RightArm@HumanoidUpperBody,HumanoidUpperBody,base,base.C1_Nvidia_Jetson_AGX_Thor_developerKit@HumanoidUpperBody,-38.0
RA,2,-,body4,body4.팔꿈치_Pitchl베어링_고정파트_URDF기본1@RightArm@HumanoidUpperBody,HumanoidUpperBody,base,base.C1_Nvidia_Jetson_AGX_Thor_developerKit@HumanoidUpperBody,-38.0
RA,2,-,body4,body4.팔꿈치_Pitch_회전부_260427_URDF@RightArm@HumanoidUpperBody,HumanoidUpperBody,base,base.C1_Body_Part07_260515@HumanoidUpperBody,-38.0
RA,2,-,body4,body4.팔꿈치_Pitch_회전부2_260427_URDF@RightArm@HumanoidUpperBody,HumanoidUpperBody,base,base.C3_PC_Braket_02@HumanoidUpperBody,-38.0
RA,2,-,body3,body3.________2@RightArm@HumanoidUpperBody,RA,body0,body0._________4@RightArm@HumanoidUpperBody,-39.0
RA,2,-,body3,body3.____3@RightArm@HumanoidUpperBody,RA,body0,body0._________4@RightArm@HumanoidUpperBody,-39.0
RA,2,-,body3,body3._________4@RightArm@HumanoidUpperBody,HumanoidUpperBody,base,base.C1_Body_Part01_260515@HumanoidUpperBody,-39.0
RA,2,-,body4,body4.팔꿈치_Pitch_회전부_260427_URDF@RightArm@HumanoidUpperBody,HumanoidUpperBody,base,base.어댑터_260518@HumanoidUpperBody,-39.0
RA,2,-,body3,body3.어깨_Yaw_팔꿈치_연결부_B_260423_URDF@RightArm@HumanoidUpperBody,HumanoidUpperBody,base,base.C2_PC_Braket_02@HumanoidUpperBody,-39.0
RA,2,-,body3,body3.어깨_Yaw_팔꿈치_연결부_260423_URDF@RightArm@HumanoidUpperBody,HumanoidUpperBody,base,base.어댑터_260518@HumanoidUpperBody,-39.0
RA,2,-,body4,body4.팔꿈치_Pitch_회전부_260427_URDF@RightArm@HumanoidUpperBody,HumanoidUpperBody,base,base.C1_Body_Part01_260515@HumanoidUpperBody,-39.0
RA,2,-,body3,body3.어깨_팔꿈치_연결부_260416_URDF@RightArm@HumanoidUpperBody,HumanoidUpperBody,base,base.C1_Nvidia_Jetson_AGX_Thor_developerKit@HumanoidUpperBody,-40.0
RA,2,-,body3,body3.팔꿈치_스토퍼_260424_URDF@RightArm@HumanoidUpperBody,HumanoidUpperBody,base,base.C1_Nvidia_Jetson_AGX_Thor_developerKit@HumanoidUpperBody,-40.0
RA,2,-,body3,body3.NONE@RightArm@HumanoidUpperBody,HumanoidUpperBody,base,base.C3_PC_Braket_02@HumanoidUpperBody,-40.0
RA,2,-,body4,body4.팔꿈치_Pitch_회전부3_260422_URDF@RightArm@HumanoidUpperBody,HumanoidUpperBody,base,base.어댑터_260518@HumanoidUpperBody,-40.0
RA,2,-,body3,body3.________11@RightArm@HumanoidUpperBody,HumanoidUpperBody,base,base.C2_Body_Part22_260515@HumanoidUpperBody,-40.0
RA,2,-,body3,body3.어깨_Yaw_팔꿈치_연결부_B_260423_URDF@RightArm@HumanoidUpperBody,HumanoidUpperBody,base,base.C2_PC_Braket_01_3DP@HumanoidUpperBody,-40.0
RA,2,-,body3,body3._________4@RightArm@HumanoidUpperBody,RA,body0,body0._________4@RightArm@HumanoidUpperBody,-41.0
RA,2,-,body3,body3.____mm_______1@RightArm@HumanoidUpperBody,RA,body0,body0.____mm_______1@RightArm@HumanoidUpperBody,-41.0
RA,2,-,body2,body2.어깨_Roll_베어링_연결부_260423_URDF@RightArm@HumanoidUpperBody,RA,body1,body1.어깨_Pitch_고정연결부_260423_Right_어깨양단지지_B_URDF1@RightArm@HumanoidUpperBody,-41.0
RA,2,-,body2,body2.어깨_Roll_연결부_260423_URDF@RightArm@HumanoidUpperBody,RA,body1,body1._________1@RightArm@HumanoidUpperBody,-41.0
RA,2,-,body3,body3.________11@RightArm@HumanoidUpperBody,HumanoidUpperBody,base,base.C1_Nvidia_Jetson_AGX_Thor_developerKit@HumanoidUpperBody,-41.0
RA,2,-,body4,body4.팔꿈치_Pitchl베어링_고정파트_URDF기본@RightArm@HumanoidUpperBody,HumanoidUpperBody,base,base.C3_PC_Braket_02@HumanoidUpperBody,-41.0
RA,2,-,body4,body4.팔꿈치_Pitchl베어링_고정파트_URDF기본1@RightArm@HumanoidUpperBody,HumanoidUpperBody,base,base.C3_PC_Braket_02@HumanoidUpperBody,-41.0
RA,2,-,body4,body4.팔꿈치_손목_연결부_샤프트_260413_URDF1@RightArm@HumanoidUpperBody,HumanoidUpperBody,base,base.어댑터_260518@HumanoidUpperBody,-41.0
RA,2,-,body4,body4.팔꿈치_손목_연결부_샤프트_260413_URDF3@RightArm@HumanoidUpperBody,HumanoidUpperBody,base,base.어댑터_260518@HumanoidUpperBody,-41.0
RA,2,-,body3,body3.팔꿈치_끝단베어링_체결부_260417_URDF@RightArm@HumanoidUpperBody,HumanoidUpperBody,base,base.C2_PC_Braket_02@HumanoidUpperBody,-42.0
RA,2,-,body3,body3.어깨_팔꿈치_연결부_260416_URDF@RightArm@HumanoidUpperBody,HumanoidUpperBody,base,base.C2_PC_Braket_02@HumanoidUpperBody,-43.0
RA,2,-,body4,body4.NONE@RightArm@HumanoidUpperBody,HumanoidUpperBody,base,base.어댑터_260518@HumanoidUpperBody,-43.0
RA,2,-,body4,body4.팔꿈치_Pitch_회전부3_260422_URDF@RightArm@HumanoidUpperBody,HumanoidUpperBody,base,base.C1_Body_Part07_260515@HumanoidUpperBody,-43.0
RA,2,-,body3,body3.________11@RightArm@HumanoidUpperBody,HumanoidUpperBody,base,base.C3_PC_Braket_02@HumanoidUpperBody,-43.0
RA,2,-,body3,body3.베어링_6708U_H_URDF@RightArm@HumanoidUpperBody,HumanoidUpperBody,base,base.C2_PC_Braket_02@HumanoidUpperBody,-43.0
RA,2,-,body4,body4.팔꿈치_Pitch_회전부2_260427_URDF@RightArm@HumanoidUpperBody,HumanoidUpperBody,base,base.C2_PC_Braket_02@HumanoidUpperBody,-43.0
RA,2,-,body4,body4.팔꿈치_손목_연결부_샤프트_260413_URDF1@RightArm@HumanoidUpperBody,HumanoidUpperBody,base,base.C1_Body_Part07_260515@HumanoidUpperBody,-44.0
RA,2,-,body4,body4.팔꿈치_손목_연결부_샤프트_260413_URDF3@RightArm@HumanoidUpperBody,HumanoidUpperBody,base,base.C1_Body_Part07_260515@HumanoidUpperBody,-44.0
RA,2,-,body3,body3.팔꿈치_스토퍼_260424_URDF@RightArm@HumanoidUpperBody,HumanoidUpperBody,base,base.C2_PC_Braket_02@HumanoidUpperBody,-44.0
RA,2,-,body3,body3._________46@RightArm@HumanoidUpperBody,RA,body0,body0._________4@RightArm@HumanoidUpperBody,-45.0
RA,2,-,body2,body2.어깨_Roll_Yaw_연결부_260422_URDF@RightArm@HumanoidUpperBody,RA,body1,body1.어깨_Pitch_회전부_260423_Right_어깨양단지지_URDF@RightArm@HumanoidUpperBody,-45.0
RA,2,-,body2,body2.어깨_Roll_Yaw_연결부_260422_URDF@RightArm@HumanoidUpperBody,RA,body0,body0.어깨_Pitch_고정부_A_260423_URDF@RightArm@HumanoidUpperBody,-45.0
RA,2,-,body2,body2.어깨_Roll베어링_고정파트_URDF기본1@RightArm@HumanoidUpperBody,RA,body0,body0._________4@RightArm@HumanoidUpperBody,-45.0
RA,2,-,body3,body3.____3@RightArm@HumanoidUpperBody,HumanoidUpperBody,base,base.C1_Body_Part01_260515@HumanoidUpperBody,-45.0
RA,2,-,body4,body4.팔꿈치_Pitch_회전부2_260427_URDF@RightArm@HumanoidUpperBody,HumanoidUpperBody,base,base.C1_Body_Part22_260515@HumanoidUpperBody,-45.0
RA,2,-,body3,body3.NONE@RightArm@HumanoidUpperBody,HumanoidUpperBody,base,base.C2_PC_Braket_02@HumanoidUpperBody,-45.0
RA,2,-,body3,body3.어깨_팔꿈치_연결부_샤프트_260413_URDF@RightArm@HumanoidUpperBody,HumanoidUpperBody,base,base.C2_Body_Part28_260515@HumanoidUpperBody,-45.0
RA,2,-,body3,body3.어깨_팔꿈치_연결부_샤프트_260413_URDF1@RightArm@HumanoidUpperBody,HumanoidUpperBody,base,base.C1_Body_Part28_260515@HumanoidUpperBody,-45.0
RA,2,-,body4,body4.팔꿈치_Pitch_회전부3_260422_URDF@RightArm@HumanoidUpperBody,HumanoidUpperBody,base,base.C1_Body_Part22_260515@HumanoidUpperBody,-45.0
RA,2,-,body3,body3.____3@RightArm@HumanoidUpperBody,RA,body0,body0._________12@RightArm@HumanoidUpperBody,-46.0
RA,2,-,body3,body3.어깨_Yaw_체결부_260415_URDF@RightArm@HumanoidUpperBody,RA,body1,body1.어깨_Pitch_고정연결부_260423_Right_어깨양단지지_B_URDF@RightArm@HumanoidUpperBody,-46.0
RA,2,-,body3,body3.어깨_Yaw_체결부_260415_URDF@RightArm@HumanoidUpperBody,RA,body1,body1.어깨_Pitch_고정연결부_260423_A_URDF@RightArm@HumanoidUpperBody,-46.0
RA,2,-,body2,body2.어깨_Roll_Yaw_연결부_260422_URDF@RightArm@HumanoidUpperBody,RA,body1,body1._________4@RightArm@HumanoidUpperBody,-46.0
RA,2,-,body4,body4.NONE@RightArm@HumanoidUpperBody,HumanoidUpperBody,base,base.C1_Body_Part07_260515@HumanoidUpperBody,-46.0
RA,2,-,body3,body3.어깨_Yaw_팔꿈치_연결부_260423_URDF@RightArm@HumanoidUpperBody,HumanoidUpperBody,base,base.C2_Body_Part22_260515@HumanoidUpperBody,-46.0
RA,2,-,body4,body4.________11@RightArm@HumanoidUpperBody,HumanoidUpperBody,base,base.어댑터_260518@HumanoidUpperBody,-46.0
RA,2,-,body4,body4.팔꿈치_손목_연결부_샤프트_260413_URDF1@RightArm@HumanoidUpperBody,HumanoidUpperBody,base,base.C1_Body_Part22_260515@HumanoidUpperBody,-46.0
RA,2,-,body4,body4.팔꿈치_손목_연결부_샤프트_260413_URDF3@RightArm@HumanoidUpperBody,HumanoidUpperBody,base,base.C1_Body_Part22_260515@HumanoidUpperBody,-46.0
RA,2,-,body3,body3.____2@RightArm@HumanoidUpperBody,RA,body0,body0._________4@RightArm@HumanoidUpperBody,-48.0
RA,2,-,body3,body3.________2@RightArm@HumanoidUpperBody,RA,body0,body0._________46@RightArm@HumanoidUpperBody,-48.0
RA,2,-,body3,body3.____mm_______1@RightArm@HumanoidUpperBody,RA,body0,body0._________4@RightArm@HumanoidUpperBody,-48.0
RA,2,-,body3,body3.____3@RightArm@HumanoidUpperBody,RA,body0,body0._________46@RightArm@HumanoidUpperBody,-48.0
RA,2,-,body3,body3.어깨_Yaw_체결부_260415_URDF@RightArm@HumanoidUpperBody,RA,body0,body0._________46@RightArm@HumanoidUpperBody,-48.0
RA,2,-,body3,body3.어깨_Yaw_팔꿈치_연결부_260423_URDF@RightArm@HumanoidUpperBody,HumanoidUpperBody,base,base.C1_Nvidia_Jetson_AGX_Thor_developerKit@HumanoidUpperBody,-48.0
RA,2,-,body4,body4.팔꿈치_Pitchl베어링_고정파트_URDF기본@RightArm@HumanoidUpperBody,HumanoidUpperBody,base,base.C1_Body_Part22_260515@HumanoidUpperBody,-48.0
RA,2,-,body4,body4.팔꿈치_Pitchl베어링_고정파트_URDF기본1@RightArm@HumanoidUpperBody,HumanoidUpperBody,base,base.C1_Body_Part22_260515@HumanoidUpperBody,-48.0
RA,2,-,body4,body4.팔꿈치_Pitch_회전부_260427_URDF@RightArm@HumanoidUpperBody,HumanoidUpperBody,base,base.C2_Body_Part22_260515@HumanoidUpperBody,-48.0
RA,2,-,body2,body2.어깨_Roll_Yaw_연결부_260422_URDF@RightArm@HumanoidUpperBody,RA,body0,body0.________2@RightArm@HumanoidUpperBody,-49.0
RA,2,-,body2,body2.어깨_Roll베어링_고정파트_URDF기본1@RightArm@HumanoidUpperBody,RA,body0,body0._________12@RightArm@HumanoidUpperBody,-49.0
RA,2,-,body3,body3.____3@RightArm@HumanoidUpperBody,HumanoidUpperBody,base,base.C2_Body_Part19_260515@HumanoidUpperBody,-49.0
RA,2,-,body3,body3.어깨_팔꿈치_연결부_260416_URDF@RightArm@HumanoidUpperBody,HumanoidUpperBody,base,base.C1_PC_Braket_02@HumanoidUpperBody,-49.0
RA,2,-,body4,body4.팔꿈치_Pitchl베어링_고정파트_URDF기본@RightArm@HumanoidUpperBody,HumanoidUpperBody,base,base.C1_Imported1@HumanoidUpperBody,-49.0
RA,2,-,body4,body4.팔꿈치_Pitchl베어링_고정파트_URDF기본1@RightArm@HumanoidUpperBody,HumanoidUpperBody,base,base.C1_Imported1@HumanoidUpperBody,-49.0
RA,2,-,body4,body4.팔꿈치_Pitch_회전부2_260427_URDF@RightArm@HumanoidUpperBody,HumanoidUpperBody,base,base.C1_Imported1@HumanoidUpperBody,-49.0
RA,2,-,body3,body3.________11@RightArm@HumanoidUpperBody,HumanoidUpperBody,base,base.C2_PC_Braket_02@HumanoidUpperBody,-49.0
RA,2,-,body4,body4.________11@RightArm@HumanoidUpperBody,HumanoidUpperBody,base,base.C1_Body_Part07_260515@HumanoidUpperBody,-49.0
RA,2,-,body3,body3._________46@RightArm@HumanoidUpperBody,RA,body0,body0._________46@RightArm@HumanoidUpperBody,-50.0
RA,2,-,body3,body3.____2@RightArm@HumanoidUpperBody,RA,body0,body0._________46@RightArm@HumanoidUpperBody,-50.0
RA,2,-,body3,body3._________4@RightArm@HumanoidUpperBody,RA,body0,body0._________46@RightArm@HumanoidUpperBody,-50.0
RA,2,-,body3,body3.어깨_Yaw_체결부_260415_URDF@RightArm@HumanoidUpperBody,RA,body0,body0.____2@RightArm@HumanoidUpperBody,-50.0
RA,2,-,body2,body2.어깨_Roll_Yaw_연결부_260422_URDF@RightArm@HumanoidUpperBody,RA,body1,body1.____3@RightArm@HumanoidUpperBody,-50.0
RA,2,-,body3,body3._________11@RightArm@HumanoidUpperBody,RA,body0,body0.____3@RightArm@HumanoidUpperBody,-50.0
RA,2,-,body3,body3.____2@RightArm@HumanoidUpperBody,HumanoidUpperBody,base,base.C2_Body_Part19_260515@HumanoidUpperBody,-50.0
RA,2,-,body3,body3._________46@RightArm@HumanoidUpperBody,HumanoidUpperBody,base,base.C2_Body_Part19_260515@HumanoidUpperBody,-50.0
RA,2,-,body3,body3._________4@RightArm@HumanoidUpperBody,HumanoidUpperBody,base,base.C2_Body_Part19_260515@HumanoidUpperBody,-50.0
RA,2,-,body4,body4.팔꿈치_Pitch_회전부_260427_URDF@RightArm@HumanoidUpperBody,HumanoidUpperBody,base,base.C1_Nvidia_Jetson_AGX_Thor_developerKit@HumanoidUpperBody,-50.0
RA,2,-,body4,body4.팔꿈치_Pitchl베어링_고정파트_URDF기본@RightArm@HumanoidUpperBody,HumanoidUpperBody,base,base.C1_WS_TALL_BTM_BKT_NEW_1_1@HumanoidUpperBody,-50.0
RA,2,-,body4,body4.팔꿈치_Pitchl베어링_고정파트_URDF기본1@RightArm@HumanoidUpperBody,HumanoidUpperBody,base,base.C1_WS_TALL_BTM_BKT_NEW_1_1@HumanoidUpperBody,-50.0
RA,2,-,body4,body4.팔꿈치_Pitch_회전부2_260427_URDF@RightArm@HumanoidUpperBody,HumanoidUpperBody,base,base.C1_WS_TALL_MID_FRAME_NEW_1@HumanoidUpperBody,-50.0
RA,2,-,body4,body4.팔꿈치_Pitch_회전부2_260427_URDF@RightArm@HumanoidUpperBody,HumanoidUpperBody,base,base.C1_WS_TALL_BTM_BKT_NEW_1_1@HumanoidUpperBody,-50.0
RA,2,-,body7,body7.C1_손목_Pitch_회전부2_260415_URDF@RightArm@HumanoidUpperBody,LA,body4,body4.NONE@LeftArm@HumanoidUpperBody,-50.0
RA,2,-,body4,body4.팔꿈치_손목_연결부_샤프트_260413_URDF@RightArm@HumanoidUpperBody,HumanoidUpperBody,base,base.어댑터_260518@HumanoidUpperBody,-50.0
RA,2,-,body4,body4.팔꿈치_손목_연결부_샤프트_260413_URDF2@RightArm@HumanoidUpperBody,HumanoidUpperBody,base,base.어댑터_260518@HumanoidUpperBody,-50.0
RA,2,-,body3,body3.어깨_Yaw_팔꿈치_연결부_260423_URDF@RightArm@HumanoidUpperBody,HumanoidUpperBody,base,base.C2_PC_Braket_01_3DP@HumanoidUpperBody,-50.0
RA,2,-,body4,body4.팔꿈치_Pitch_회전부2_260427_URDF@RightArm@HumanoidUpperBody,HumanoidUpperBody,base,base.C1_TN_BLANK_PLATE_1@HumanoidUpperBody,-50.0
RA,2,-,body3,body3.어깨_Yaw_체결부_260415_URDF@RightArm@HumanoidUpperBody,HumanoidUpperBody,base,base.C2_Body_Part19_260515@HumanoidUpperBody,-50.0
RA,2,-,body3,body3.________2@RightArm@HumanoidUpperBody,RA,body1,body1.어깨_Pitch_고정연결부_260423_Right_어깨양단지지_B_URDF@RightArm@HumanoidUpperBody,-51.0
RA,2,-,body3,body3.________2@RightArm@HumanoidUpperBody,RA,body1,body1.어깨_Pitch_고정연결부_260423_A_URDF@RightArm@HumanoidUpperBody,-51.0
RA,2,-,body3,body3.________2@RightArm@HumanoidUpperBody,RA,body0,body0.____2@RightArm@HumanoidUpperBody,-51.0
RA,2,-,body3,body3.____3@RightArm@HumanoidUpperBody,RA,body0,body0.____2@RightArm@HumanoidUpperBody,-51.0
RA,2,-,body2,body2.어깨_Roll_Yaw_연결부_260422_URDF@RightArm@HumanoidUpperBody,RA,body0,body0.____3@RightArm@HumanoidUpperBody,-51.0
RA,2,-,body4,body4.팔꿈치_Pitchl베어링_고정파트_URDF기본@RightArm@HumanoidUpperBody,HumanoidUpperBody,base,base.C1_WS_TALL_MID_FRAME_NEW_1@HumanoidUpperBody,-51.0
RA,2,-,body4,body4.팔꿈치_Pitchl베어링_고정파트_URDF기본1@RightArm@HumanoidUpperBody,HumanoidUpperBody,base,base.C1_WS_TALL_MID_FRAME_NEW_1@HumanoidUpperBody,-51.0
RA,2,-,body4,body4.팔꿈치_Pitchl베어링_고정파트_URDF기본@RightArm@HumanoidUpperBody,HumanoidUpperBody,base,base.C1_WS_TALL_TOP_SHIELD_NEW_2022___1@HumanoidUpperBody,-51.0
RA,2,-,body4,body4.팔꿈치_Pitchl베어링_고정파트_URDF기본1@RightArm@HumanoidUpperBody,HumanoidUpperBody,base,base.C1_WS_TALL_TOP_SHIELD_NEW_2022___1@HumanoidUpperBody,-51.0
RA,2,-,body4,body4.팔꿈치_Pitchl베어링_고정파트_URDF기본1@RightArm@HumanoidUpperBody,HumanoidUpperBody,base,base.C1_WS_M2_BKT_A_1@HumanoidUpperBody,-51.0
RA,2,-,body4,body4.팔꿈치_Pitch_회전부3_260422_URDF@RightArm@HumanoidUpperBody,HumanoidUpperBody,base,base.C1_WS_TALL_MID_FRAME_NEW_1@HumanoidUpperBody,-51.0
RA,2,-,body4,body4.팔꿈치_Pitchl베어링_고정파트_URDF기본@RightArm@HumanoidUpperBody,HumanoidUpperBody,base,base.C1_WS_DIMM_BRKT_V1_1_1@HumanoidUpperBody,-51.0
RA,2,-,body4,body4.팔꿈치_Pitch_회전부2_260427_URDF@RightArm@HumanoidUpperBody,HumanoidUpperBody,base,base.C1_WS_TALL_TOP_SHIELD_NEW_2022___1@HumanoidUpperBody,-51.0
RA,2,-,body4,body4.팔꿈치_Pitchl베어링_고정파트_URDF기본1@RightArm@HumanoidUpperBody,HumanoidUpperBody,base,base.C1_WS_ST_BTM_BKT_MYLAR_1@HumanoidUpperBody,-51.0
RA,2,-,body4,body4.팔꿈치_Pitch_회전부2_260427_URDF@RightArm@HumanoidUpperBody,HumanoidUpperBody,base,base.C1_WS_M2_BKT_A_1@HumanoidUpperBody,-51.0
RA,2,-,body4,body4.팔꿈치_Pitch_회전부2_260427_URDF@RightArm@HumanoidUpperBody,HumanoidUpperBody,base,base.C1_WS_DIMM_BRKT_V1_1_1@HumanoidUpperBody,-51.0
RA,2,-,body3,body3.어깨_Yaw_팔꿈치_연결부_B_260423_URDF@RightArm@HumanoidUpperBody,HumanoidUpperBody,base,base.C1_PC_Braket_02@HumanoidUpperBody,-51.0
RA,2,-,body4,body4.팔꿈치_Pitch_회전부3_260422_URDF@RightArm@HumanoidUpperBody,HumanoidUpperBody,base,base.C1_TN_BLANK_PLATE_1@HumanoidUpperBody,-51.0
RA,2,-,body4,body4.팔꿈치_Pitch_회전부3_260422_URDF@RightArm@HumanoidUpperBody,HumanoidUpperBody,base,base.C1_TN_SCREW_M3L5_F_1@HumanoidUpperBody,-51.0
RA,2,-,body4,body4.팔꿈치_Pitch_회전부3_260422_URDF@RightArm@HumanoidUpperBody,HumanoidUpperBody,base,base.C2_TN_SCREW_M3L5_F_1@HumanoidUpperBody,-51.0
RA,2,-,body7,body7.C1_손목_Pitch_회전부2_260415_URDF@RightArm@HumanoidUpperBody,LA,body4,body4.________11@LeftArm@HumanoidUpperBody,-51.0
RA,2,-,body4,body4.팔꿈치_Pitch_회전부_260427_URDF@RightArm@HumanoidUpperBody,HumanoidUpperBody,base,base.C3_PC_Braket_02@HumanoidUpperBody,-51.0
RA,2,-,body4,body4.팔꿈치_Pitch_회전부2_260427_URDF@RightArm@HumanoidUpperBody,HumanoidUpperBody,base,base.C1_TN_DAUGHTER_BKT_C_1@HumanoidUpperBody,-51.0
RA,2,-,body4,body4.팔꿈치_Pitch_회전부2_260427_URDF@RightArm@HumanoidUpperBody,HumanoidUpperBody,base,base.C2_TN_VESA_BKT_STANDOFF_1@HumanoidUpperBody,-51.0
RA,2,-,body4,body4.팔꿈치_Pitch_회전부2_260427_URDF@RightArm@HumanoidUpperBody,HumanoidUpperBody,base,base.C1_TN_DAUGHTER_BKT_GASKET_1@HumanoidUpperBody,-51.0
RA,2,-,body4,body4.팔꿈치_Pitch_회전부2_260427_URDF@RightArm@HumanoidUpperBody,HumanoidUpperBody,base,base.C1_WS_DAUGHTER_BKT_GASKET_1@HumanoidUpperBody,-51.0
RA,2,-,body4,body4.팔꿈치_Pitch_회전부2_260427_URDF@RightArm@HumanoidUpperBody,HumanoidUpperBody,base,base.C2_WS_DAUGHTER_BKT_GASKET_1@HumanoidUpperBody,-51.0
RA,2,-,body3,body3._________46@RightArm@HumanoidUpperBody,RA,body0,body0.____2@RightArm@HumanoidUpperBody,-52.0
RA,2,-,body3,body3.____2@RightArm@HumanoidUpperBody,RA,body0,body0.____2@RightArm@HumanoidUpperBody,-52.0
RA,2,-,body3,body3._________4@RightArm@HumanoidUpperBody,RA,body0,body0.____2@RightArm@HumanoidUpperBody,-52.0
RA,2,-,body3,body3.어깨_Yaw_체결부_260415_URDF@RightArm@HumanoidUpperBody,RA,body0,body0.어깨_Pitch_고정부_B_260529_URDF@RightArm@HumanoidUpperBody,-52.0
RA,2,-,body4,body4.팔꿈치_Pitch_회전부3_260422_URDF@RightArm@HumanoidUpperBody,HumanoidUpperBody,base,base.C1_WS_TALL_TOP_SHIELD_NEW_2022___1@HumanoidUpperBody,-52.0
RA,2,-,body3,body3.어깨_Yaw_팔꿈치_연결부_260423_URDF@RightArm@HumanoidUpperBody,HumanoidUpperBody,base,base.C2_PC_Braket_02@HumanoidUpperBody,-52.0
RA,2,-,body4,body4.팔꿈치_Pitchl베어링_고정파트_URDF기본1@RightArm@HumanoidUpperBody,HumanoidUpperBody,base,base.C4_TN_SCREW_M2_5L4_1@HumanoidUpperBody,-52.0
RA,2,-,body4,body4.팔꿈치_Pitchl베어링_고정파트_URDF기본1@RightArm@HumanoidUpperBody,HumanoidUpperBody,base,base.C3_TN_M2_BKT_STANDOFF_1@HumanoidUpperBody,-52.0
RA,2,-,body4,body4.팔꿈치_Pitch_회전부3_260422_URDF@RightArm@HumanoidUpperBody,HumanoidUpperBody,base,base.C2_WS_BTM_COVER_T_SCREW_1_1@HumanoidUpperBody,-52.0
RA,2,-,body4,body4.팔꿈치_Pitchl베어링_고정파트_URDF기본@RightArm@HumanoidUpperBody,HumanoidUpperBody,base,base.C1_TN_DAUGHTER_BKT_C_1@HumanoidUpperBody,-52.0
RA,2,-,body4,body4.팔꿈치_Pitchl베어링_고정파트_URDF기본1@RightArm@HumanoidUpperBody,HumanoidUpperBody,base,base.C1_TN_DAUGHTER_BKT_C_1@HumanoidUpperBody,-52.0
RA,2,-,body4,body4.팔꿈치_Pitch_회전부3_260422_URDF@RightArm@HumanoidUpperBody,HumanoidUpperBody,base,base.C1_TN_DAUGHTER_BKT_USB_GASKET_1@HumanoidUpperBody,-52.0
RA,2,-,body4,body4.팔꿈치_Pitch_회전부3_260422_URDF@RightArm@HumanoidUpperBody,HumanoidUpperBody,base,base.C1_TN_DAUGHTER_BKT_USB_GASKET_11@HumanoidUpperBody,-52.0
RA,2,-,body4,body4.팔꿈치_Pitch_회전부3_260422_URDF@RightArm@HumanoidUpperBody,HumanoidUpperBody,base,base.C1_TN_DAUGHTER_BKT_LAN_GASKET_1@HumanoidUpperBody,-52.0
RA,2,-,body4,body4.팔꿈치_Pitch_회전부3_260422_URDF@RightArm@HumanoidUpperBody,HumanoidUpperBody,base,base.C1_TN_DAUGHTER_BKT_C_1@HumanoidUpperBody,-52.0
RA,2,-,body4,body4.팔꿈치_Pitch_회전부3_260422_URDF@RightArm@HumanoidUpperBody,HumanoidUpperBody,base,base.C2_TN_BTM_BKT_T_MB_STANDOFF_1@HumanoidUpperBody,-52.0
RA,2,-,body4,body4.팔꿈치_Pitch_회전부3_260422_URDF@RightArm@HumanoidUpperBody,HumanoidUpperBody,base,base.C1_WS_TALL_BTM_BKT_NEW_1_1@HumanoidUpperBody,-52.0
RA,2,-,body4,body4.팔꿈치_Pitch_회전부3_260422_URDF@RightArm@HumanoidUpperBody,HumanoidUpperBody,base,base.C1_TN_DAUGHTER_BKT_SPONGE_1@HumanoidUpperBody,-52.0
RA,2,-,body6,body6.C1_손목_Pitch_고정부_260415@RightArm@HumanoidUpperBody,LA,body4,body4.팔꿈치_Pitch_회전부2_260427_URDF@LeftArm@HumanoidUpperBody,-52.0
RA,2,-,body4,body4.팔꿈치_손목_연결부_샤프트_260413_URDF1@RightArm@HumanoidUpperBody,HumanoidUpperBody,base,base.C1_WS_TALL_MID_FRAME_NEW_1@HumanoidUpperBody,-52.0
RA,2,-,body4,body4.팔꿈치_손목_연결부_샤프트_260413_URDF3@RightArm@HumanoidUpperBody,HumanoidUpperBody,base,base.C1_WS_TALL_MID_FRAME_NEW_1@HumanoidUpperBody,-52.0
RA,2,-,body4,body4.팔꿈치_Pitch_회전부2_260427_URDF@RightArm@HumanoidUpperBody,HumanoidUpperBody,base,base.C1_TN_DAUGHTER_BKT_USB_GASKET_1@HumanoidUpperBody,-52.0
RA,2,-,body4,body4.팔꿈치_Pitch_회전부2_260427_URDF@RightArm@HumanoidUpperBody,HumanoidUpperBody,base,base.C1_TN_DAUGHTER_BKT_USB_GASKET_11@HumanoidUpperBody,-52.0
RA,2,-,body4,body4.팔꿈치_Pitch_회전부2_260427_URDF@RightArm@HumanoidUpperBody,HumanoidUpperBody,base,base.C1_TN_DAUGHTER_BKT_LAN_GASKET_1@HumanoidUpperBody,-52.0
RA,2,-,body4,body4.팔꿈치_Pitch_회전부2_260427_URDF@RightArm@HumanoidUpperBody,HumanoidUpperBody,base,base.C1_TN_DAUGHTER_BKT_SPONGE_1@HumanoidUpperBody,-52.0
RA,2,-,body4,body4.팔꿈치_손목_연결부_샤프트_260413_URDF1@RightArm@HumanoidUpperBody,HumanoidUpperBody,base,base.C1_TN_BLANK_PLATE_1@HumanoidUpperBody,-52.0
RA,2,-,body4,body4.팔꿈치_손목_연결부_샤프트_260413_URDF3@RightArm@HumanoidUpperBody,HumanoidUpperBody,base,base.C1_TN_BLANK_PLATE_1@HumanoidUpperBody,-52.0
RA,2,-,body3,body3.________2@RightArm@HumanoidUpperBody,RA,body0,body0.어깨_Pitch_고정부_B_260529_URDF@RightArm@HumanoidUpperBody,-53.0
RA,2,-,body3,body3.____3@RightArm@HumanoidUpperBody,RA,body0,body0.어깨_Pitch_고정부_B_260529_URDF@RightArm@HumanoidUpperBody,-53.0
RA,2,-,body3,body3.NONE@RightArm@HumanoidUpperBody,HumanoidUpperBody,base,base.C1_Body_Part22_260515@HumanoidUpperBody,-53.0
RA,2,-,body4,body4.팔꿈치_Pitchl베어링_고정파트_URDF기본1@RightArm@HumanoidUpperBody,HumanoidUpperBody,base,base.C1_WS_M2_BKT_CU_FFC_A2_1@HumanoidUpperBody,-53.0
RA,2,-,body3,body3.어깨_Yaw_팔꿈치_연결부_B_260423_URDF@RightArm@HumanoidUpperBody,HumanoidUpperBody,base,base.C1_Body_Part22_260515@HumanoidUpperBody,-53.0
RA,2,-,body4,body4.NONE@RightArm@HumanoidUpperBody,HumanoidUpperBody,base,base.C2_Body_Part01_260515@HumanoidUpperBody,-53.0
RA,2,-,body3,body3.팔꿈치_끝단베어링_체결부_260417_URDF@RightArm@HumanoidUpperBody,HumanoidUpperBody,base,base.C1_Body_Part22_260515@HumanoidUpperBody,-53.0
RA,2,-,body5,body5.손목_Roll_회전부3_260409_v2_URDF@RightArm@HumanoidUpperBody,LA,body3,body3.어깨_Yaw_팔꿈치_연결부_B_260423_URDF@LeftArm@HumanoidUpperBody,-53.0
RA,2,-,body5,body5.손목_Roll_회전부2_260409_v2_URDF@RightArm@HumanoidUpperBody,LA,body3,body3.어깨_Yaw_팔꿈치_연결부_B_260423_URDF@LeftArm@HumanoidUpperBody,-53.0
RA,2,-,body4,body4.NONE@RightArm@HumanoidUpperBody,HumanoidUpperBody,base,base.C1_WS_TALL_MID_FRAME_NEW_1@HumanoidUpperBody,-53.0
RA,2,-,body4,body4.팔꿈치_손목_연결부_샤프트_260413_URDF1@RightArm@HumanoidUpperBody,HumanoidUpperBody,base,base.C2_Body_Part01_260515@HumanoidUpperBody,-53.0
RA,2,-,body4,body4.팔꿈치_손목_연결부_샤프트_260413_URDF3@RightArm@HumanoidUpperBody,HumanoidUpperBody,base,base.C2_Body_Part01_260515@HumanoidUpperBody,-53.0
RA,2,-,body4,body4.팔꿈치_Pitchl베어링_고정파트_URDF기본1@RightArm@HumanoidUpperBody,HumanoidUpperBody,base,base.C2_SCREW_M30H40_IBKNIM1_1@HumanoidUpperBody,-53.0
RA,2,-,body4,body4.팔꿈치_Pitchl베어링_고정파트_URDF기본1@RightArm@HumanoidUpperBody,HumanoidUpperBody,base,base.C3_WS_HDD_RUBBER_PLUG_1@HumanoidUpperBody,-53.0
RA,2,-,body5,body5.손목_Roll_회전부3_260409_v2_URDF@RightArm@HumanoidUpperBody,LA,body3,body3.팔꿈치_끝단베어링_체결부_260417_URDF@LeftArm@HumanoidUpperBody,-53.0
RA,2,-,body5,body5.손목_Roll_회전부2_260409_v2_URDF@RightArm@HumanoidUpperBody,LA,body3,body3.팔꿈치_끝단베어링_체결부_260417_URDF@LeftArm@HumanoidUpperBody,-53.0
RA,2,-,body4,body4.팔꿈치_Pitch_회전부3_260422_URDF@RightArm@HumanoidUpperBody,HumanoidUpperBody,base,base.C1_WS_M2_BKT_A_1@HumanoidUpperBody,-53.0
RA,2,-,body4,body4.팔꿈치_Pitch_회전부3_260422_URDF@RightArm@HumanoidUpperBody,HumanoidUpperBody,base,base.C2_TN_C_RING_1@HumanoidUpperBody,-53.0
RA,2,-,body4,body4.팔꿈치_Pitch_회전부3_260422_URDF@RightArm@HumanoidUpperBody,HumanoidUpperBody,base,base.C1_WS_DIMM_BRKT_V1_1_1@HumanoidUpperBody,-53.0
RA,2,-,body4,body4.팔꿈치_Pitch_회전부2_260427_URDF@RightArm@HumanoidUpperBody,HumanoidUpperBody,base,base.C1_WS_M2_BKT_CU_FFC_A2_1@HumanoidUpperBody,-53.0
RA,2,-,body4,body4.팔꿈치_Pitch_회전부3_260422_URDF@RightArm@HumanoidUpperBody,HumanoidUpperBody,base,base.C1_TN_DAUGHTER_BKT_STANDOFF_B_1@HumanoidUpperBody,-53.0
RA,2,-,body4,body4.팔꿈치_Pitch_회전부3_260422_URDF@RightArm@HumanoidUpperBody,HumanoidUpperBody,base,base.C1_TN_DAUGHTER_BKT_STANDOFF_B_11@HumanoidUpperBody,-53.0
RA,2,-,body6,body6.C1_손목_Pitch_고정부_260415@RightArm@HumanoidUpperBody,LA,body3,body3.팔꿈치_끝단베어링_체결부_260417_URDF@LeftArm@HumanoidUpperBody,-53.0
RA,2,-,body7,body7.C1_손목_Pitch_회전부2_260415_URDF@RightArm@HumanoidUpperBody,LA,body4,body4.팔꿈치_Pitch_회전부3_260422_URDF@LeftArm@HumanoidUpperBody,-53.0
RA,2,-,body4,body4.팔꿈치_손목_연결부_샤프트_260413_URDF@RightArm@HumanoidUpperBody,HumanoidUpperBody,base,base.C1_Body_Part07_260515@HumanoidUpperBody,-53.0
RA,2,-,body4,body4.팔꿈치_손목_연결부_샤프트_260413_URDF1@RightArm@HumanoidUpperBody,HumanoidUpperBody,base,base.C1_WS_TALL_TOP_SHIELD_NEW_2022___1@HumanoidUpperBody,-53.0
RA,2,-,body4,body4.팔꿈치_손목_연결부_샤프트_260413_URDF2@RightArm@HumanoidUpperBody,HumanoidUpperBody,base,base.C1_Body_Part07_260515@HumanoidUpperBody,-53.0
RA,2,-,body4,body4.팔꿈치_손목_연결부_샤프트_260413_URDF3@RightArm@HumanoidUpperBody,HumanoidUpperBody,base,base.C1_WS_TALL_TOP_SHIELD_NEW_2022___1@HumanoidUpperBody,-53.0
RA,2,-,body7,body7.C1_손목_Pitch_회전부2_260415_URDF@RightArm@HumanoidUpperBody,LA,body4,body4.팔꿈치_Pitch_회전부2_260427_URDF@LeftArm@HumanoidUpperBody,-53.0
RA,2,-,body4,body4.팔꿈치_Pitch_회전부2_260427_URDF@RightArm@HumanoidUpperBody,HumanoidUpperBody,base,base.C1_PC_Braket_02@HumanoidUpperBody,-53.0
RA,2,-,body7,body7.C1_손목_Pitch_회전부_260415_URDF@RightArm@HumanoidUpperBody,LA,body4,body4.팔꿈치_Pitch_회전부2_260427_URDF@LeftArm@HumanoidUpperBody,-53.0
RA,2,-,body5,body5.손목_Roll_회전부_260409_v2_URDF@RightArm@HumanoidUpperBody,HumanoidUpperBody,base,base.어댑터_260518@HumanoidUpperBody,-53.0
RA,2,-,body4,body4.팔꿈치_손목_연결부_샤프트_260413_URDF1@RightArm@HumanoidUpperBody,HumanoidUpperBody,base,base.C1_TN_DAUGHTER_BKT_USB_GASKET_11@HumanoidUpperBody,-53.0
RA,2,-,body4,body4.팔꿈치_손목_연결부_샤프트_260413_URDF3@RightArm@HumanoidUpperBody,HumanoidUpperBody,base,base.C1_TN_DAUGHTER_BKT_USB_GASKET_1@HumanoidUpperBody,-53.0
RA,2,-,body7,body7.C1_손목_Pitch_회전부_260415_URDF@RightArm@HumanoidUpperBody,LA,body4,body4.팔꿈치_Pitch_회전부3_260422_URDF@LeftArm@HumanoidUpperBody,-53.0
RA,2,-,body4,body4.팔꿈치_손목_연결부_샤프트_260413_URDF1@RightArm@HumanoidUpperBody,HumanoidUpperBody,base,base.C1_TN_DAUGHTER_BKT_C_1@HumanoidUpperBody,-53.0
RA,2,-,body4,body4.팔꿈치_손목_연결부_샤프트_260413_URDF1@RightArm@HumanoidUpperBody,HumanoidUpperBody,base,base.C1_WS_TALL_BTM_BKT_NEW_1_1@HumanoidUpperBody,-53.0
RA,2,-,body4,body4.팔꿈치_손목_연결부_샤프트_260413_URDF3@RightArm@HumanoidUpperBody,HumanoidUpperBody,base,base.C1_TN_DAUGHTER_BKT_C_1@HumanoidUpperBody,-53.0
RA,2,-,body4,body4.팔꿈치_손목_연결부_샤프트_260413_URDF3@RightArm@HumanoidUpperBody,HumanoidUpperBody,base,base.C1_WS_TALL_BTM_BKT_NEW_1_1@HumanoidUpperBody,-53.0
RA,2,-,body3,body3._________46@RightArm@HumanoidUpperBody,RA,body0,body0.어깨_Pitch_고정부_B_260529_URDF@RightArm@HumanoidUpperBody,-54.0
RA,2,-,body3,body3.____2@RightArm@HumanoidUpperBody,RA,body0,body0.어깨_Pitch_고정부_B_260529_URDF@RightArm@HumanoidUpperBody,-54.0
RA,2,-,body3,body3._________4@RightArm@HumanoidUpperBody,RA,body0,body0.어깨_Pitch_고정부_B_260529_URDF@RightArm@HumanoidUpperBody,-54.0
RA,2,-,body2,body2.어깨_Roll_베어링_연결부_260423_URDF@RightArm@HumanoidUpperBody,RA,body1,body1.베어링_6809_URDF@RightArm@HumanoidUpperBody,-54.0
RA,2,-,body3,body3.NONE@RightArm@HumanoidUpperBody,HumanoidUpperBody,base,base.C1_PC_Braket_02@HumanoidUpperBody,-54.0
RA,2,-,body4,body4.________11@RightArm@HumanoidUpperBody,HumanoidUpperBody,base,base.C2_Body_Part01_260515@HumanoidUpperBody,-54.0
RA,2,-,body4,body4.NONE@RightArm@HumanoidUpperBody,HumanoidUpperBody,base,base.C1_WS_TALL_TOP_SHIELD_NEW_2022___1@HumanoidUpperBody,-54.0
RA,2,-,body3,body3.베어링_6708U_H_URDF@RightArm@HumanoidUpperBody,HumanoidUpperBody,base,base.C1_Body_Part22_260515@HumanoidUpperBody,-54.0
RA,2,-,body6,body6.C1_손목_Pitch_고정부_260415@RightArm@HumanoidUpperBody,LA,body3,body3.NONE@LeftArm@HumanoidUpperBody,-54.0
RA,2,-,body4,body4.NONE@RightArm@HumanoidUpperBody,HumanoidUpperBody,base,base.C1_WS_TALL_TOP_SHIELD_NEW_2022___3@HumanoidUpperBody,-54.0
RA,2,-,body6,body6.C1_손목_Pitch_고정부_260415@RightArm@HumanoidUpperBody,LA,body3,body3.어깨_Yaw_팔꿈치_연결부_B_260423_URDF@LeftArm@HumanoidUpperBody,-54.0
RA,2,-,body6,body6.C1_손목_Pitch_고정부_260415@RightArm@HumanoidUpperBody,LA,body3,body3.베어링_6708U_H_URDF@LeftArm@HumanoidUpperBody,-54.0
RA,2,-,body7,body7.C1_손목_Pitch_회전부_260415_URDF@RightArm@HumanoidUpperBody,LA,body4,body4.팔꿈치_Pitchl베어링_고정파트_URDF기본@LeftArm@HumanoidUpperBody,-54.0
RA,2,-,body7,body7.C1_손목_Pitch_회전부_260415_URDF@RightArm@HumanoidUpperBody,LA,body4,body4.팔꿈치_Pitchl베어링_고정파트_URDF기본1@LeftArm@HumanoidUpperBody,-54.0
RA,2,-,body4,body4.팔꿈치_손목_연결부_샤프트_260413_URDF1@RightArm@HumanoidUpperBody,HumanoidUpperBody,base,base.C1_WS_DIMM_BRKT_V1_1_1@HumanoidUpperBody,-54.0
RA,2,-,body4,body4.팔꿈치_손목_연결부_샤프트_260413_URDF3@RightArm@HumanoidUpperBody,HumanoidUpperBody,base,base.C1_WS_M2_BKT_A_1@HumanoidUpperBody,-54.0
RA,2,-,body3,body3.NONE@RightArm@HumanoidUpperBody,HumanoidUpperBody,base,base.C1_Imported1@HumanoidUpperBody,-55.0
RA,2,-,body4,body4.팔꿈치_Pitchl베어링_고정파트_URDF기본1@RightArm@HumanoidUpperBody,HumanoidUpperBody,base,base.C1_WS_M2_BKT_HDD_MYLAR_1@HumanoidUpperBody,-55.0
RA,2,-,body3,body3.팔꿈치_끝단베어링_체결부_260417_URDF@RightArm@HumanoidUpperBody,HumanoidUpperBody,base,base.C1_Imported1@HumanoidUpperBody,-55.0
RA,2,-,body3,body3.어깨_Yaw_팔꿈치_연결부_B_260423_URDF@RightArm@HumanoidUpperBody,HumanoidUpperBody,base,base.C1_Imported1@HumanoidUpperBody,-55.0
RA,2,-,body4,body4.NONE@RightArm@HumanoidUpperBody,HumanoidUpperBody,base,base.C1_AN_TOP_COVER_1@HumanoidUpperBody,-55.0
RA,2,-,body4,body4.팔꿈치_Pitch_회전부2_260427_URDF@RightArm@HumanoidUpperBody,HumanoidUpperBody,base,base.C1_WS_M2_BKT_HDD_MYLAR_1@HumanoidUpperBody,-55.0
RA,2,-,body4,body4.팔꿈치_Pitch_회전부2_260427_URDF@RightArm@HumanoidUpperBody,HumanoidUpperBody,base,base.C1_WS_SSD_THERMAL_PAD_1@HumanoidUpperBody,-55.0
RA,2,-,body6,body6.C1_NONE@RightArm@HumanoidUpperBody,LA,body4,body4.팔꿈치_Pitch_회전부2_260427_URDF@LeftArm@HumanoidUpperBody,-55.0
RA,2,-,body4,body4.팔꿈치_손목_연결부_샤프트_260413_URDF1@RightArm@HumanoidUpperBody,HumanoidUpperBody,base,base.C1_AN_TOP_COVER_1@HumanoidUpperBody,-55.0
RA,2,-,body4,body4.팔꿈치_손목_연결부_샤프트_260413_URDF3@RightArm@HumanoidUpperBody,HumanoidUpperBody,base,base.C1_AN_TOP_COVER_1@HumanoidUpperBody,-55.0
RA,2,-,body6,body6.C1_________11@RightArm@HumanoidUpperBody,LA,body4,body4.팔꿈치_Pitchl베어링_고정파트_URDF기본@LeftArm@HumanoidUpperBody,-55.0
RA,2,-,body6,body6.C1_________11@RightArm@HumanoidUpperBody,LA,body4,body4.팔꿈치_Pitchl베어링_고정파트_URDF기본1@LeftArm@HumanoidUpperBody,-55.0
RA,2,-,body5,body5.손목_Roll_회전부_260409_v2_URDF@RightArm@HumanoidUpperBody,HumanoidUpperBody,base,base.C1_Body_Part07_260515@HumanoidUpperBody,-55.0
RA,2,-,body3,body3.팔꿈치_스토퍼_260424_URDF@RightArm@HumanoidUpperBody,HumanoidUpperBody,base,base.C1_PC_Braket_02@HumanoidUpperBody,-55.0
RA,2,-,body4,body4.팔꿈치_손목_연결부_샤프트_260413_URDF@RightArm@HumanoidUpperBody,HumanoidUpperBody,base,base.C1_Body_Part22_260515@HumanoidUpperBody,-55.0
RA,2,-,body4,body4.팔꿈치_손목_연결부_샤프트_260413_URDF2@RightArm@HumanoidUpperBody,HumanoidUpperBody,base,base.C1_Body_Part22_260515@HumanoidUpperBody,-55.0
RA,2,-,body3,body3.____mm_______1@RightArm@HumanoidUpperBody,RA,body0,body0._________46@RightArm@HumanoidUpperBody,-56.0
RA,2,-,body3,body3.____mm_______1@RightArm@HumanoidUpperBody,RA,body0,body0._________12@RightArm@HumanoidUpperBody,-56.0
RA,2,-,body2,body2.어깨_Roll_Yaw_연결부_260422_URDF@RightArm@HumanoidUpperBody,RA,body0,body0.____mm_______1@RightArm@HumanoidUpperBody,-56.0
RA,2,-,body3,body3.NONE@RightArm@HumanoidUpperBody,HumanoidUpperBody,base,base.C1_WS_TALL_BTM_BKT_NEW_1_1@HumanoidUpperBody,-56.0
RA,2,-,body6,body6.C1_손목_Pitch_고정부_260415@RightArm@HumanoidUpperBody,LA,body3,body3.어깨_팔꿈치_연결부_260416_URDF@LeftArm@HumanoidUpperBody,-56.0
RA,2,-,body4,body4.팔꿈치_Pitchl베어링_고정파트_URDF기본1@RightArm@HumanoidUpperBody,HumanoidUpperBody,base,base.C1_WS_SSD_THERMAL_PAD_1@HumanoidUpperBody,-56.0
RA,2,-,body3,body3.팔꿈치_끝단베어링_체결부_260417_URDF@RightArm@HumanoidUpperBody,HumanoidUpperBody,base,base.C1_WS_TALL_BTM_BKT_NEW_1_1@HumanoidUpperBody,-56.0
RA,2,-,body7,body7.C1_손목_Pitch_회전부2_260415_URDF@RightArm@HumanoidUpperBody,LA,body3,body3.NONE@LeftArm@HumanoidUpperBody,-56.0
RA,2,-,body3,body3.베어링_6708U_H_URDF@RightArm@HumanoidUpperBody,HumanoidUpperBody,base,base.C1_Imported1@HumanoidUpperBody,-56.0
RA,2,-,body6,body6.C1_손목_Pitch_고정부_260415@RightArm@HumanoidUpperBody,LA,body3,body3.________11@LeftArm@HumanoidUpperBody,-56.0
RA,2,-,body6,body6.C1_________11@RightArm@HumanoidUpperBody,LA,body4,body4.팔꿈치_Pitch_회전부2_260427_URDF@LeftArm@HumanoidUpperBody,-56.0
RA,2,-,body6,body6.C1_NONE@RightArm@HumanoidUpperBody,LA,body3,body3.NONE@LeftArm@HumanoidUpperBody,-56.0
RA,2,-,body7,body7.C1_손목_Pitch_회전부_260415_URDF@RightArm@HumanoidUpperBody,LA,body3,body3.NONE@LeftArm@HumanoidUpperBody,-56.0
RA,2,-,body4,body4.________11@RightArm@HumanoidUpperBody,HumanoidUpperBody,base,base.C1_WS_TALL_MID_FRAME_NEW_1@HumanoidUpperBody,-56.0
RA,2,-,body4,body4.________11@RightArm@HumanoidUpperBody,HumanoidUpperBody,base,base.C1_AN_TOP_COVER_1@HumanoidUpperBody,-56.0
RA,2,-,body6,body6.C1_NONE@RightArm@HumanoidUpperBody,LA,body3,body3.베어링_6708U_H_URDF@LeftArm@HumanoidUpperBody,-56.0
RA,2,-,body6,body6.C1_NONE@RightArm@HumanoidUpperBody,LA,body3,body3.팔꿈치_끝단베어링_체결부_260417_URDF@LeftArm@HumanoidUpperBody,-56.0
RA,2,-,body3,body3.어깨_Yaw_팔꿈치_연결부_B_260423_URDF@RightArm@HumanoidUpperBody,HumanoidUpperBody,base,base.C1_TN_RUBBER_FOOT_1@HumanoidUpperBody,-56.0
RA,2,-,body3,body3.어깨_Yaw_팔꿈치_연결부_B_260423_URDF@RightArm@HumanoidUpperBody,HumanoidUpperBody,base,base.C3_TN_RUBBER_FOOT_1@HumanoidUpperBody,-56.0
RA,2,-,body4,body4.팔꿈치_Pitch_회전부_260427_URDF@RightArm@HumanoidUpperBody,HumanoidUpperBody,base,base.C1_Body_Part22_260515@HumanoidUpperBody,-57.0
RA,2,-,body3,body3.________11@RightArm@HumanoidUpperBody,HumanoidUpperBody,base,base.C1_Body_Part22_260515@HumanoidUpperBody,-57.0
RA,2,-,body3,body3.NONE@RightArm@HumanoidUpperBody,HumanoidUpperBody,base,base.C1_WS_TALL_MID_FRAME_NEW_1@HumanoidUpperBody,-57.0
RA,2,-,body3,body3.NONE@RightArm@HumanoidUpperBody,HumanoidUpperBody,base,base.C1_WS_TALL_TOP_SHIELD_NEW_2022___1@HumanoidUpperBody,-57.0
RA,2,-,body3,body3.NONE@RightArm@HumanoidUpperBody,HumanoidUpperBody,base,base.C1_WS_M2_BKT_A_1@HumanoidUpperBody,-57.0
RA,2,-,body3,body3.NONE@RightArm@HumanoidUpperBody,HumanoidUpperBody,base,base.C1_WS_DIMM_BRKT_V1_1_1@HumanoidUpperBody,-57.0
RA,2,-,body3,body3.팔꿈치_끝단베어링_체결부_260417_URDF@RightArm@HumanoidUpperBody,HumanoidUpperBody,base,base.C1_TN_RUBBER_FOOT_1@HumanoidUpperBody,-57.0
RA,2,-,body3,body3.팔꿈치_끝단베어링_체결부_260417_URDF@RightArm@HumanoidUpperBody,HumanoidUpperBody,base,base.C1_WS_TALL_MID_FRAME_NEW_1@HumanoidUpperBody,-57.0
RA,2,-,body3,body3.팔꿈치_끝단베어링_체결부_260417_URDF@RightArm@HumanoidUpperBody,HumanoidUpperBody,base,base.C1_WS_TALL_TOP_SHIELD_NEW_2022___1@HumanoidUpperBody,-57.0
RA,2,-,body6,body6.C1_________11@RightArm@HumanoidUpperBody,LA,body3,body3.NONE@LeftArm@HumanoidUpperBody,-57.0
RA,2,-,body7,body7.C1_손목_Pitch_회전부2_260415_URDF@RightArm@HumanoidUpperBody,LA,body3,body3.________11@LeftArm@HumanoidUpperBody,-57.0
RA,2,-,body6,body6.C1_________11@RightArm@HumanoidUpperBody,LA,body3,body3.어깨_Yaw_팔꿈치_연결부_B_260423_URDF@LeftArm@HumanoidUpperBody,-57.0
RA,2,-,body6,body6.C1_________11@RightArm@HumanoidUpperBody,LA,body3,body3.베어링_6708U_H_URDF@LeftArm@HumanoidUpperBody,-57.0
RA,2,-,body6,body6.C1_________11@RightArm@HumanoidUpperBody,LA,body3,body3.팔꿈치_끝단베어링_체결부_260417_URDF@LeftArm@HumanoidUpperBody,-57.0
RA,2,-,body7,body7.C1_손목_Pitch_회전부_260415_URDF@RightArm@HumanoidUpperBody,LA,body3,body3.________11@LeftArm@HumanoidUpperBody,-57.0
RA,2,-,body4,body4.________11@RightArm@HumanoidUpperBody,HumanoidUpperBody,base,base.C1_WS_TALL_TOP_SHIELD_NEW_2022___1@HumanoidUpperBody,-57.0
RA,2,-,body3,body3.팔꿈치_끝단베어링_체결부_260417_URDF@RightArm@HumanoidUpperBody,HumanoidUpperBody,base,base.C1_WS_M2_BKT_A_1@HumanoidUpperBody,-57.0
RA,2,-,body3,body3.팔꿈치_끝단베어링_체결부_260417_URDF@RightArm@HumanoidUpperBody,HumanoidUpperBody,base,base.C1_WS_DIMM_BRKT_V1_1_1@HumanoidUpperBody,-57.0
RA,2,-,body3,body3.팔꿈치_끝단베어링_체결부_260417_URDF@RightArm@HumanoidUpperBody,HumanoidUpperBody,base,base.C1_TN_VESA_BKT_STANDOFF_1@HumanoidUpperBody,-57.0
RA,2,-,body6,body6.C1_NONE@RightArm@HumanoidUpperBody,LA,body3,body3.어깨_Yaw_팔꿈치_연결부_B_260423_URDF@LeftArm@HumanoidUpperBody,-57.0
RA,2,-,body3,body3.어깨_Yaw_팔꿈치_연결부_B_260423_URDF@RightArm@HumanoidUpperBody,HumanoidUpperBody,base,base.C1_WS_TALL_BTM_BKT_NEW_1_1@HumanoidUpperBody,-57.0
RA,2,-,body5,body5.손목_Roll_회전부_260409_v2_URDF@RightArm@HumanoidUpperBody,HumanoidUpperBody,base,base.C2_Body_Part01_260515@HumanoidUpperBody,-57.0
RA,2,-,body3,body3.어깨_Yaw_팔꿈치_연결부_260423_URDF@RightArm@HumanoidUpperBody,HumanoidUpperBody,base,base.C5_PC_Braket_01_3DP@HumanoidUpperBody,-57.0
RA,2,-,body3,body3.어깨_Yaw_팔꿈치_연결부_B_260423_URDF@RightArm@HumanoidUpperBody,HumanoidUpperBody,base,base.C1_WS_BTM_COVER_T_SCREW_1_1@HumanoidUpperBody,-57.0
RA,2,-,body3,body3.어깨_Yaw_팔꿈치_연결부_B_260423_URDF@RightArm@HumanoidUpperBody,HumanoidUpperBody,base,base.C3_WS_BTM_COVER_T_SCREW_1_1@HumanoidUpperBody,-57.0
RA,2,-,body3,body3.팔꿈치_끝단베어링_체결부_260417_URDF@RightArm@HumanoidUpperBody,HumanoidUpperBody,base,base.C4_SCREW_M30H40_IBKNIM1_1@HumanoidUpperBody,-57.0
RA,2,-,body3,body3.팔꿈치_끝단베어링_체결부_260417_URDF@RightArm@HumanoidUpperBody,HumanoidUpperBody,base,base.C4_WS_HDD_RUBBER_PLUG_1@HumanoidUpperBody,-57.0
RA,2,-,body3,body3._________4@RightArm@HumanoidUpperBody,RA,body0,body0._________12@RightArm@HumanoidUpperBody,-58.0
RA,2,-,body2,body2.어깨_Roll_Yaw_연결부_260422_URDF@RightArm@HumanoidUpperBody,RA,body1,body1.____2@RightArm@HumanoidUpperBody,-58.0
RA,2,-,body2,body2.어깨_Roll_Yaw_연결부_260422_URDF@RightArm@HumanoidUpperBody,RA,body0,body0._________4@RightArm@HumanoidUpperBody,-58.0
RA,2,-,body2,body2.어깨_Roll_Yaw_연결부_260422_URDF@RightArm@HumanoidUpperBody,RA,body0,body0._________11@RightArm@HumanoidUpperBody,-58.0
RA,2,-,body3,body3.NONE@RightArm@HumanoidUpperBody,HumanoidUpperBody,base,base.C1_WS_M2_BKT_CU_FFC_A2_1@HumanoidUpperBody,-58.0
RA,2,-,body4,body4.팔꿈치_Pitch_회전부3_260422_URDF@RightArm@HumanoidUpperBody,HumanoidUpperBody,base,base.C1_AN_TOP_COVER_1@HumanoidUpperBody,-58.0
RA,2,-,body3,body3.________11@RightArm@HumanoidUpperBody,HumanoidUpperBody,base,base.C1_PC_Braket_02@HumanoidUpperBody,-58.0
RA,2,-,body6,body6.C1_NONE@RightArm@HumanoidUpperBody,LA,body3,body3.어깨_팔꿈치_연결부_260416_URDF@LeftArm@HumanoidUpperBody,-58.0
RA,2,-,body3,body3.팔꿈치_끝단베어링_체결부_260417_URDF@RightArm@HumanoidUpperBody,HumanoidUpperBody,base,base.C1_TN_BTM_BKT_T_MB_STANDOFF_1@HumanoidUpperBody,-58.0
RA,2,-,body6,body6.C1_손목_Pitch_링크고정부_260415@RightArm@HumanoidUpperBody,LA,body4,body4.팔꿈치_Pitch_회전부2_260427_URDF@LeftArm@HumanoidUpperBody,-58.0
RA,2,-,body4,body4.팔꿈치_Pitch_회전부2_260427_URDF@RightArm@HumanoidUpperBody,HumanoidUpperBody,base,base.C1_AN_TOP_COVER_1@HumanoidUpperBody,-58.0
RA,2,-,body3,body3.베어링_6708U_H_URDF@RightArm@HumanoidUpperBody,HumanoidUpperBody,base,base.C1_WS_TALL_BTM_BKT_NEW_1_1@HumanoidUpperBody,-58.0
RA,2,-,body3,body3.베어링_6708U_H_URDF@RightArm@HumanoidUpperBody,HumanoidUpperBody,base,base.C1_WS_TALL_MID_FRAME_NEW_1@HumanoidUpperBody,-58.0
RA,2,-,body4,body4.팔꿈치_Pitch_회전부_260427_URDF@RightArm@HumanoidUpperBody,HumanoidUpperBody,base,base.C2_PC_Braket_02@HumanoidUpperBody,-58.0
RA,2,-,body3,body3.팔꿈치_끝단베어링_체결부_260417_URDF@RightArm@HumanoidUpperBody,HumanoidUpperBody,base,base.C1_WS_ST_BTM_BKT_MYLAR_11@HumanoidUpperBody,-58.0
RA,2,-,body3,body3.팔꿈치_끝단베어링_체결부_260417_URDF@RightArm@HumanoidUpperBody,HumanoidUpperBody,base,base.C3_WS_ST_BTM_BKT_MYLAR_1@HumanoidUpperBody,-58.0
RA,2,-,body3,body3.팔꿈치_끝단베어링_체결부_260417_URDF@RightArm@HumanoidUpperBody,HumanoidUpperBody,base,base.C2_TN_M2_BKT_STANDOFF_1@HumanoidUpperBody,-58.0
RA,2,-,body3,body3.팔꿈치_끝단베어링_체결부_260417_URDF@RightArm@HumanoidUpperBody,HumanoidUpperBody,base,base.C4_TN_M2_BKT_STANDOFF_1@HumanoidUpperBody,-58.0
RA,2,-,body3,body3.베어링_6708U_H_URDF@RightArm@HumanoidUpperBody,HumanoidUpperBody,base,base.C1_TN_VESA_BKT_STANDOFF_1@HumanoidUpperBody,-58.0
RA,2,-,body7,body7.C1_손목_Pitch_회전부_260415_URDF@RightArm@HumanoidUpperBody,LA,body3,body3.팔꿈치_끝단베어링_체결부_260417_URDF@LeftArm@HumanoidUpperBody,-58.0
RA,2,-,body3,body3.팔꿈치_끝단베어링_체결부_260417_URDF@RightArm@HumanoidUpperBody,HumanoidUpperBody,base,base.C1_TN_SCREW_M2_5L4_1@HumanoidUpperBody,-58.0
RA,2,-,body3,body3.팔꿈치_끝단베어링_체결부_260417_URDF@RightArm@HumanoidUpperBody,HumanoidUpperBody,base,base.C3_TN_SCREW_M2_5L4_1@HumanoidUpperBody,-58.0
RA,2,-,body7,body7.C1_손목_Pitch_회전부_260415_URDF@RightArm@HumanoidUpperBody,LA,body3,body3.베어링_6708U_H_URDF@LeftArm@HumanoidUpperBody,-58.0
RA,2,-,body3,body3.어깨_Yaw_팔꿈치_연결부_B_260423_URDF@RightArm@HumanoidUpperBody,HumanoidUpperBody,base,base.C1_WS_TALL_MID_FRAME_NEW_1@HumanoidUpperBody,-58.0
RA,2,-,body3,body3.어깨_Yaw_팔꿈치_연결부_B_260423_URDF@RightArm@HumanoidUpperBody,HumanoidUpperBody,base,base.C1_WS_TALL_TOP_SHIELD_NEW_2022___1@HumanoidUpperBody,-58.0
RA,2,-,body2,body2.어깨_Roll베어링_고정파트_URDF기본@RightArm@HumanoidUpperBody,RA,body0,body0.어깨_Pitch_고정부_A_260423_URDF@RightArm@HumanoidUpperBody,-59.0
RA,2,-,body3,body3._________46@RightArm@HumanoidUpperBody,RA,body0,body0.____3@RightArm@HumanoidUpperBody,-59.0
RA,2,-,body3,body3.________11@RightArm@HumanoidUpperBody,HumanoidUpperBody,base,base.C1_Imported1@HumanoidUpperBody,-59.0
RA,2,-,body6,body6.C1_________11@RightArm@HumanoidUpperBody,LA,body3,body3.어깨_팔꿈치_연결부_260416_URDF@LeftArm@HumanoidUpperBody,-59.0
RA,2,-,body4,body4.팔꿈치_Pitchl베어링_고정파트_URDF기본1@RightArm@HumanoidUpperBody,HumanoidUpperBody,base,base.C1_WS_2242_STANDER_PAD_1@HumanoidUpperBody,-59.0
RA,2,-,body6,body6.C1_손목_Pitch_링크고정부_260415@RightArm@HumanoidUpperBody,LA,body3,body3.NONE@LeftArm@HumanoidUpperBody,-59.0
RA,2,-,body3,body3.어깨_팔꿈치_연결부_샤프트_260413_URDF2@RightArm@HumanoidUpperBody,HumanoidUpperBody,base,base.C4_LCFR6_2020_216@HumanoidUpperBody,-59.0
RA,2,-,body3,body3.어깨_팔꿈치_연결부_샤프트_260413_URDF3@RightArm@HumanoidUpperBody,HumanoidUpperBody,base,base.C1_LCFR6_2020_216@HumanoidUpperBody,-59.0
RA,2,-,body6,body6.C1_손목_Pitch_링크고정부_260415@RightArm@HumanoidUpperBody,LA,body3,body3.어깨_Yaw_팔꿈치_연결부_B_260423_URDF@LeftArm@HumanoidUpperBody,-59.0
RA,2,-,body7,body7.C1_손목_Pitch_회전부_260415_URDF@RightArm@HumanoidUpperBody,LA,body3,body3.어깨_팔꿈치_연결부_260416_URDF@LeftArm@HumanoidUpperBody,-59.0
RA,2,-,body6,body6.C1_손목_Pitch_링크고정부_260415@RightArm@HumanoidUpperBody,LA,body3,body3.팔꿈치_끝단베어링_체결부_260417_URDF@LeftArm@HumanoidUpperBody,-59.0
RA,2,-,body3,body3.베어링_6708U_H_URDF@RightArm@HumanoidUpperBody,HumanoidUpperBody,base,base.C1_WS_TALL_TOP_SHIELD_NEW_2022___1@HumanoidUpperBody,-59.0
RA,2,-,body3,body3.팔꿈치_스토퍼_260424_URDF@RightArm@HumanoidUpperBody,HumanoidUpperBody,base,base.C1_Body_Part22_260515@HumanoidUpperBody,-59.0
RA,2,-,body3,body3.어깨_팔꿈치_연결부_샤프트_260413_URDF2@RightArm@HumanoidUpperBody,HumanoidUpperBody,base,base.C1_Body_Part01_260515@HumanoidUpperBody,-59.0
RA,2,-,body3,body3.어깨_팔꿈치_연결부_샤프트_260413_URDF3@RightArm@HumanoidUpperBody,HumanoidUpperBody,base,base.C1_Body_Part01_260515@HumanoidUpperBody,-59.0
RA,2,-,body6,body6.C1_손목_Pitch_고정부_260415@RightArm@HumanoidUpperBody,LA,body3,body3.어깨_Yaw_팔꿈치_연결부_260423_URDF@LeftArm@HumanoidUpperBody,-59.0
RA,2,-,body6,body6.C1_________11@RightArm@HumanoidUpperBody,LA,body3,body3.팔꿈치_스토퍼_260424_URDF@LeftArm@HumanoidUpperBody,-59.0
RA,2,-,body6,body6.C1_NONE@RightArm@HumanoidUpperBody,LA,body3,body3.________11@LeftArm@HumanoidUpperBody,-59.0
RA,2,-,body3,body3.베어링_6708U_H_URDF@RightArm@HumanoidUpperBody,HumanoidUpperBody,base,base.C2_TN_M2_BKT_STANDOFF_1@HumanoidUpperBody,-59.0
RA,2,-,body3,body3.베어링_6708U_H_URDF@RightArm@HumanoidUpperBody,HumanoidUpperBody,base,base.C4_TN_M2_BKT_STANDOFF_1@HumanoidUpperBody,-59.0
RA,2,-,body4,body4.팔꿈치_Pitch_회전부2_260427_URDF@RightArm@HumanoidUpperBody,HumanoidUpperBody,base,base.C1_WS_2242_STANDER_PAD_1@HumanoidUpperBody,-59.0
RA,2,-,body3,body3.베어링_6708U_H_URDF@RightArm@HumanoidUpperBody,HumanoidUpperBody,base,base.C1_WS_M2_BKT_A_1@HumanoidUpperBody,-59.0
RA,2,-,body3,body3.베어링_6708U_H_URDF@RightArm@HumanoidUpperBody,HumanoidUpperBody,base,base.C1_WS_DIMM_BRKT_V1_1_1@HumanoidUpperBody,-59.0
RA,2,-,body7,body7.C1_손목_Pitch_회전부_260415_URDF@RightArm@HumanoidUpperBody,LA,body3,body3.어깨_Yaw_팔꿈치_연결부_B_260423_URDF@LeftArm@HumanoidUpperBody,-59.0
RA,2,-,body3,body3.베어링_6708U_H_URDF@RightArm@HumanoidUpperBody,HumanoidUpperBody,base,base.C1_TN_SCREW_M2_5L4_1@HumanoidUpperBody,-59.0
RA,2,-,body3,body3.베어링_6708U_H_URDF@RightArm@HumanoidUpperBody,HumanoidUpperBody,base,base.C3_TN_SCREW_M2_5L4_1@HumanoidUpperBody,-59.0
RA,2,-,body3,body3.____3@RightArm@HumanoidUpperBody,HumanoidUpperBody,base,base.C1_FWR50L_00_B_0FWR_F_B_GEH@HumanoidUpperBody,-60.0
RA,2,-,body3,body3._________12@RightArm@HumanoidUpperBody,RA,body0,body0._________4@RightArm@HumanoidUpperBody,-60.0
RA,2,-,body2,body2.어깨_Roll_Yaw_연결부_260422_URDF@RightArm@HumanoidUpperBody,RA,body1,body1._________46@RightArm@HumanoidUpperBody,-60.0
RA,2,-,body3,body3._________46@RightArm@HumanoidUpperBody,HumanoidUpperBody,base,base.C1_ImportedSolid_1437601@HumanoidUpperBody,-60.0
RA,2,-,body3,body3.____2@RightArm@HumanoidUpperBody,HumanoidUpperBody,base,base.C1_ImportedSolid_1437601@HumanoidUpperBody,-60.0
RA,2,-,body3,body3._________4@RightArm@HumanoidUpperBody,HumanoidUpperBody,base,base.C1_ImportedSolid_1437601@HumanoidUpperBody,-60.0
RA,2,-,body3,body3.________11@RightArm@HumanoidUpperBody,HumanoidUpperBody,base,base.C1_WS_TALL_BTM_BKT_NEW_1_1@HumanoidUpperBody,-60.0
RA,2,-,body7,body7.C1_손목_Pitch_회전부2_260415_URDF@RightArm@HumanoidUpperBody,LA,body4,body4.팔꿈치_Pitch_회전부_260427_URDF@LeftArm@HumanoidUpperBody,-60.0
RA,2,-,body6,body6.C1_손목_Pitch_링크고정부_260415@RightArm@HumanoidUpperBody,LA,body3,body3.베어링_6708U_H_URDF@LeftArm@HumanoidUpperBody,-60.0
RA,2,-,body6,body6.C1_________11@RightArm@HumanoidUpperBody,LA,body3,body3.________11@LeftArm@HumanoidUpperBody,-60.0
RA,2,-,body7,body7.C1_손목_Pitch_회전부2_260415_URDF@RightArm@HumanoidUpperBody,LA,body3,body3.팔꿈치_끝단베어링_체결부_260417_URDF@LeftArm@HumanoidUpperBody,-60.0
RA,2,-,body3,body3.어깨_팔꿈치_연결부_샤프트_260413_URDF@RightArm@HumanoidUpperBody,HumanoidUpperBody,base,base.C2_Body_Part19_260515@HumanoidUpperBody,-60.0
RA,2,-,body3,body3.어깨_팔꿈치_연결부_샤프트_260413_URDF1@RightArm@HumanoidUpperBody,HumanoidUpperBody,base,base.C2_Body_Part19_260515@HumanoidUpperBody,-60.0
RA,2,-,body6,body6.C1_손목_Pitch_베어링체결부_260409@RightArm@HumanoidUpperBody,LA,body4,body4.팔꿈치_Pitch_회전부2_260427_URDF@LeftArm@HumanoidUpperBody,-60.0
RA,2,-,body6,body6.C1_손목_Pitch_베어링체결부_260407@RightArm@HumanoidUpperBody,LA,body4,body4.팔꿈치_Pitch_회전부2_260427_URDF@LeftArm@HumanoidUpperBody,-60.0
RA,2,-,body6,body6.FL6700ZZ_Right_어깨양단지지_URDF@RightArm@HumanoidUpperBody,LA,body3,body3.팔꿈치_끝단베어링_체결부_260417_URDF@LeftArm@HumanoidUpperBody,-60.0
RA,2,-,body6,body6.FL6700ZZ_Right_어깨양단지지_URDF1@RightArm@HumanoidUpperBody,LA,body3,body3.팔꿈치_끝단베어링_체결부_260417_URDF@LeftArm@HumanoidUpperBody,-60.0
RA,2,-,body6,body6.C1_손목_Pitch_베어링체결부_260409@RightArm@HumanoidUpperBody,LA,body3,body3.베어링_6708U_H_URDF@LeftArm@HumanoidUpperBody,-60.0
RA,2,-,body6,body6.C1_손목_Pitch_베어링체결부_260409@RightArm@HumanoidUpperBody,LA,body3,body3.팔꿈치_끝단베어링_체결부_260417_URDF@LeftArm@HumanoidUpperBody,-60.0
RA,2,-,body6,body6.C1_손목_Pitch_베어링체결부_260407@RightArm@HumanoidUpperBody,LA,body3,body3.베어링_6708U_H_URDF@LeftArm@HumanoidUpperBody,-60.0
RA,2,-,body6,body6.C1_손목_Pitch_베어링체결부_260407@RightArm@HumanoidUpperBody,LA,body3,body3.팔꿈치_끝단베어링_체결부_260417_URDF@LeftArm@HumanoidUpperBody,-60.0
RA,2,-,body2,body2.어깨_Roll베어링_고정파트_URDF기본@RightArm@HumanoidUpperBody,RA,body1,body1.어깨_Pitch_회전부_260423_Right_어깨양단지지_URDF@RightArm@HumanoidUpperBody,-61.0
RA,2,-,body3,body3._________46@RightArm@HumanoidUpperBody,HumanoidUpperBody,base,base.C1_FWR50L_00_B_0FWR_F_B_GEH@HumanoidUpperBody,-61.0
RA,2,-,body3,body3.____2@RightArm@HumanoidUpperBody,HumanoidUpperBody,base,base.C1_FWR50L_00_B_0FWR_F_B_GEH@HumanoidUpperBody,-61.0
RA,2,-,body3,body3._________4@RightArm@HumanoidUpperBody,HumanoidUpperBody,base,base.C1_FWR50L_00_B_0FWR_F_B_GEH@HumanoidUpperBody,-61.0
RA,2,-,body3,body3.____mm_______1@RightArm@HumanoidUpperBody,RA,body0,body0.____2@RightArm@HumanoidUpperBody,-61.0
RA,2,-,body3,body3.어깨_팔꿈치_연결부_260416_URDF@RightArm@HumanoidUpperBody,HumanoidUpperBody,base,base.C1_Body_Part22_260515@HumanoidUpperBody,-61.0
RA,2,-,body4,body4.팔꿈치_Pitch_회전부_260427_URDF@RightArm@HumanoidUpperBody,HumanoidUpperBody,base,base.C1_Imported1@HumanoidUpperBody,-61.0
RA,2,-,body3,body3.________11@RightArm@HumanoidUpperBody,HumanoidUpperBody,base,base.C1_WS_TALL_MID_FRAME_NEW_1@HumanoidUpperBody,-61.0
RA,2,-,body3,body3.________11@RightArm@HumanoidUpperBody,HumanoidUpperBody,base,base.C1_WS_TALL_TOP_SHIELD_NEW_2022___1@HumanoidUpperBody,-61.0
RA,2,-,body3,body3.________11@RightArm@HumanoidUpperBody,HumanoidUpperBody,base,base.C1_WS_M2_BKT_A_1@HumanoidUpperBody,-61.0
RA,2,-,body3,body3.________11@RightArm@HumanoidUpperBody,HumanoidUpperBody,base,base.C1_WS_DIMM_BRKT_V1_1_1@HumanoidUpperBody,-61.0
RA,2,-,body4,body4.팔꿈치_손목_연결부_샤프트_260413_URDF@RightArm@HumanoidUpperBody,HumanoidUpperBody,base,base.C2_Body_Part01_260515@HumanoidUpperBody,-61.0
RA,2,-,body4,body4.팔꿈치_손목_연결부_샤프트_260413_URDF2@RightArm@HumanoidUpperBody,HumanoidUpperBody,base,base.C2_Body_Part01_260515@HumanoidUpperBody,-61.0
RA,2,-,body7,body7.C1_손목_Pitch_회전부2_260415_URDF@RightArm@HumanoidUpperBody,LA,body3,body3.어깨_팔꿈치_연결부_260416_URDF@LeftArm@HumanoidUpperBody,-61.0
RA,2,-,body7,body7.C1_손목_Pitch_회전부2_260415_URDF@RightArm@HumanoidUpperBody,LA,body3,body3.어깨_Yaw_팔꿈치_연결부_260423_URDF@LeftArm@HumanoidUpperBody,-61.0
RA,2,-,body6,body6.FL6700ZZ_Right_어깨양단지지_URDF@RightArm@HumanoidUpperBody,LA,body3,body3.NONE@LeftArm@HumanoidUpperBody,-61.0
RA,2,-,body6,body6.FL6700ZZ_Right_어깨양단지지_URDF1@RightArm@HumanoidUpperBody,LA,body3,body3.NONE@LeftArm@HumanoidUpperBody,-61.0
RA,2,-,body6,body6.C1_손목_Pitch_베어링체결부_260409@RightArm@HumanoidUpperBody,LA,body3,body3.NONE@LeftArm@HumanoidUpperBody,-61.0
RA,2,-,body6,body6.C1_손목_Pitch_베어링체결부_260407@RightArm@HumanoidUpperBody,LA,body3,body3.NONE@LeftArm@HumanoidUpperBody,-61.0
RA,2,-,body3,body3.팔꿈치_스토퍼_260424_URDF@RightArm@HumanoidUpperBody,HumanoidUpperBody,base,base.C1_Imported1@HumanoidUpperBody,-61.0
RA,2,-,body6,body6.FL6700ZZ_Right_어깨양단지지_URDF@RightArm@HumanoidUpperBody,LA,body3,body3.어깨_Yaw_팔꿈치_연결부_B_260423_URDF@LeftArm@HumanoidUpperBody,-61.0
RA,2,-,body6,body6.FL6700ZZ_Right_어깨양단지지_URDF1@RightArm@HumanoidUpperBody,LA,body3,body3.어깨_Yaw_팔꿈치_연결부_B_260423_URDF@LeftArm@HumanoidUpperBody,-61.0
RA,2,-,body6,body6.C1_손목_Pitch_베어링체결부_260409@RightArm@HumanoidUpperBody,LA,body3,body3.어깨_Yaw_팔꿈치_연결부_B_260423_URDF@LeftArm@HumanoidUpperBody,-61.0
RA,2,-,body6,body6.C1_손목_Pitch_베어링체결부_260407@RightArm@HumanoidUpperBody,LA,body3,body3.어깨_Yaw_팔꿈치_연결부_B_260423_URDF@LeftArm@HumanoidUpperBody,-61.0
RA,2,-,body4,body4.팔꿈치_Pitch_회전부2_260427_URDF@RightArm@HumanoidUpperBody,HumanoidUpperBody,base,base.C1_TN_VESA_BKT_STANDOFF_1@HumanoidUpperBody,-61.0
RA,2,-,body6,body6.FL6700ZZ_Right_어깨양단지지_URDF1@RightArm@HumanoidUpperBody,LA,body3,body3.팔꿈치_스토퍼_260424_URDF@LeftArm@HumanoidUpperBody,-61.0
RA,2,-,body6,body6.C1_손목_Pitch_베어링체결부_260409@RightArm@HumanoidUpperBody,LA,body3,body3.팔꿈치_스토퍼_260424_URDF@LeftArm@HumanoidUpperBody,-61.0
RA,2,-,body7,body7.C1_손목_Pitch_회전부_260415_URDF@RightArm@HumanoidUpperBody,LA,body3,body3.어깨_Yaw_팔꿈치_연결부_260423_URDF@LeftArm@HumanoidUpperBody,-61.0
RA,2,-,body2,body2.어깨_Roll베어링_고정파트_URDF기본@RightArm@HumanoidUpperBody,RA,body0,body0.________2@RightArm@HumanoidUpperBody,-62.0
RA,2,-,body3,body3._________46@RightArm@HumanoidUpperBody,RA,body0,body0._________12@RightArm@HumanoidUpperBody,-62.0
RA,2,-,body2,body2.어깨_Roll_Yaw_연결부_260422_URDF@RightArm@HumanoidUpperBody,RA,body1,body1.어깨_Pitch_고정연결부_260423_Right_어깨양단지지_B_URDF@RightArm@HumanoidUpperBody,-62.0
RA,2,-,body2,body2.어깨_Roll_Yaw_연결부_260422_URDF@RightArm@HumanoidUpperBody,RA,body1,body1.어깨_Pitch_고정연결부_260423_A_URDF@RightArm@HumanoidUpperBody,-62.0
RA,2,-,body3,body3.____3@RightArm@HumanoidUpperBody,HumanoidUpperBody,base,base.C1_ImportedSolid_121888B@HumanoidUpperBody,-62.0
RA,2,-,body3,body3._________11@RightArm@HumanoidUpperBody,RA,body0,body0._________4@RightArm@HumanoidUpperBody,-62.0
RA,2,-,body4,body4.팔꿈치_Pitch_회전부_260427_URDF@RightArm@HumanoidUpperBody,HumanoidUpperBody,base,base.C1_WS_TALL_MID_FRAME_NEW_1@HumanoidUpperBody,-62.0
RA,2,-,body4,body4.팔꿈치_Pitch_회전부_260427_URDF@RightArm@HumanoidUpperBody,HumanoidUpperBody,base,base.C1_WS_TALL_BTM_BKT_NEW_1_1@HumanoidUpperBody,-62.0
RA,2,-,body6,body6.C1_손목_Pitch_링크고정부_260415@RightArm@HumanoidUpperBody,LA,body3,body3.어깨_팔꿈치_연결부_260416_URDF@LeftArm@HumanoidUpperBody,-62.0
RA,2,-,body3,body3.NONE@RightArm@HumanoidUpperBody,HumanoidUpperBody,base,base.C1_WS_SSD_THERMAL_PAD_1@HumanoidUpperBody,-62.0
RA,2,-,body3,body3.NONE@RightArm@HumanoidUpperBody,HumanoidUpperBody,base,base.C1_WS_2242_STANDER_PAD_1@HumanoidUpperBody,-62.0
RA,2,-,body3,body3.NONE@RightArm@HumanoidUpperBody,HumanoidUpperBody,base,base.C1_WS_M2_BKT_HDD_MYLAR_1@HumanoidUpperBody,-62.0
RA,2,-,body3,body3.NONE@RightArm@HumanoidUpperBody,HumanoidUpperBody,base,base.C4_WS_HDD_RUBBER_PLUG_1@HumanoidUpperBody,-62.0
RA,2,-,body3,body3.NONE@RightArm@HumanoidUpperBody,HumanoidUpperBody,base,base.C4_SCREW_M30H40_IBKNIM1_1@HumanoidUpperBody,-62.0
RA,2,-,body6,body6.C1_손목_Pitch_링크고정부_260415@RightArm@HumanoidUpperBody,LA,body3,body3.________11@LeftArm@HumanoidUpperBody,-62.0
RA,2,-,body6,body6.C1_손목_Pitch_베어링체결부_260409@RightArm@HumanoidUpperBody,LA,body3,body3.어깨_팔꿈치_연결부_260416_URDF@LeftArm@HumanoidUpperBody,-62.0
RA,2,-,body6,body6.C1_손목_Pitch_베어링체결부_260407@RightArm@HumanoidUpperBody,LA,body3,body3.어깨_팔꿈치_연결부_260416_URDF@LeftArm@HumanoidUpperBody,-62.0
RA,2,-,body4,body4.팔꿈치_손목_연결부_샤프트_260413_URDF@RightArm@HumanoidUpperBody,HumanoidUpperBody,base,base.C1_WS_TALL_MID_FRAME_NEW_1@HumanoidUpperBody,-62.0
RA,2,-,body4,body4.팔꿈치_손목_연결부_샤프트_260413_URDF@RightArm@HumanoidUpperBody,HumanoidUpperBody,base,base.C1_WS_TALL_TOP_SHIELD_NEW_2022___1@HumanoidUpperBody,-62.0
RA,2,-,body4,body4.팔꿈치_손목_연결부_샤프트_260413_URDF2@RightArm@HumanoidUpperBody,HumanoidUpperBody,base,base.C1_WS_TALL_MID_FRAME_NEW_1@HumanoidUpperBody,-62.0
RA,2,-,body4,body4.팔꿈치_손목_연결부_샤프트_260413_URDF2@RightArm@HumanoidUpperBody,HumanoidUpperBody,base,base.C1_WS_TALL_TOP_SHIELD_NEW_2022___1@HumanoidUpperBody,-62.0
RA,2,-,body6,body6.C1_손목_Pitch_링크고정부2_260408@RightArm@HumanoidUpperBody,LA,body4,body4.팔꿈치_Pitch_회전부2_260427_URDF@LeftArm@HumanoidUpperBody,-62.0
RA,2,-,body6,body6.C1_________11@RightArm@HumanoidUpperBody,LA,body3,body3.어깨_Yaw_팔꿈치_연결부_260423_URDF@LeftArm@HumanoidUpperBody,-62.0
RA,2,-,body4,body4.팔꿈치_Pitch_회전부_260427_URDF@RightArm@HumanoidUpperBody,HumanoidUpperBody,base,base.C1_TN_BLANK_PLATE_1@HumanoidUpperBody,-62.0
RA,2,-,body4,body4.팔꿈치_Pitch_회전부2_260427_URDF@RightArm@HumanoidUpperBody,HumanoidUpperBody,base,base.C1_WS_T_DIMM_SPONGE_1@HumanoidUpperBody,-62.0
RA,2,-,body4,body4.팔꿈치_Pitch_회전부2_260427_URDF@RightArm@HumanoidUpperBody,HumanoidUpperBody,base,base.C1_TN_SCREW_M2_5L4_1@HumanoidUpperBody,-62.0
RA,2,-,body4,body4.팔꿈치_Pitch_회전부2_260427_URDF@RightArm@HumanoidUpperBody,HumanoidUpperBody,base,base.C2_TN_M2_BKT_STANDOFF_1@HumanoidUpperBody,-62.0
RA,2,-,body4,body4.팔꿈치_Pitch_회전부2_260427_URDF@RightArm@HumanoidUpperBody,HumanoidUpperBody,base,base.C3_TN_SCREW_M2_5L4_1@HumanoidUpperBody,-62.0
RA,2,-,body4,body4.팔꿈치_Pitch_회전부2_260427_URDF@RightArm@HumanoidUpperBody,HumanoidUpperBody,base,base.C4_TN_M2_BKT_STANDOFF_1@HumanoidUpperBody,-62.0
RA,2,-,body3,body3.팔꿈치_스토퍼_260424_URDF@RightArm@HumanoidUpperBody,HumanoidUpperBody,base,base.C1_TN_RUBBER_FOOT_1@HumanoidUpperBody,-62.0
RA,2,-,body4,body4.팔꿈치_손목_연결부_샤프트_260413_URDF@RightArm@HumanoidUpperBody,HumanoidUpperBody,base,base.C1_TN_DAUGHTER_BKT_C_1@HumanoidUpperBody,-62.0
RA,2,-,body4,body4.팔꿈치_손목_연결부_샤프트_260413_URDF@RightArm@HumanoidUpperBody,HumanoidUpperBody,base,base.C1_WS_TALL_BTM_BKT_NEW_1_1@HumanoidUpperBody,-62.0
RA,2,-,body4,body4.팔꿈치_손목_연결부_샤프트_260413_URDF@RightArm@HumanoidUpperBody,HumanoidUpperBody,base,base.C1_TN_BLANK_PLATE_1@HumanoidUpperBody,-62.0
RA,2,-,body4,body4.팔꿈치_손목_연결부_샤프트_260413_URDF2@RightArm@HumanoidUpperBody,HumanoidUpperBody,base,base.C1_TN_DAUGHTER_BKT_C_1@HumanoidUpperBody,-62.0
RA,2,-,body4,body4.팔꿈치_손목_연결부_샤프트_260413_URDF2@RightArm@HumanoidUpperBody,HumanoidUpperBody,base,base.C1_WS_TALL_BTM_BKT_NEW_1_1@HumanoidUpperBody,-62.0
RA,2,-,body4,body4.팔꿈치_손목_연결부_샤프트_260413_URDF2@RightArm@HumanoidUpperBody,HumanoidUpperBody,base,base.C1_TN_BLANK_PLATE_1@HumanoidUpperBody,-62.0
RA,2,-,body2,body2.어깨_Roll베어링_고정파트_URDF기본@RightArm@HumanoidUpperBody,RA,body0,body0.____3@RightArm@HumanoidUpperBody,-63.0
RA,2,-,body3,body3._________46@RightArm@HumanoidUpperBody,HumanoidUpperBody,base,base.C1_FWR50F_00_BFWR_F_B_GEH@HumanoidUpperBody,-63.0
RA,2,-,body3,body3.____2@RightArm@HumanoidUpperBody,HumanoidUpperBody,base,base.C1_FWR50F_00_BFWR_F_B_GEH@HumanoidUpperBody,-63.0
RA,2,-,body3,body3._________4@RightArm@HumanoidUpperBody,HumanoidUpperBody,base,base.C1_FWR50F_00_BFWR_F_B_GEH@HumanoidUpperBody,-63.0
RA,2,-,body2,body2.어깨_Roll_Yaw_연결부_260422_URDF@RightArm@HumanoidUpperBody,RA,body1,body1.어깨_Pitch_고정연결부_260423_Right_어깨양단지지_B_URDF1@RightArm@HumanoidUpperBody,-63.0
RA,2,-,body3,body3.____3@RightArm@HumanoidUpperBody,HumanoidUpperBody,base,base.C1_ImportedSolid_1437601@HumanoidUpperBody,-63.0
RA,2,-,body3,body3._________46@RightArm@HumanoidUpperBody,HumanoidUpperBody,base,base.C1_ImportedSolid_121888B@HumanoidUpperBody,-63.0
RA,2,-,body3,body3.____2@RightArm@HumanoidUpperBody,HumanoidUpperBody,base,base.C1_ImportedSolid_121888B@HumanoidUpperBody,-63.0
RA,2,-,body3,body3._________4@RightArm@HumanoidUpperBody,HumanoidUpperBody,base,base.C1_ImportedSolid_121888B@HumanoidUpperBody,-63.0
RA,2,-,body4,body4.팔꿈치_Pitchl베어링_고정파트_URDF기본@RightArm@HumanoidUpperBody,HumanoidUpperBody,base,base.C1_AN_TOP_COVER_1@HumanoidUpperBody,-63.0
RA,2,-,body4,body4.팔꿈치_Pitchl베어링_고정파트_URDF기본1@RightArm@HumanoidUpperBody,HumanoidUpperBody,base,base.C1_AN_TOP_COVER_1@HumanoidUpperBody,-63.0
RA,2,-,body4,body4.팔꿈치_Pitch_회전부_260427_URDF@RightArm@HumanoidUpperBody,HumanoidUpperBody,base,base.C1_WS_TALL_TOP_SHIELD_NEW_2022___1@HumanoidUpperBody,-63.0
RA,2,-,body4,body4.팔꿈치_Pitch_회전부3_260422_URDF@RightArm@HumanoidUpperBody,HumanoidUpperBody,base,base.C2_Body_Part01_260515@HumanoidUpperBody,-63.0
RA,2,-,body4,body4.팔꿈치_Pitch_회전부_260427_URDF@RightArm@HumanoidUpperBody,HumanoidUpperBody,base,base.C1_WS_M2_BKT_A_1@HumanoidUpperBody,-63.0
RA,2,-,body4,body4.팔꿈치_Pitch_회전부_260427_URDF@RightArm@HumanoidUpperBody,HumanoidUpperBody,base,base.C1_WS_DIMM_BRKT_V1_1_1@HumanoidUpperBody,-63.0
RA,2,-,body4,body4.팔꿈치_Pitch_회전부2_260427_URDF@RightArm@HumanoidUpperBody,HumanoidUpperBody,base,base.C2_Body_Part01_260515@HumanoidUpperBody,-63.0
RA,2,-,body3,body3.어깨_팔꿈치_연결부_260416_URDF@RightArm@HumanoidUpperBody,HumanoidUpperBody,base,base.C1_Imported1@HumanoidUpperBody,-63.0
RA,2,-,body3,body3.NONE@RightArm@HumanoidUpperBody,HumanoidUpperBody,base,base.C1_TN_VESA_BKT_STANDOFF_1@HumanoidUpperBody,-63.0
RA,2,-,body3,body3.NONE@RightArm@HumanoidUpperBody,HumanoidUpperBody,base,base.C1_TN_RUBBER_FOOT_1@HumanoidUpperBody,-63.0
RA,2,-,body3,body3.________11@RightArm@HumanoidUpperBody,HumanoidUpperBody,base,base.C1_WS_M2_BKT_CU_FFC_A2_1@HumanoidUpperBody,-63.0
RA,2,-,body3,body3.어깨_Yaw_팔꿈치_연결부_260423_URDF@RightArm@HumanoidUpperBody,HumanoidUpperBody,base,base.C1_PC_Braket_02@HumanoidUpperBody,-63.0
RA,2,-,body6,body6.C1_손목_Pitch_링크고정부2_260408@RightArm@HumanoidUpperBody,LA,body3,body3.NONE@LeftArm@HumanoidUpperBody,-63.0
RA,2,-,body6,body6.C1_손목_Pitch_링크고정부2_260408@RightArm@HumanoidUpperBody,LA,body3,body3.베어링_6708U_H_URDF@LeftArm@HumanoidUpperBody,-63.0
RA,2,-,body6,body6.C1_손목_Pitch_링크고정부2_260408@RightArm@HumanoidUpperBody,LA,body3,body3.팔꿈치_끝단베어링_체결부_260417_URDF@LeftArm@HumanoidUpperBody,-63.0
RA,2,-,body6_1,body6_1.C1_손목_Yaw_링크_260511_Left_URDF@RightArm@HumanoidUpperBody,LA,body3,body3.어깨_Yaw_팔꿈치_연결부_B_260423_URDF@LeftArm@HumanoidUpperBody,-63.0
RA,2,-,body4,body4.팔꿈치_Pitch_회전부_260427_URDF@RightArm@HumanoidUpperBody,HumanoidUpperBody,base,base.C1_TN_DAUGHTER_BKT_C_1@HumanoidUpperBody,-63.0
RA,2,-,body6_1,body6_1.C1_손목_Yaw_링크_260511_Left_URDF@RightArm@HumanoidUpperBody,LA,body3,body3.팔꿈치_끝단베어링_체결부_260417_URDF@LeftArm@HumanoidUpperBody,-63.0
RA,2,-,body7,body7.C1_손목_Pitch_회전부2_260415_URDF@RightArm@HumanoidUpperBody,LA,body3,body3.어깨_Yaw_팔꿈치_연결부_B_260423_URDF@LeftArm@HumanoidUpperBody,-63.0
RA,2,-,body4,body4.팔꿈치_Pitch_회전부_260427_URDF@RightArm@HumanoidUpperBody,HumanoidUpperBody,base,base.C2_TN_VESA_BKT_STANDOFF_1@HumanoidUpperBody,-63.0
RA,2,-,body4,body4.팔꿈치_Pitch_회전부2_260427_URDF@RightArm@HumanoidUpperBody,HumanoidUpperBody,base,base.C1_WS_FRONT_AUDIO_GASKET_1@HumanoidUpperBody,-63.0
RA,2,-,body4,body4.팔꿈치_Pitch_회전부2_260427_URDF@RightArm@HumanoidUpperBody,HumanoidUpperBody,base,base.C1_WS_T_FRONT_USB_GASKET_1@HumanoidUpperBody,-63.0
RA,2,-,body4,body4.팔꿈치_Pitch_회전부_260427_URDF@RightArm@HumanoidUpperBody,HumanoidUpperBody,base,base.C1_TN_DAUGHTER_BKT_GASKET_1@HumanoidUpperBody,-63.0
RA,2,-,body4,body4.팔꿈치_Pitch_회전부_260427_URDF@RightArm@HumanoidUpperBody,HumanoidUpperBody,base,base.C1_WS_ST_BTM_BKT_MYLAR_1@HumanoidUpperBody,-63.0
RA,2,-,body4,body4.팔꿈치_Pitch_회전부_260427_URDF@RightArm@HumanoidUpperBody,HumanoidUpperBody,base,base.C1_WS_DAUGHTER_BKT_GASKET_1@HumanoidUpperBody,-63.0
RA,2,-,body4,body4.팔꿈치_Pitch_회전부_260427_URDF@RightArm@HumanoidUpperBody,HumanoidUpperBody,base,base.C2_WS_DAUGHTER_BKT_GASKET_1@HumanoidUpperBody,-63.0
RA,2,-,body4,body4.팔꿈치_손목_연결부_샤프트_260413_URDF@RightArm@HumanoidUpperBody,HumanoidUpperBody,base,base.C1_WS_M2_BKT_A_1@HumanoidUpperBody,-63.0
RA,2,-,body3,body3.팔꿈치_스토퍼_260424_URDF@RightArm@HumanoidUpperBody,HumanoidUpperBody,base,base.C1_WS_TALL_BTM_BKT_NEW_1_1@HumanoidUpperBody,-63.0
RA,2,-,body4,body4.팔꿈치_손목_연결부_샤프트_260413_URDF@RightArm@HumanoidUpperBody,HumanoidUpperBody,base,base.C1_TN_DAUGHTER_BKT_USB_GASKET_1@HumanoidUpperBody,-63.0
RA,2,-,body4,body4.팔꿈치_손목_연결부_샤프트_260413_URDF2@RightArm@HumanoidUpperBody,HumanoidUpperBody,base,base.C1_TN_DAUGHTER_BKT_USB_GASKET_11@HumanoidUpperBody,-63.0
RA,2,-,body4,body4.팔꿈치_손목_연결부_샤프트_260413_URDF2@RightArm@HumanoidUpperBody,HumanoidUpperBody,base,base.C1_WS_DIMM_BRKT_V1_1_1@HumanoidUpperBody,-63.0
RA,2,-,body3,body3.____2@RightArm@HumanoidUpperBody,RA,body0,body0._________12@RightArm@HumanoidUpperBody,-64.0
RA,2,-,body3,body3._________12@RightArm@HumanoidUpperBody,RA,body0,body0._________46@RightArm@HumanoidUpperBody,-64.0
RA,2,-,body2,body2.어깨_Roll_Yaw_연결부_260422_URDF@RightArm@HumanoidUpperBody,RA,body0,body0._________46@RightArm@HumanoidUpperBody,-64.0
RA,2,-,body3,body3.NONE@RightArm@HumanoidUpperBody,HumanoidUpperBody,base,base.C1_WS_ST_BTM_BKT_MYLAR_11@HumanoidUpperBody,-64.0
RA,2,-,body3,body3.NONE@RightArm@HumanoidUpperBody,HumanoidUpperBody,base,base.C1_WS_T_DIMM_SPONGE_1@HumanoidUpperBody,-64.0
RA,2,-,body3,body3.NONE@RightArm@HumanoidUpperBody,HumanoidUpperBody,base,base.C3_WS_ST_BTM_BKT_MYLAR_1@HumanoidUpperBody,-64.0
RA,2,-,body3,body3.NONE@RightArm@HumanoidUpperBody,HumanoidUpperBody,base,base.C1_TN_SCREW_M2_5L4_1@HumanoidUpperBody,-64.0
RA,2,-,body3,body3.NONE@RightArm@HumanoidUpperBody,HumanoidUpperBody,base,base.C2_TN_M2_BKT_STANDOFF_1@HumanoidUpperBody,-64.0
RA,2,-,body3,body3.NONE@RightArm@HumanoidUpperBody,HumanoidUpperBody,base,base.C3_TN_SCREW_M2_5L4_1@HumanoidUpperBody,-64.0
RA,2,-,body3,body3.NONE@RightArm@HumanoidUpperBody,HumanoidUpperBody,base,base.C4_TN_M2_BKT_STANDOFF_1@HumanoidUpperBody,-64.0
RA,2,-,body4,body4.팔꿈치_손목_연결부_샤프트_260413_URDF@RightArm@HumanoidUpperBody,HumanoidUpperBody,base,base.C1_AN_TOP_COVER_1@HumanoidUpperBody,-64.0
RA,2,-,body4,body4.팔꿈치_손목_연결부_샤프트_260413_URDF2@RightArm@HumanoidUpperBody,HumanoidUpperBody,base,base.C1_AN_TOP_COVER_1@HumanoidUpperBody,-64.0
RA,2,-,body6,body6.C1_손목_Pitch_링크고정부_260415@RightArm@HumanoidUpperBody,LA,body3,body3.어깨_Yaw_팔꿈치_연결부_260423_URDF@LeftArm@HumanoidUpperBody,-64.0
RA,2,-,body6,body6.C1_손목_Pitch_링크고정부2_260408@RightArm@HumanoidUpperBody,LA,body3,body3.어깨_Yaw_팔꿈치_연결부_B_260423_URDF@LeftArm@HumanoidUpperBody,-64.0
RA,2,-,body6,body6.C1_DBSY4_7_5@RightArm@HumanoidUpperBody,LA,body3,body3.팔꿈치_끝단베어링_체결부_260417_URDF@LeftArm@HumanoidUpperBody,-64.0
RA,2,-,body4,body4.팔꿈치_Pitch_회전부_260427_URDF@RightArm@HumanoidUpperBody,HumanoidUpperBody,base,base.C3_TN_M2_BKT_STANDOFF_1@HumanoidUpperBody,-64.0
RA,2,-,body6,body6.C1_SWSPS12_6_10@RightArm@HumanoidUpperBody,LA,body3,body3.팔꿈치_끝단베어링_체결부_260417_URDF@LeftArm@HumanoidUpperBody,-64.0
RA,2,-,body6,body6.C1_SWSPS12_6_102@RightArm@HumanoidUpperBody,LA,body3,body3.팔꿈치_끝단베어링_체결부_260417_URDF@LeftArm@HumanoidUpperBody,-64.0
RA,2,-,body6,body6.C1_손목_Pitch_베어링체결부_260409@RightArm@HumanoidUpperBody,LA,body3,body3.________11@LeftArm@HumanoidUpperBody,-64.0
RA,2,-,body6,body6.C1_Body11@RightArm@HumanoidUpperBody,LA,body3,body3.팔꿈치_끝단베어링_체결부_260417_URDF@LeftArm@HumanoidUpperBody,-64.0
RA,2,-,body6,body6.C1_손목_Pitch_베어링체결부_260407@RightArm@HumanoidUpperBody,LA,body3,body3.________11@LeftArm@HumanoidUpperBody,-64.0
RA,2,-,body4,body4.팔꿈치_Pitch_회전부_260427_URDF@RightArm@HumanoidUpperBody,HumanoidUpperBody,base,base.C1_TN_DAUGHTER_BKT_USB_GASKET_1@HumanoidUpperBody,-64.0
RA,2,-,body4,body4.팔꿈치_Pitch_회전부_260427_URDF@RightArm@HumanoidUpperBody,HumanoidUpperBody,base,base.C1_TN_DAUGHTER_BKT_USB_GASKET_11@HumanoidUpperBody,-64.0
RA,2,-,body4,body4.팔꿈치_Pitch_회전부_260427_URDF@RightArm@HumanoidUpperBody,HumanoidUpperBody,base,base.C1_TN_DAUGHTER_BKT_LAN_GASKET_1@HumanoidUpperBody,-64.0
RA,2,-,body4,body4.팔꿈치_Pitch_회전부_260427_URDF@RightArm@HumanoidUpperBody,HumanoidUpperBody,base,base.C1_TN_DAUGHTER_BKT_SPONGE_1@HumanoidUpperBody,-64.0
RA,2,-,body4,body4.팔꿈치_Pitch_회전부_260427_URDF@RightArm@HumanoidUpperBody,HumanoidUpperBody,base,base.C1_TN_DAUGHTER_BKT_STANDOFF_B_11@HumanoidUpperBody,-64.0
RA,2,-,body6_1,body6_1.C1_SWSPS12_6_10@RightArm@HumanoidUpperBody,LA,body3,body3.팔꿈치_끝단베어링_체결부_260417_URDF@LeftArm@HumanoidUpperBody,-64.0
RA,2,-,body6_1,body6_1.C1_SWSPS12_6_102@RightArm@HumanoidUpperBody,LA,body3,body3.팔꿈치_끝단베어링_체결부_260417_URDF@LeftArm@HumanoidUpperBody,-64.0
RA,2,-,body6_1,body6_1.C1_Body11@RightArm@HumanoidUpperBody,LA,body3,body3.팔꿈치_끝단베어링_체결부_260417_URDF@LeftArm@HumanoidUpperBody,-64.0
RA,2,-,body4,body4.팔꿈치_Pitchl베어링_고정파트_URDF기본@RightArm@HumanoidUpperBody,HumanoidUpperBody,base,base.C1_TN_DAUGHTER_BKT_GASKET_1@HumanoidUpperBody,-64.0
RA,2,-,body4,body4.팔꿈치_Pitchl베어링_고정파트_URDF기본1@RightArm@HumanoidUpperBody,HumanoidUpperBody,base,base.C1_TN_DAUGHTER_BKT_GASKET_1@HumanoidUpperBody,-64.0
RA,2,-,body3,body3.어깨_Yaw_체결부_260415_URDF@RightArm@HumanoidUpperBody,HumanoidUpperBody,base,base.C1_FWR50L_00_B_0FWR_F_B_GEH@HumanoidUpperBody,-65.0
RA,2,-,body2,body2.어깨_Roll_Yaw_연결부_260422_URDF@RightArm@HumanoidUpperBody,RA,body1,body1.________2@RightArm@HumanoidUpperBody,-65.0
RA,2,-,body3,body3.____2@RightArm@HumanoidUpperBody,HumanoidUpperBody,base,base.C1_GewindestiftDIN913_4x4x07@HumanoidUpperBody,-65.0
RA,2,-,body3,body3._________4@RightArm@HumanoidUpperBody,HumanoidUpperBody,base,base.C1_GewindestiftDIN913_4x4x07@HumanoidUpperBody,-65.0
RA,2,-,body2,body2.어깨_Roll베어링_고정파트_URDF기본1@RightArm@HumanoidUpperBody,RA,body0,body0._________46@RightArm@HumanoidUpperBody,-65.0
RA,2,-,body3,body3.NONE@RightArm@HumanoidUpperBody,HumanoidUpperBody,base,base.C1_WS_M2_RUBBER_1@HumanoidUpperBody,-65.0
RA,2,-,body3,body3.NONE@RightArm@HumanoidUpperBody,HumanoidUpperBody,base,base.C1_WS_FRONT_AUDIO_GASKET_1@HumanoidUpperBody,-65.0
RA,2,-,body3,body3.NONE@RightArm@HumanoidUpperBody,HumanoidUpperBody,base,base.C1_WS_T_FRONT_USB_GASKET_1@HumanoidUpperBody,-65.0
RA,2,-,body4,body4.팔꿈치_Pitch_회전부_260427_URDF@RightArm@HumanoidUpperBody,HumanoidUpperBody,base,base.C1_WS_M2_BKT_CU_FFC_A2_1@HumanoidUpperBody,-65.0
RA,2,-,body5,body5.________11@RightArm@HumanoidUpperBody,LA,body3,body3.어깨_팔꿈치_연결부_260416_URDF@LeftArm@HumanoidUpperBody,-65.0
RA,2,-,body6,body6.C1_DBSY4_7_5@RightArm@HumanoidUpperBody,LA,body3,body3.NONE@LeftArm@HumanoidUpperBody,-65.0
RA,2,-,body6,body6.C1_Body11@RightArm@HumanoidUpperBody,LA,body3,body3.NONE@LeftArm@HumanoidUpperBody,-65.0
RA,2,-,body6_1,body6_1.C1_손목_Yaw_링크_260511_Left_URDF@RightArm@HumanoidUpperBody,LA,body3,body3.NONE@LeftArm@HumanoidUpperBody,-65.0
RA,2,-,body6_1,body6_1.C1_Body11@RightArm@HumanoidUpperBody,LA,body3,body3.NONE@LeftArm@HumanoidUpperBody,-65.0
RA,2,-,body6,body6.C1_SWSPS12_6_10@RightArm@HumanoidUpperBody,LA,body3,body3.NONE@LeftArm@HumanoidUpperBody,-65.0
RA,2,-,body6,body6.C1_SWSPS12_6_102@RightArm@HumanoidUpperBody,LA,body3,body3.NONE@LeftArm@HumanoidUpperBody,-65.0
RA,2,-,body5,body5.손목_샤프트_260408_URDF1@RightArm@HumanoidUpperBody,LA,body3,body3.어깨_팔꿈치_연결부_260416_URDF@LeftArm@HumanoidUpperBody,-65.0
RA,2,-,body6_1,body6_1.C1_SWSPS12_6_10@RightArm@HumanoidUpperBody,LA,body3,body3.NONE@LeftArm@HumanoidUpperBody,-65.0
RA,2,-,body6_1,body6_1.C1_SWSPS12_6_102@RightArm@HumanoidUpperBody,LA,body3,body3.NONE@LeftArm@HumanoidUpperBody,-65.0
RA,2,-,body6,body6.C1_DBSY4_7_5@RightArm@HumanoidUpperBody,LA,body3,body3.어깨_Yaw_팔꿈치_연결부_B_260423_URDF@LeftArm@HumanoidUpperBody,-65.0
RA,2,-,body4,body4.팔꿈치_Pitch_회전부_260427_URDF@RightArm@HumanoidUpperBody,HumanoidUpperBody,base,base.C2_SCREW_M30H40_IBKNIM1_1@HumanoidUpperBody,-65.0
RA,2,-,body4,body4.팔꿈치_Pitch_회전부_260427_URDF@RightArm@HumanoidUpperBody,HumanoidUpperBody,base,base.C3_WS_HDD_RUBBER_PLUG_1@HumanoidUpperBody,-65.0
RA,2,-,body6,body6.C1_SWSPS12_6_10@RightArm@HumanoidUpperBody,LA,body3,body3.어깨_Yaw_팔꿈치_연결부_B_260423_URDF@LeftArm@HumanoidUpperBody,-65.0
RA,2,-,body6,body6.C1_SWSPS12_6_102@RightArm@HumanoidUpperBody,LA,body3,body3.어깨_Yaw_팔꿈치_연결부_B_260423_URDF@LeftArm@HumanoidUpperBody,-65.0
RA,2,-,body6,body6.C1_Body11@RightArm@HumanoidUpperBody,LA,body3,body3.어깨_Yaw_팔꿈치_연결부_B_260423_URDF@LeftArm@HumanoidUpperBody,-65.0
RA,2,-,body6_1,body6_1.C1_SWSPS12_6_10@RightArm@HumanoidUpperBody,LA,body3,body3.어깨_Yaw_팔꿈치_연결부_B_260423_URDF@LeftArm@HumanoidUpperBody,-65.0
RA,2,-,body6_1,body6_1.C1_SWSPS12_6_102@RightArm@HumanoidUpperBody,LA,body3,body3.어깨_Yaw_팔꿈치_연결부_B_260423_URDF@LeftArm@HumanoidUpperBody,-65.0
RA,2,-,body6_1,body6_1.C1_Body11@RightArm@HumanoidUpperBody,LA,body3,body3.어깨_Yaw_팔꿈치_연결부_B_260423_URDF@LeftArm@HumanoidUpperBody,-65.0
RA,2,-,body3,body3._________46@RightArm@HumanoidUpperBody,HumanoidUpperBody,base,base.C1_Body_Part21_수정본@HumanoidUpperBody,-66.0
RA,2,-,body3,body3.____2@RightArm@HumanoidUpperBody,HumanoidUpperBody,base,base.C1_Body_Part21_수정본@HumanoidUpperBody,-66.0
RA,2,-,body3,body3._________12@RightArm@HumanoidUpperBody,RA,body0,body0.____2@RightArm@HumanoidUpperBody,-66.0
RA,2,-,body3,body3.어깨_팔꿈치_연결부_샤프트_260413_URDF@RightArm@HumanoidUpperBody,HumanoidUpperBody,base,base.C1_Body_Part21_수정본@HumanoidUpperBody,-66.0
RA,2,-,body3,body3.어깨_팔꿈치_연결부_샤프트_260413_URDF1@RightArm@HumanoidUpperBody,HumanoidUpperBody,base,base.C1_Body_Part21_수정본@HumanoidUpperBody,-66.0
RA,2,-,body4,body4.팔꿈치_Pitchl베어링_고정파트_URDF기본@RightArm@HumanoidUpperBody,HumanoidUpperBody,base,base.C1_WS_PW_BUTTON_C_1@HumanoidUpperBody,-66.0
RA,2,-,body4,body4.팔꿈치_Pitchl베어링_고정파트_URDF기본@RightArm@HumanoidUpperBody,HumanoidUpperBody,base,base.C2_WS_PW_BUTTON_C_1@HumanoidUpperBody,-66.0
RA,2,-,body4,body4.팔꿈치_Pitchl베어링_고정파트_URDF기본@RightArm@HumanoidUpperBody,HumanoidUpperBody,base,base.C1_WS_TOP_SHIELD_PW_SPONGE_2_1@HumanoidUpperBody,-66.0
RA,2,-,body4,body4.팔꿈치_Pitchl베어링_고정파트_URDF기본@RightArm@HumanoidUpperBody,HumanoidUpperBody,base,base.C1_WS_TOP_SHIELD_PW_SPONGE_M_1@HumanoidUpperBody,-66.0
RA,2,-,body4,body4.팔꿈치_Pitchl베어링_고정파트_URDF기본@RightArm@HumanoidUpperBody,HumanoidUpperBody,base,base.C1_WS_TOP_SHIELD_PW_SPONGE_1@HumanoidUpperBody,-66.0
RA,2,-,body3,body3.NONE@RightArm@HumanoidUpperBody,HumanoidUpperBody,base,base.C1_WS_TOP_SHIELD_PW_MYLAR_S_1@HumanoidUpperBody,-66.0
RA,2,-,body4,body4.팔꿈치_Pitch_회전부_260427_URDF@RightArm@HumanoidUpperBody,HumanoidUpperBody,base,base.C1_WS_M2_BKT_HDD_MYLAR_1@HumanoidUpperBody,-66.0
RA,2,-,body3,body3.________11@RightArm@HumanoidUpperBody,HumanoidUpperBody,base,base.C1_WS_M2_BKT_HDD_MYLAR_1@HumanoidUpperBody,-66.0
RA,2,-,body3,body3.________11@RightArm@HumanoidUpperBody,HumanoidUpperBody,base,base.C1_TN_VESA_BKT_STANDOFF_1@HumanoidUpperBody,-66.0
RA,2,-,body6,body6.C1_손목_Pitch_링크고정부2_260408@RightArm@HumanoidUpperBody,LA,body3,body3.________11@LeftArm@HumanoidUpperBody,-66.0
RA,2,-,body3,body3.________2@RightArm@HumanoidUpperBody,HumanoidUpperBody,base,base.C1_FWR50L_00_B_0FWR_F_B_GEH@HumanoidUpperBody,-67.0
RA,2,-,body3,body3.어깨_팔꿈치_연결부_샤프트_260413_URDF@RightArm@HumanoidUpperBody,HumanoidUpperBody,base,base.C1_FWR50F_00_BFWR_F_B_GEH@HumanoidUpperBody,-67.0
RA,2,-,body3,body3.어깨_팔꿈치_연결부_샤프트_260413_URDF1@RightArm@HumanoidUpperBody,HumanoidUpperBody,base,base.C1_FWR50F_00_BFWR_F_B_GEH@HumanoidUpperBody,-67.0
RA,2,-,body5,body5.손목_Roll_회전부3_260409_v2_URDF@RightArm@HumanoidUpperBody,LA,body3,body3.어깨_팔꿈치_연결부_샤프트_260413_URDF1@LeftArm@HumanoidUpperBody,-67.0
RA,2,-,body5,body5.손목_Roll_회전부3_260409_v2_URDF@RightArm@HumanoidUpperBody,LA,body3,body3.어깨_팔꿈치_연결부_샤프트_260413_URDF2@LeftArm@HumanoidUpperBody,-67.0
RA,2,-,body5,body5.손목_Roll_회전부2_260409_v2_URDF@RightArm@HumanoidUpperBody,LA,body3,body3.어깨_팔꿈치_연결부_샤프트_260413_URDF1@LeftArm@HumanoidUpperBody,-67.0
RA,2,-,body5,body5.손목_Roll_회전부2_260409_v2_URDF@RightArm@HumanoidUpperBody,LA,body3,body3.어깨_팔꿈치_연결부_샤프트_260413_URDF2@LeftArm@HumanoidUpperBody,-67.0
RA,2,-,body3,body3.NONE@RightArm@HumanoidUpperBody,HumanoidUpperBody,base,base.C1_WS_PW_BUTTON_C_1@HumanoidUpperBody,-67.0
RA,2,-,body3,body3.NONE@RightArm@HumanoidUpperBody,HumanoidUpperBody,base,base.C2_WS_PW_BUTTON_C_1@HumanoidUpperBody,-67.0
RA,2,-,body3,body3.NONE@RightArm@HumanoidUpperBody,HumanoidUpperBody,base,base.C1_WS_TOP_SHIELD_PW_SPONGE_M_1@HumanoidUpperBody,-67.0
RA,2,-,body3,body3.NONE@RightArm@HumanoidUpperBody,HumanoidUpperBody,base,base.C1_WS_TOP_SHIELD_PW_SPONGE_1@HumanoidUpperBody,-67.0
RA,2,-,body3,body3.NONE@RightArm@HumanoidUpperBody,HumanoidUpperBody,base,base.C1_WS_TOP_SHIELD_PW_MYLAR_1@HumanoidUpperBody,-67.0
RA,2,-,body4,body4.팔꿈치_Pitch_회전부_260427_URDF@RightArm@HumanoidUpperBody,HumanoidUpperBody,base,base.C1_WS_SSD_THERMAL_PAD_1@HumanoidUpperBody,-67.0
RA,2,-,body3,body3.________11@RightArm@HumanoidUpperBody,HumanoidUpperBody,base,base.C1_TN_SCREW_M2_5L4_1@HumanoidUpperBody,-67.0
RA,2,-,body3,body3.________11@RightArm@HumanoidUpperBody,HumanoidUpperBody,base,base.C2_TN_M2_BKT_STANDOFF_1@HumanoidUpperBody,-67.0
RA,2,-,body3,body3.________11@RightArm@HumanoidUpperBody,HumanoidUpperBody,base,base.C3_TN_SCREW_M2_5L4_1@HumanoidUpperBody,-67.0
RA,2,-,body3,body3.________11@RightArm@HumanoidUpperBody,HumanoidUpperBody,base,base.C4_TN_M2_BKT_STANDOFF_1@HumanoidUpperBody,-67.0
RA,2,-,body3,body3.________11@RightArm@HumanoidUpperBody,HumanoidUpperBody,base,base.C1_WS_SSD_THERMAL_PAD_1@HumanoidUpperBody,-67.0
RA,2,-,body3,body3.________11@RightArm@HumanoidUpperBody,HumanoidUpperBody,base,base.C1_WS_T_DIMM_SPONGE_1@HumanoidUpperBody,-67.0
RA,2,-,body3,body3.________11@RightArm@HumanoidUpperBody,HumanoidUpperBody,base,base.C1_WS_2242_STANDER_PAD_1@HumanoidUpperBody,-67.0
RA,2,-,body2,body2.어깨_Roll_Yaw_연결부_260422_URDF@RightArm@HumanoidUpperBody,RA,body1,body1.____mm_______1@RightArm@HumanoidUpperBody,-68.0
RA,2,-,body3,body3.어깨_팔꿈치_연결부_샤프트_260413_URDF2@RightArm@HumanoidUpperBody,HumanoidUpperBody,base,base.C2_Body_Part28_260515@HumanoidUpperBody,-68.0
RA,2,-,body3,body3.어깨_팔꿈치_연결부_샤프트_260413_URDF3@RightArm@HumanoidUpperBody,HumanoidUpperBody,base,base.C1_Body_Part28_260515@HumanoidUpperBody,-68.0
RA,2,-,body3,body3.어깨_팔꿈치_연결부_샤프트_260413_URDF@RightArm@HumanoidUpperBody,HumanoidUpperBody,base,base.C1_FWR50L_00_B_0FWR_F_B_GEH@HumanoidUpperBody,-68.0
RA,2,-,body3,body3.어깨_팔꿈치_연결부_샤프트_260413_URDF1@RightArm@HumanoidUpperBody,HumanoidUpperBody,base,base.C1_FWR50L_00_B_0FWR_F_B_GEH@HumanoidUpperBody,-68.0
RA,2,-,body3,body3.________11@RightArm@HumanoidUpperBody,HumanoidUpperBody,base,base.C1_WS_FRONT_AUDIO_GASKET_1@HumanoidUpperBody,-68.0
RA,2,-,body3,body3.________11@RightArm@HumanoidUpperBody,HumanoidUpperBody,base,base.C1_WS_T_FRONT_USB_GASKET_1@HumanoidUpperBody,-68.0
RA,2,-,body4,body4.팔꿈치_Pitch_회전부_260427_URDF@RightArm@HumanoidUpperBody,HumanoidUpperBody,base,base.C1_PC_Braket_02@HumanoidUpperBody,-68.0
RA,2,-,body5,body5.손목_샤프트_260408_URDF@RightArm@HumanoidUpperBody,LA,body3,body3.어깨_팔꿈치_연결부_260416_URDF@LeftArm@HumanoidUpperBody,-68.0
RA,2,-,body2,body2.어깨_Roll베어링_고정파트_URDF기본@RightArm@HumanoidUpperBody,RA,body0,body0._________4@RightArm@HumanoidUpperBody,-69.0
RA,2,-,body3,body3.어깨_Yaw_체결부_260415_URDF@RightArm@HumanoidUpperBody,RA,body1,body1._________4@RightArm@HumanoidUpperBody,-69.0
RA,2,-,body2,body2.어깨_Roll_Yaw_연결부_260422_URDF@RightArm@HumanoidUpperBody,RA,body0,body0.____2@RightArm@HumanoidUpperBody,-69.0
RA,2,-,body5,body5.________11@RightArm@HumanoidUpperBody,LA,body3,body3.____2@LeftArm@HumanoidUpperBody,-69.0
RA,2,-,body6,body6.C1_손목_Pitch_고정부_260415@RightArm@HumanoidUpperBody,LA,body3,body3.____2@LeftArm@HumanoidUpperBody,-69.0
RA,2,-,body3,body3.어깨_Yaw_팔꿈치_연결부_260423_URDF@RightArm@HumanoidUpperBody,HumanoidUpperBody,base,base.C1_Body_Part22_260515@HumanoidUpperBody,-69.0
RA,2,-,body3,body3._________1@RightArm@HumanoidUpperBody,RA,body0,body0.____3@RightArm@HumanoidUpperBody,-70.0
RA,2,-,body2,body2.어깨_Roll_Yaw_연결부_260422_URDF@RightArm@HumanoidUpperBody,RA,body0,body0._________12@RightArm@HumanoidUpperBody,-70.0
RA,2,-,body4,body4.팔꿈치_Pitchl베어링_고정파트_URDF기본@RightArm@HumanoidUpperBody,HumanoidUpperBody,base,base.C2_Body_Part01_260515@HumanoidUpperBody,-70.0
RA,2,-,body4,body4.팔꿈치_Pitchl베어링_고정파트_URDF기본1@RightArm@HumanoidUpperBody,HumanoidUpperBody,base,base.C2_Body_Part01_260515@HumanoidUpperBody,-70.0
RA,2,-,body5,body5.________11@RightArm@HumanoidUpperBody,LA,body3,body3._________46@LeftArm@HumanoidUpperBody,-70.0
RA,2,-,body3,body3.어깨_Yaw_팔꿈치_연결부_B_260423_URDF@RightArm@HumanoidUpperBody,HumanoidUpperBody,base,base.C1_Body_Part19_260515@HumanoidUpperBody,-70.0
RA,2,-,body6,body6.C1_손목_Pitch_고정부_260415@RightArm@HumanoidUpperBody,LA,body3,body3._________46@LeftArm@HumanoidUpperBody,-70.0
RA,2,-,body4,body4.팔꿈치_Pitch_회전부_260427_URDF@RightArm@HumanoidUpperBody,HumanoidUpperBody,base,base.C1_AN_TOP_COVER_1@HumanoidUpperBody,-70.0
RA,2,-,body5,body5.손목_Yaw_01_URDF@RightArm@HumanoidUpperBody,LA,body3,body3.어깨_팔꿈치_연결부_샤프트_260413_URDF1@LeftArm@HumanoidUpperBody,-70.0
RA,2,-,body5,body5.손목_Yaw_01_URDF@RightArm@HumanoidUpperBody,LA,body3,body3.어깨_팔꿈치_연결부_샤프트_260413_URDF2@LeftArm@HumanoidUpperBody,-70.0
RA,2,-,body5,body5.________11@RightArm@HumanoidUpperBody,LA,body3,body3.어깨_팔꿈치_연결부_샤프트_260413_URDF1@LeftArm@HumanoidUpperBody,-70.0
RA,2,-,body5,body5.________11@RightArm@HumanoidUpperBody,LA,body3,body3.어깨_팔꿈치_연결부_샤프트_260413_URDF2@LeftArm@HumanoidUpperBody,-70.0
RA,2,-,body2,body2.어깨_Roll베어링_고정파트_URDF기본@RightArm@HumanoidUpperBody,RA,body0,body0.____mm_______1@RightArm@HumanoidUpperBody,-71.0
RA,2,-,body3,body3.어깨_팔꿈치_연결부_260416_URDF@RightArm@HumanoidUpperBody,HumanoidUpperBody,base,base.C4_PC_Braket_02@HumanoidUpperBody,-71.0
RA,2,-,body6,body6.C1_NONE@RightArm@HumanoidUpperBody,LA,body3,body3.____2@LeftArm@HumanoidUpperBody,-71.0
RA,2,-,body6,body6.C1_손목_Pitch_고정부_260415@RightArm@HumanoidUpperBody,LA,body3,body3.어깨_팔꿈치_연결부_샤프트_260413_URDF@LeftArm@HumanoidUpperBody,-71.0
RA,2,-,body6,body6.C1_손목_Pitch_고정부_260415@RightArm@HumanoidUpperBody,LA,body3,body3.어깨_팔꿈치_연결부_샤프트_260413_URDF3@LeftArm@HumanoidUpperBody,-71.0
RA,2,-,body5,body5.NONE@RightArm@HumanoidUpperBody,LA,body3,body3.어깨_팔꿈치_연결부_샤프트_260413_URDF1@LeftArm@HumanoidUpperBody,-71.0
RA,2,-,body5,body5.NONE@RightArm@HumanoidUpperBody,LA,body3,body3.어깨_팔꿈치_연결부_샤프트_260413_URDF2@LeftArm@HumanoidUpperBody,-71.0
RA,2,-,body5,body5.________11@RightArm@HumanoidUpperBody,LA,body3,body3._________4@LeftArm@HumanoidUpperBody,-72.0
RA,2,-,body6,body6.C1_________11@RightArm@HumanoidUpperBody,LA,body3,body3.____2@LeftArm@HumanoidUpperBody,-72.0
RA,2,-,body3,body3.팔꿈치_끝단베어링_체결부_260417_URDF@RightArm@HumanoidUpperBody,HumanoidUpperBody,base,base.C1_Body_Part19_260515@HumanoidUpperBody,-72.0
RA,2,-,body6,body6.C1_손목_Pitch_고정부_260415@RightArm@HumanoidUpperBody,LA,body3,body3._________4@LeftArm@HumanoidUpperBody,-72.0
RA,2,-,body5,body5.손목_샤프트_260408_URDF1@RightArm@HumanoidUpperBody,LA,body3,body3.____2@LeftArm@HumanoidUpperBody,-72.0
RA,2,-,body6,body6.C1_NONE@RightArm@HumanoidUpperBody,LA,body3,body3._________46@LeftArm@HumanoidUpperBody,-72.0
RA,2,-,body6,body6.C1_NONE@RightArm@HumanoidUpperBody,LA,body3,body3.어깨_팔꿈치_연결부_샤프트_260413_URDF@LeftArm@HumanoidUpperBody,-72.0
RA,2,-,body6,body6.C1_NONE@RightArm@HumanoidUpperBody,LA,body3,body3.어깨_팔꿈치_연결부_샤프트_260413_URDF3@LeftArm@HumanoidUpperBody,-72.0
RA,2,-,body4,body4.팔꿈치_Pitch_회전부_260427_URDF@RightArm@HumanoidUpperBody,HumanoidUpperBody,base,base.C1_WS_2242_STANDER_PAD_1@HumanoidUpperBody,-72.0
RA,2,-,body3,body3._________46@RightArm@HumanoidUpperBody,HumanoidUpperBody,base,base.C1_SenkschraubeDIN7991_25x6x045@HumanoidUpperBody,-73.0
RA,2,-,body3,body3.____2@RightArm@HumanoidUpperBody,HumanoidUpperBody,base,base.C1_SenkschraubeDIN7991_25x6x045@HumanoidUpperBody,-73.0
RA,2,-,body3,body3._________4@RightArm@HumanoidUpperBody,HumanoidUpperBody,base,base.C1_SenkschraubeDIN7991_25x6x045@HumanoidUpperBody,-73.0
RA,2,-,body6,body6.C1_________11@RightArm@HumanoidUpperBody,LA,body3,body3._________46@LeftArm@HumanoidUpperBody,-73.0
RA,2,-,body5,body5.손목_샤프트_260408_URDF1@RightArm@HumanoidUpperBody,LA,body3,body3._________46@LeftArm@HumanoidUpperBody,-73.0
RA,2,-,body3,body3.어깨_Yaw_팔꿈치_연결부_260423_URDF@RightArm@HumanoidUpperBody,HumanoidUpperBody,base,base.C1_Imported1@HumanoidUpperBody,-73.0
RA,2,-,body3,body3.베어링_6708U_H_URDF@RightArm@HumanoidUpperBody,HumanoidUpperBody,base,base.C1_Body_Part19_260515@HumanoidUpperBody,-73.0
RA,2,-,body3,body3.어깨_팔꿈치_연결부_샤프트_260413_URDF@RightArm@HumanoidUpperBody,HumanoidUpperBody,base,base.C2_CDST001801@HumanoidUpperBody,-73.0
RA,2,-,body3,body3.어깨_팔꿈치_연결부_샤프트_260413_URDF1@RightArm@HumanoidUpperBody,HumanoidUpperBody,base,base.C2_CDST001801@HumanoidUpperBody,-73.0
RA,2,-,body6_2,body6_2.C1_손목_Yaw_회전부_260420@RightArm@HumanoidUpperBody,LA,body3,body3.어깨_팔꿈치_연결부_샤프트_260413_URDF1@LeftArm@HumanoidUpperBody,-73.0
RA,2,-,body6_2,body6_2.C1_손목_Yaw_회전부_260420@RightArm@HumanoidUpperBody,LA,body3,body3.어깨_팔꿈치_연결부_샤프트_260413_URDF2@LeftArm@HumanoidUpperBody,-73.0
RA,2,-,body3,body3.어깨_Yaw_팔꿈치_연결부_B_260423_URDF@RightArm@HumanoidUpperBody,HumanoidUpperBody,base,base.C2_FWR50F_00_BFWR_F_B_GEH@HumanoidUpperBody,-74.0
RA,2,-,body3,body3.어깨_Yaw_팔꿈치_연결부_B_260423_URDF@RightArm@HumanoidUpperBody,HumanoidUpperBody,base,base.C2_FWR50L_00_B_0FWR_F_B_GEH@HumanoidUpperBody,-74.0
RA,2,-,body5,body5.손목_Roll_회전부3_260409_v2_URDF@RightArm@HumanoidUpperBody,LA,body2,body2.어깨_Roll_Yaw_연결부_260422_URDF@LeftArm@HumanoidUpperBody,-74.0
RA,2,-,body5,body5.________11@RightArm@HumanoidUpperBody,LA,body3,body3.____3@LeftArm@HumanoidUpperBody,-74.0
RA,2,-,body3,body3.어깨_팔꿈치_연결부_260416_URDF@RightArm@HumanoidUpperBody,HumanoidUpperBody,base,base.C1_Body_Part19_260515@HumanoidUpperBody,-74.0
RA,2,-,body5,body5.손목_Roll_회전부_260409_v2_URDF@RightArm@HumanoidUpperBody,LA,body3,body3._________4@LeftArm@HumanoidUpperBody,-74.0
RA,2,-,body6,body6.C1_손목_Pitch_고정부_260415@RightArm@HumanoidUpperBody,LA,body3,body3.____3@LeftArm@HumanoidUpperBody,-74.0
RA,2,-,body5,body5.손목_Roll_회전부_260409_v2_URDF@RightArm@HumanoidUpperBody,LA,body3,body3._________46@LeftArm@HumanoidUpperBody,-74.0
RA,2,-,body5,body5.손목_Roll_회전부_260409_v2_URDF@RightArm@HumanoidUpperBody,LA,body3,body3.____2@LeftArm@HumanoidUpperBody,-74.0
RA,2,-,body3,body3.어깨_Yaw_팔꿈치_연결부_B_260423_URDF@RightArm@HumanoidUpperBody,HumanoidUpperBody,base,base.C2_GewindestiftDIN913_4x4x071@HumanoidUpperBody,-74.0
RA,2,-,body6,body6.C1_________11@RightArm@HumanoidUpperBody,LA,body3,body3.어깨_팔꿈치_연결부_샤프트_260413_URDF@LeftArm@HumanoidUpperBody,-74.0
RA,2,-,body6,body6.C1_________11@RightArm@HumanoidUpperBody,LA,body3,body3.어깨_팔꿈치_연결부_샤프트_260413_URDF3@LeftArm@HumanoidUpperBody,-74.0
RA,2,-,body4,body4.팔꿈치_Pitch_회전부2_260427_URDF@RightArm@HumanoidUpperBody,HumanoidUpperBody,base,base.C1_Body_Part19_260515@HumanoidUpperBody,-74.0
RA,2,-,body6,body6.C1_NONE@RightArm@HumanoidUpperBody,LA,body3,body3._________4@LeftArm@HumanoidUpperBody,-74.0
RA,2,-,body4,body4.팔꿈치_Pitch_회전부_260427_URDF@RightArm@HumanoidUpperBody,HumanoidUpperBody,base,base.C4_SCREW_M30H40_IBKNIM1_1@HumanoidUpperBody,-74.0
RA,2,-,body4,body4.팔꿈치_Pitch_회전부_260427_URDF@RightArm@HumanoidUpperBody,HumanoidUpperBody,base,base.C4_WS_HDD_RUBBER_PLUG_1@HumanoidUpperBody,-74.0
RA,2,-,body3,body3.팔꿈치_끝단베어링_체결부_260417_URDF@RightArm@HumanoidUpperBody,HumanoidUpperBody,base,base.C2_FWR50F_00_BFWR_F_B_GEH@HumanoidUpperBody,-75.0
RA,2,-,body5,body5.________11@RightArm@HumanoidUpperBody,LA,body3,body3.어깨_Yaw_체결부_260415_URDF@LeftArm@HumanoidUpperBody,-75.0
RA,2,-,body5,body5.________11@RightArm@HumanoidUpperBody,LA,body3,body3.________2@LeftArm@HumanoidUpperBody,-75.0
RA,2,-,body4,body4.팔꿈치_Pitch_회전부_260427_URDF@RightArm@HumanoidUpperBody,HumanoidUpperBody,base,base.C2_Body_Part01_260515@HumanoidUpperBody,-75.0
RA,2,-,body6,body6.C1_손목_Pitch_링크고정부_260415@RightArm@HumanoidUpperBody,LA,body3,body3.____2@LeftArm@HumanoidUpperBody,-75.0
RA,2,-,body6,body6.C1_________11@RightArm@HumanoidUpperBody,LA,body3,body3._________4@LeftArm@HumanoidUpperBody,-75.0
RA,2,-,body6,body6.C1_손목_Pitch_고정부_260415@RightArm@HumanoidUpperBody,LA,body3,body3.어깨_Yaw_체결부_260415_URDF@LeftArm@HumanoidUpperBody,-75.0
RA,2,-,body6,body6.C1_손목_Pitch_고정부_260415@RightArm@HumanoidUpperBody,LA,body3,body3.________2@LeftArm@HumanoidUpperBody,-75.0
RA,2,-,body5,body5.손목_샤프트_260408_URDF@RightArm@HumanoidUpperBody,LA,body3,body3.____2@LeftArm@HumanoidUpperBody,-75.0
RA,2,-,body5,body5.손목_샤프트_260408_URDF1@RightArm@HumanoidUpperBody,LA,body3,body3._________4@LeftArm@HumanoidUpperBody,-75.0
RA,2,-,body6,body6.C1_손목_Pitch_베어링체결부_260409@RightArm@HumanoidUpperBody,LA,body3,body3.____2@LeftArm@HumanoidUpperBody,-75.0
RA,2,-,body6,body6.C1_손목_Pitch_베어링체결부_260407@RightArm@HumanoidUpperBody,LA,body3,body3.____2@LeftArm@HumanoidUpperBody,-75.0
RA,2,-,body4,body4.팔꿈치_Pitch_회전부_260427_URDF@RightArm@HumanoidUpperBody,HumanoidUpperBody,base,base.C1_WS_T_DIMM_SPONGE_1@HumanoidUpperBody,-75.0
RA,2,-,body4,body4.팔꿈치_Pitch_회전부_260427_URDF@RightArm@HumanoidUpperBody,HumanoidUpperBody,base,base.C2_TN_M2_BKT_STANDOFF_1@HumanoidUpperBody,-75.0
RA,2,-,body4,body4.팔꿈치_Pitch_회전부_260427_URDF@RightArm@HumanoidUpperBody,HumanoidUpperBody,base,base.C4_TN_M2_BKT_STANDOFF_1@HumanoidUpperBody,-75.0
RA,2,-,body4,body4.팔꿈치_Pitch_회전부_260427_URDF@RightArm@HumanoidUpperBody,HumanoidUpperBody,base,base.C1_TN_VESA_BKT_STANDOFF_1@HumanoidUpperBody,-75.0
RA,2,-,body3,body3.팔꿈치_스토퍼_260424_URDF@RightArm@HumanoidUpperBody,HumanoidUpperBody,base,base.C1_Body_Part19_260515@HumanoidUpperBody,-75.0
RA,2,-,body3,body3.팔꿈치_끝단베어링_체결부_260417_URDF@RightArm@HumanoidUpperBody,HumanoidUpperBody,base,base.C2_FWR50L_00_B_0FWR_F_B_GEH@HumanoidUpperBody,-76.0
RA,2,-,body3,body3.베어링_6708U_H_URDF@RightArm@HumanoidUpperBody,HumanoidUpperBody,base,base.C2_FWR50F_00_BFWR_F_B_GEH@HumanoidUpperBody,-76.0
RA,2,-,body4,body4.손목_Roll_체결부_260415_v2_URDF@RightArm@HumanoidUpperBody,LA,body3,body3.어깨_Yaw_체결부_260415_URDF@LeftArm@HumanoidUpperBody,-76.0
RA,2,-,body4,body4.손목_Roll_체결부_260415_v2_URDF@RightArm@HumanoidUpperBody,LA,body3,body3.________2@LeftArm@HumanoidUpperBody,-76.0
RA,2,-,body4,body4.손목_Roll_체결부_260415_v2_URDF@RightArm@HumanoidUpperBody,LA,body3,body3.____3@LeftArm@HumanoidUpperBody,-76.0
RA,2,-,body3,body3.NONE@RightArm@HumanoidUpperBody,HumanoidUpperBody,base,base.C1_Body_Part19_260515@HumanoidUpperBody,-76.0
RA,2,-,body6,body6.C1_손목_Pitch_링크고정부_260415@RightArm@HumanoidUpperBody,LA,body3,body3._________46@LeftArm@HumanoidUpperBody,-76.0
RA,2,-,body5,body5.손목_Roll_회전부_260409_v2_URDF@RightArm@HumanoidUpperBody,LA,body3,body3.____3@LeftArm@HumanoidUpperBody,-76.0
RA,2,-,body5,body5.손목_샤프트_260408_URDF@RightArm@HumanoidUpperBody,LA,body3,body3._________46@LeftArm@HumanoidUpperBody,-76.0
RA,2,-,body6,body6.C1_손목_Pitch_링크고정부_260415@RightArm@HumanoidUpperBody,LA,body3,body3.어깨_팔꿈치_연결부_샤프트_260413_URDF@LeftArm@HumanoidUpperBody,-76.0
RA,2,-,body6,body6.C1_손목_Pitch_링크고정부_260415@RightArm@HumanoidUpperBody,LA,body3,body3.어깨_팔꿈치_연결부_샤프트_260413_URDF3@LeftArm@HumanoidUpperBody,-76.0
RA,2,-,body6,body6.C1_NONE@RightArm@HumanoidUpperBody,LA,body3,body3.____3@LeftArm@HumanoidUpperBody,-76.0
RA,2,-,body3,body3.어깨_Yaw_팔꿈치_연결부_B_260423_URDF@RightArm@HumanoidUpperBody,HumanoidUpperBody,base,base.C3_GewindestiftDIN914_3x6x053@HumanoidUpperBody,-76.0
RA,2,-,body4,body4.팔꿈치_Pitch_회전부_260427_URDF@RightArm@HumanoidUpperBody,HumanoidUpperBody,base,base.C1_WS_M2_RUBBER_1@HumanoidUpperBody,-76.0
RA,2,-,body6,body6.C1_손목_Pitch_베어링체결부_260409@RightArm@HumanoidUpperBody,LA,body3,body3._________46@LeftArm@HumanoidUpperBody,-76.0
RA,2,-,body6,body6.C1_손목_Pitch_베어링체결부_260409@RightArm@HumanoidUpperBody,LA,body3,body3.어깨_팔꿈치_연결부_샤프트_260413_URDF@LeftArm@HumanoidUpperBody,-76.0
RA,2,-,body6,body6.C1_손목_Pitch_베어링체결부_260409@RightArm@HumanoidUpperBody,LA,body3,body3.어깨_팔꿈치_연결부_샤프트_260413_URDF3@LeftArm@HumanoidUpperBody,-76.0
RA,2,-,body6,body6.C1_손목_Pitch_베어링체결부_260407@RightArm@HumanoidUpperBody,LA,body3,body3._________46@LeftArm@HumanoidUpperBody,-76.0
RA,2,-,body6,body6.C1_손목_Pitch_베어링체결부_260407@RightArm@HumanoidUpperBody,LA,body3,body3.어깨_팔꿈치_연결부_샤프트_260413_URDF@LeftArm@HumanoidUpperBody,-76.0
RA,2,-,body6,body6.C1_손목_Pitch_베어링체결부_260407@RightArm@HumanoidUpperBody,LA,body3,body3.어깨_팔꿈치_연결부_샤프트_260413_URDF3@LeftArm@HumanoidUpperBody,-76.0
RA,2,-,body4,body4.팔꿈치_Pitch_회전부_260427_URDF@RightArm@HumanoidUpperBody,HumanoidUpperBody,base,base.C1_WS_ST_BTM_BKT_MYLAR_11@HumanoidUpperBody,-76.0
RA,2,-,body4,body4.팔꿈치_Pitch_회전부_260427_URDF@RightArm@HumanoidUpperBody,HumanoidUpperBody,base,base.C1_TN_SCREW_M2_5L4_1@HumanoidUpperBody,-76.0
RA,2,-,body4,body4.팔꿈치_Pitch_회전부_260427_URDF@RightArm@HumanoidUpperBody,HumanoidUpperBody,base,base.C3_TN_SCREW_M2_5L4_1@HumanoidUpperBody,-76.0
RA,2,-,body3,body3.어깨_팔꿈치_연결부_260416_URDF@RightArm@HumanoidUpperBody,HumanoidUpperBody,base,base.C2_Body_Part21_수정본@HumanoidUpperBody,-77.0
RA,2,-,body3,body3.베어링_6708U_H_URDF@RightArm@HumanoidUpperBody,HumanoidUpperBody,base,base.C2_FWR50L_00_B_0FWR_F_B_GEH@HumanoidUpperBody,-77.0
RA,2,-,body4,body4.NONE@RightArm@HumanoidUpperBody,LA,body3,body3.어깨_Yaw_체결부_260415_URDF@LeftArm@HumanoidUpperBody,-77.0
RA,2,-,body4,body4.팔꿈치_Pitch_회전부2_260427_URDF@RightArm@HumanoidUpperBody,HumanoidUpperBody,base,base.C2_Body_Part21_수정본@HumanoidUpperBody,-77.0
RA,2,-,body4,body4.팔꿈치_Pitchl베어링_고정파트_URDF기본@RightArm@HumanoidUpperBody,HumanoidUpperBody,base,base.C1_Body_Part19_260515@HumanoidUpperBody,-77.0
RA,2,-,body4,body4.팔꿈치_Pitchl베어링_고정파트_URDF기본1@RightArm@HumanoidUpperBody,HumanoidUpperBody,base,base.C1_Body_Part19_260515@HumanoidUpperBody,-77.0
RA,2,-,body3,body3.어깨_Yaw_팔꿈치_연결부_B_260423_URDF@RightArm@HumanoidUpperBody,HumanoidUpperBody,base,base.C3_CDST00180@HumanoidUpperBody,-77.0
RA,2,-,body5,body5.________11@RightArm@HumanoidUpperBody,LA,body3,body3.____mm_______1@LeftArm@HumanoidUpperBody,-77.0
RA,2,-,body5,body5.손목_Roll_회전부_260409_v2_URDF@RightArm@HumanoidUpperBody,LA,body3,body3.어깨_Yaw_체결부_260415_URDF@LeftArm@HumanoidUpperBody,-77.0
RA,2,-,body3,body3.팔꿈치_끝단베어링_체결부_260417_URDF@RightArm@HumanoidUpperBody,HumanoidUpperBody,base,base.C3_GewindestiftDIN914_3x6x053@HumanoidUpperBody,-77.0
RA,2,-,body5,body5.손목_Roll_회전부_260409_v2_URDF@RightArm@HumanoidUpperBody,LA,body3,body3.________2@LeftArm@HumanoidUpperBody,-77.0
RA,2,-,body3,body3.팔꿈치_끝단베어링_체결부_260417_URDF@RightArm@HumanoidUpperBody,HumanoidUpperBody,base,base.C2_GewindestiftDIN913_4x4x071@HumanoidUpperBody,-77.0
RA,2,-,body6,body6.C1_손목_Pitch_링크고정부_260415@RightArm@HumanoidUpperBody,LA,body3,body3._________4@LeftArm@HumanoidUpperBody,-77.0
RA,2,-,body5,body5.손목_샤프트_260408_URDF1@RightArm@HumanoidUpperBody,LA,body3,body3.____3@LeftArm@HumanoidUpperBody,-77.0
RA,2,-,body6,body6.C1_________11@RightArm@HumanoidUpperBody,LA,body3,body3.____3@LeftArm@HumanoidUpperBody,-77.0
RA,2,-,body5,body5.손목_Yaw_01_URDF@RightArm@HumanoidUpperBody,LA,body3,body3._________12@LeftArm@HumanoidUpperBody,-77.0
RA,2,-,body5,body5.________11@RightArm@HumanoidUpperBody,LA,body3,body3._________12@LeftArm@HumanoidUpperBody,-77.0
RA,2,-,body3,body3.베어링_6708U_H_URDF@RightArm@HumanoidUpperBody,HumanoidUpperBody,base,base.C2_GewindestiftDIN913_4x4x071@HumanoidUpperBody,-77.0
RA,2,-,body3,body3.어깨_Yaw_팔꿈치_연결부_B_260423_URDF@RightArm@HumanoidUpperBody,HumanoidUpperBody,base,base.C3_GewindestiftDIN914_3x6x052@HumanoidUpperBody,-77.0
RA,2,-,body4,body4.팔꿈치_Pitch_회전부_260427_URDF@RightArm@HumanoidUpperBody,HumanoidUpperBody,base,base.C1_WS_FRONT_AUDIO_GASKET_1@HumanoidUpperBody,-77.0
RA,2,-,body4,body4.팔꿈치_Pitch_회전부_260427_URDF@RightArm@HumanoidUpperBody,HumanoidUpperBody,base,base.C1_WS_T_FRONT_USB_GASKET_1@HumanoidUpperBody,-77.0
RA,2,-,body6_1,body6_1.C1_손목_Yaw_링크_260511_Left_URDF@RightArm@HumanoidUpperBody,LA,body3,body3.어깨_팔꿈치_연결부_샤프트_260413_URDF1@LeftArm@HumanoidUpperBody,-77.0
RA,2,-,body6_1,body6_1.C1_손목_Yaw_링크_260511_Left_URDF@RightArm@HumanoidUpperBody,LA,body3,body3.어깨_팔꿈치_연결부_샤프트_260413_URDF2@LeftArm@HumanoidUpperBody,-77.0
RA,2,-,body6_1,body6_1.C1_SWSPS12_6_101@RightArm@HumanoidUpperBody,LA,body3,body3.어깨_팔꿈치_연결부_샤프트_260413_URDF1@LeftArm@HumanoidUpperBody,-77.0
RA,2,-,body6_1,body6_1.C1_SWSPS12_6_101@RightArm@HumanoidUpperBody,LA,body3,body3.어깨_팔꿈치_연결부_샤프트_260413_URDF2@LeftArm@HumanoidUpperBody,-77.0
RA,2,-,body6_1,body6_1.C1_SWSPS12_6_103@RightArm@HumanoidUpperBody,LA,body3,body3.어깨_팔꿈치_연결부_샤프트_260413_URDF1@LeftArm@HumanoidUpperBody,-77.0
RA,2,-,body6_1,body6_1.C1_SWSPS12_6_103@RightArm@HumanoidUpperBody,LA,body3,body3.어깨_팔꿈치_연결부_샤프트_260413_URDF2@LeftArm@HumanoidUpperBody,-77.0
RA,2,-,body6_1,body6_1.C1_Body111@RightArm@HumanoidUpperBody,LA,body3,body3.어깨_팔꿈치_연결부_샤프트_260413_URDF1@LeftArm@HumanoidUpperBody,-77.0
RA,2,-,body6_1,body6_1.C1_Body111@RightArm@HumanoidUpperBody,LA,body3,body3.어깨_팔꿈치_연결부_샤프트_260413_URDF2@LeftArm@HumanoidUpperBody,-77.0
RA,2,-,body6_2,body6_2.C1_DBSY4_7_51@RightArm@HumanoidUpperBody,LA,body3,body3.어깨_팔꿈치_연결부_샤프트_260413_URDF1@LeftArm@HumanoidUpperBody,-77.0
RA,2,-,body6_2,body6_2.C1_DBSY4_7_51@RightArm@HumanoidUpperBody,LA,body3,body3.어깨_팔꿈치_연결부_샤프트_260413_URDF2@LeftArm@HumanoidUpperBody,-77.0
RA,2,-,body6_2,body6_2.C1_SWSPS12_6_101@RightArm@HumanoidUpperBody,LA,body3,body3.어깨_팔꿈치_연결부_샤프트_260413_URDF1@LeftArm@HumanoidUpperBody,-77.0
RA,2,-,body6_2,body6_2.C1_SWSPS12_6_101@RightArm@HumanoidUpperBody,LA,body3,body3.어깨_팔꿈치_연결부_샤프트_260413_URDF2@LeftArm@HumanoidUpperBody,-77.0
RA,2,-,body6_2,body6_2.C1_SWSPS12_6_103@RightArm@HumanoidUpperBody,LA,body3,body3.어깨_팔꿈치_연결부_샤프트_260413_URDF1@LeftArm@HumanoidUpperBody,-77.0
RA,2,-,body6_2,body6_2.C1_SWSPS12_6_103@RightArm@HumanoidUpperBody,LA,body3,body3.어깨_팔꿈치_연결부_샤프트_260413_URDF2@LeftArm@HumanoidUpperBody,-77.0
RA,2,-,body6_2,body6_2.C1_Body111@RightArm@HumanoidUpperBody,LA,body3,body3.어깨_팔꿈치_연결부_샤프트_260413_URDF1@LeftArm@HumanoidUpperBody,-77.0
RA,2,-,body6_2,body6_2.C1_Body111@RightArm@HumanoidUpperBody,LA,body3,body3.어깨_팔꿈치_연결부_샤프트_260413_URDF2@LeftArm@HumanoidUpperBody,-77.0
RA,2,-,body6,body6.FL6700ZZ_Right_어깨양단지지_URDF@RightArm@HumanoidUpperBody,LA,body3,body3.어깨_팔꿈치_연결부_샤프트_260413_URDF@LeftArm@HumanoidUpperBody,-77.0
RA,2,-,body6,body6.FL6700ZZ_Right_어깨양단지지_URDF@RightArm@HumanoidUpperBody,LA,body3,body3.어깨_팔꿈치_연결부_샤프트_260413_URDF3@LeftArm@HumanoidUpperBody,-77.0
RA,2,-,body6,body6.FL6700ZZ_Right_어깨양단지지_URDF1@RightArm@HumanoidUpperBody,LA,body3,body3.어깨_팔꿈치_연결부_샤프트_260413_URDF@LeftArm@HumanoidUpperBody,-77.0
RA,2,-,body6,body6.FL6700ZZ_Right_어깨양단지지_URDF1@RightArm@HumanoidUpperBody,LA,body3,body3.어깨_팔꿈치_연결부_샤프트_260413_URDF3@LeftArm@HumanoidUpperBody,-77.0
RA,2,-,body3,body3.어깨_팔꿈치_연결부_260416_URDF@RightArm@HumanoidUpperBody,HumanoidUpperBody,base,base.C2_FWR50F_00_BFWR_F_B_GEH@HumanoidUpperBody,-78.0
RA,2,-,body3,body3._________12@RightArm@HumanoidUpperBody,RA,body0,body0._________12@RightArm@HumanoidUpperBody,-78.0
RA,2,-,body5,body5.손목_Yaw_01_URDF@RightArm@HumanoidUpperBody,LA,body2,body2.어깨_Roll_Yaw_연결부_260422_URDF@LeftArm@HumanoidUpperBody,-78.0
RA,2,-,body5,body5.________11@RightArm@HumanoidUpperBody,LA,body2,body2.어깨_Roll_Yaw_연결부_260422_URDF@LeftArm@HumanoidUpperBody,-78.0
RA,2,-,body4,body4.NONE@RightArm@HumanoidUpperBody,LA,body3,body3.________2@LeftArm@HumanoidUpperBody,-78.0
RA,2,-,body4,body4.팔꿈치_Pitch_회전부2_260427_URDF@RightArm@HumanoidUpperBody,HumanoidUpperBody,base,base.C2_FWR50F_00_BFWR_F_B_GEH@HumanoidUpperBody,-78.0
RA,2,-,body4,body4.NONE@RightArm@HumanoidUpperBody,LA,body3,body3.____3@LeftArm@HumanoidUpperBody,-78.0
RA,2,-,body4,body4.손목_Roll_체결부_260415_v2_URDF@RightArm@HumanoidUpperBody,LA,body3,body3._________4@LeftArm@HumanoidUpperBody,-78.0
RA,2,-,body5,body5.손목_샤프트_260408_URDF@RightArm@HumanoidUpperBody,LA,body3,body3._________4@LeftArm@HumanoidUpperBody,-78.0
RA,2,-,body4,body4.팔꿈치_Pitch_회전부_260427_URDF@RightArm@HumanoidUpperBody,HumanoidUpperBody,base,base.C1_WS_TOP_SHIELD_PW_SPONGE_M_1@HumanoidUpperBody,-78.0
RA,2,-,body4,body4.팔꿈치_Pitch_회전부_260427_URDF@RightArm@HumanoidUpperBody,HumanoidUpperBody,base,base.C1_WS_TOP_SHIELD_PW_SPONGE_1@HumanoidUpperBody,-78.0
RA,2,-,body4,body4.팔꿈치_Pitch_회전부_260427_URDF@RightArm@HumanoidUpperBody,HumanoidUpperBody,base,base.C1_WS_TOP_SHIELD_PW_MYLAR_S_1@HumanoidUpperBody,-78.0
RA,2,-,body4,body4.팔꿈치_Pitch_회전부_260427_URDF@RightArm@HumanoidUpperBody,HumanoidUpperBody,base,base.C1_WS_TOP_SHIELD_PW_MYLAR_1@HumanoidUpperBody,-78.0
RA,2,-,body3,body3.NONE@RightArm@HumanoidUpperBody,HumanoidUpperBody,base,base.C2_Body_Part21_수정본@HumanoidUpperBody,-79.0
RA,2,-,body3,body3.어깨_팔꿈치_연결부_260416_URDF@RightArm@HumanoidUpperBody,HumanoidUpperBody,base,base.C2_FWR50L_00_B_0FWR_F_B_GEH@HumanoidUpperBody,-79.0
RA,2,-,body5,body5.________11@RightArm@HumanoidUpperBody,LA,body2,body2.어깨_Roll베어링_고정파트_URDF기본1@LeftArm@HumanoidUpperBody,-79.0
RA,2,-,body4,body4.팔꿈치_Pitchl베어링_고정파트_URDF기본@RightArm@HumanoidUpperBody,LA,body0,body0.어깨_Pitch_고정부_B_Left_260529_URDF@LeftArm@HumanoidUpperBody,-79.0
RA,2,-,body4,body4.팔꿈치_Pitchl베어링_고정파트_URDF기본1@RightArm@HumanoidUpperBody,LA,body0,body0.어깨_Pitch_고정부_B_Left_260529_URDF@LeftArm@HumanoidUpperBody,-79.0
RA,2,-,body4,body4.팔꿈치_Pitch_회전부2_260427_URDF@RightArm@HumanoidUpperBody,LA,body0,body0.어깨_Pitch_고정부_B_Left_260529_URDF@LeftArm@HumanoidUpperBody,-79.0
RA,2,-,body5,body5.NONE@RightArm@HumanoidUpperBody,LA,body2,body2.어깨_Roll_Yaw_연결부_260422_URDF@LeftArm@HumanoidUpperBody,-79.0
RA,2,-,body4,body4.팔꿈치_Pitch_회전부2_260427_URDF@RightArm@HumanoidUpperBody,HumanoidUpperBody,base,base.C2_FWR50L_00_B_0FWR_F_B_GEH@HumanoidUpperBody,-79.0
RA,2,-,body3,body3.팔꿈치_스토퍼_260424_URDF@RightArm@HumanoidUpperBody,HumanoidUpperBody,base,base.C2_FWR50F_00_BFWR_F_B_GEH@HumanoidUpperBody,-79.0
RA,2,-,body3,body3.팔꿈치_스토퍼_260424_URDF@RightArm@HumanoidUpperBody,HumanoidUpperBody,base,base.C2_FWR50L_00_B_0FWR_F_B_GEH@HumanoidUpperBody,-79.0
RA,2,-,body3,body3.어깨_Yaw_팔꿈치_연결부_B_260423_URDF@RightArm@HumanoidUpperBody,HumanoidUpperBody,base,base.C2_ImportedSolid_143759_halter@HumanoidUpperBody,-79.0
RA,2,-,body4,body4.________11@RightArm@HumanoidUpperBody,LA,body3,body3.어깨_Yaw_체결부_260415_URDF@LeftArm@HumanoidUpperBody,-79.0
RA,2,-,body3,body3.팔꿈치_끝단베어링_체결부_260417_URDF@RightArm@HumanoidUpperBody,HumanoidUpperBody,base,base.C3_GewindestiftDIN914_3x6x052@HumanoidUpperBody,-79.0
RA,2,-,body4,body4.________11@RightArm@HumanoidUpperBody,LA,body3,body3.________2@LeftArm@HumanoidUpperBody,-79.0
RA,2,-,body3,body3.________11@RightArm@HumanoidUpperBody,HumanoidUpperBody,base,base.C1_Body_Part19_260515@HumanoidUpperBody,-79.0
RA,2,-,body5,body5.손목_샤프트_260408_URDF1@RightArm@HumanoidUpperBody,LA,body3,body3.어깨_Yaw_체결부_260415_URDF@LeftArm@HumanoidUpperBody,-79.0
RA,2,-,body5,body5.손목_샤프트_260408_URDF1@RightArm@HumanoidUpperBody,LA,body3,body3.________2@LeftArm@HumanoidUpperBody,-79.0
RA,2,-,body4,body4.________11@RightArm@HumanoidUpperBody,LA,body3,body3.____3@LeftArm@HumanoidUpperBody,-79.0
RA,2,-,body4,body4.NONE@RightArm@HumanoidUpperBody,LA,body3,body3._________4@LeftArm@HumanoidUpperBody,-79.0
RA,2,-,body3,body3.어깨_Yaw_팔꿈치_연결부_B_260423_URDF@RightArm@HumanoidUpperBody,HumanoidUpperBody,base,base.C2_Body_Part21_수정본@HumanoidUpperBody,-79.0
RA,2,-,body6,body6.C1_________11@RightArm@HumanoidUpperBody,LA,body3,body3.어깨_Yaw_체결부_260415_URDF@LeftArm@HumanoidUpperBody,-79.0
RA,2,-,body6,body6.C1_________11@RightArm@HumanoidUpperBody,LA,body3,body3.________2@LeftArm@HumanoidUpperBody,-79.0
RA,2,-,body5,body5.NONE@RightArm@HumanoidUpperBody,LA,body3,body3._________12@LeftArm@HumanoidUpperBody,-79.0
RA,2,-,body6,body6.C1_손목_Pitch_링크고정부2_260408@RightArm@HumanoidUpperBody,LA,body3,body3.어깨_팔꿈치_연결부_샤프트_260413_URDF@LeftArm@HumanoidUpperBody,-79.0
RA,2,-,body6,body6.C1_손목_Pitch_링크고정부2_260408@RightArm@HumanoidUpperBody,LA,body3,body3.어깨_팔꿈치_연결부_샤프트_260413_URDF3@LeftArm@HumanoidUpperBody,-79.0
RA,2,-,body4,body4.팔꿈치_Pitch_회전부_260427_URDF@RightArm@HumanoidUpperBody,HumanoidUpperBody,base,base.C1_WS_TOP_SHIELD_PW_SPONGE_2_1@HumanoidUpperBody,-79.0
RA,2,-,body4,body4.팔꿈치_Pitchl베어링_고정파트_URDF기본@RightArm@HumanoidUpperBody,LA,body0,body0._________46@LeftArm@HumanoidUpperBody,-80.0
RA,2,-,body4,body4.팔꿈치_Pitchl베어링_고정파트_URDF기본@RightArm@HumanoidUpperBody,LA,body0,body0.____2@LeftArm@HumanoidUpperBody,-80.0
RA,2,-,body4,body4.팔꿈치_Pitchl베어링_고정파트_URDF기본1@RightArm@HumanoidUpperBody,LA,body0,body0._________46@LeftArm@HumanoidUpperBody,-80.0
RA,2,-,body4,body4.팔꿈치_Pitchl베어링_고정파트_URDF기본1@RightArm@HumanoidUpperBody,LA,body0,body0.____2@LeftArm@HumanoidUpperBody,-80.0
RA,2,-,body3,body3.NONE@RightArm@HumanoidUpperBody,HumanoidUpperBody,base,base.C2_FWR50F_00_BFWR_F_B_GEH@HumanoidUpperBody,-80.0
RA,2,-,body3,body3.어깨_팔꿈치_연결부_260416_URDF@RightArm@HumanoidUpperBody,HumanoidUpperBody,base,base.C1_____1@HumanoidUpperBody,-80.0
RA,2,-,body5,body5.________11@RightArm@HumanoidUpperBody,LA,body2,body2.어깨_Roll베어링_고정파트_URDF기본@LeftArm@HumanoidUpperBody,-80.0
RA,2,-,body4,body4.팔꿈치_Pitch_회전부2_260427_URDF@RightArm@HumanoidUpperBody,LA,body0,body0.____2@LeftArm@HumanoidUpperBody,-80.0
RA,2,-,body6_2,body6_2.C1_손목_Yaw_회전부_260420@RightArm@HumanoidUpperBody,LA,body2,body2.어깨_Roll_Yaw_연결부_260422_URDF@LeftArm@HumanoidUpperBody,-80.0
RA,2,-,body5,body5.손목_샤프트_260408_URDF@RightArm@HumanoidUpperBody,LA,body3,body3.____3@LeftArm@HumanoidUpperBody,-80.0
RA,2,-,body6,body6.C1_손목_Pitch_링크고정부_260415@RightArm@HumanoidUpperBody,LA,body3,body3.____3@LeftArm@HumanoidUpperBody,-80.0
RA,2,-,body5,body5.손목_Roll_회전부_260409_v2_URDF@RightArm@HumanoidUpperBody,LA,body3,body3.____mm_______1@LeftArm@HumanoidUpperBody,-80.0
RA,2,-,body4,body4.________11@RightArm@HumanoidUpperBody,LA,body3,body3._________4@LeftArm@HumanoidUpperBody,-80.0
RA,2,-,body5,body5.손목_샤프트_260408_URDF1@RightArm@HumanoidUpperBody,LA,body3,body3.____mm_______1@LeftArm@HumanoidUpperBody,-80.0
RA,2,-,body4,body4.팔꿈치_Pitch_회전부2_260427_URDF@RightArm@HumanoidUpperBody,HumanoidUpperBody,base,base.C2_GewindestiftDIN913_4x4x071@HumanoidUpperBody,-80.0
RA,2,-,body6_1,body6_1.C1_손목_Yaw_링크_260511_Left_URDF@RightArm@HumanoidUpperBody,LA,body3,body3.어깨_팔꿈치_연결부_샤프트_260413_URDF@LeftArm@HumanoidUpperBody,-80.0
RA,2,-,body6_1,body6_1.C1_손목_Yaw_링크_260511_Left_URDF@RightArm@HumanoidUpperBody,LA,body3,body3.어깨_팔꿈치_연결부_샤프트_260413_URDF3@LeftArm@HumanoidUpperBody,-80.0
RA,2,-,body3,body3._________46@RightArm@HumanoidUpperBody,HumanoidUpperBody,base,base.C1_ImportedSolid_143760@HumanoidUpperBody,-81.0
RA,2,-,body3,body3.____2@RightArm@HumanoidUpperBody,HumanoidUpperBody,base,base.C1_ImportedSolid_143760@HumanoidUpperBody,-81.0
RA,2,-,body3,body3._________4@RightArm@HumanoidUpperBody,HumanoidUpperBody,base,base.C1_ImportedSolid_143760@HumanoidUpperBody,-81.0
RA,2,-,body3,body3.____3@RightArm@HumanoidUpperBody,HumanoidUpperBody,base,base.C1_ImportedSolid_121888A@HumanoidUpperBody,-81.0
RA,2,-,body3,body3.NONE@RightArm@HumanoidUpperBody,LA,body0,body0.어깨_Pitch_고정부_B_Left_260529_URDF@LeftArm@HumanoidUpperBody,-81.0
RA,2,-,body3,body3.NONE@RightArm@HumanoidUpperBody,HumanoidUpperBody,base,base.C2_FWR50L_00_B_0FWR_F_B_GEH@HumanoidUpperBody,-81.0
RA,2,-,body4,body4.손목_Roll_체결부_260415_v2_URDF@RightArm@HumanoidUpperBody,LA,body2,body2.어깨_Roll베어링_고정파트_URDF기본1@LeftArm@HumanoidUpperBody,-81.0
RA,2,-,body4,body4.팔꿈치_Pitch_회전부2_260427_URDF@RightArm@HumanoidUpperBody,LA,body0,body0._________46@LeftArm@HumanoidUpperBody,-81.0
RA,2,-,body4,body4.팔꿈치_Pitch_회전부2_260427_URDF@RightArm@HumanoidUpperBody,LA,body0,body0._________4@LeftArm@HumanoidUpperBody,-81.0
RA,2,-,body3,body3.팔꿈치_끝단베어링_체결부_260417_URDF@RightArm@HumanoidUpperBody,HumanoidUpperBody,base,base.C2_ImportedSolid_143759_halter@HumanoidUpperBody,-81.0
RA,2,-,body5,body5.손목_Roll_회전부_260409_v2_URDF@RightArm@HumanoidUpperBody,LA,body2,body2.어깨_Roll베어링_고정파트_URDF기본1@LeftArm@HumanoidUpperBody,-81.0
RA,2,-,body5,body5.손목_샤프트_260408_URDF@RightArm@HumanoidUpperBody,LA,body3,body3.어깨_Yaw_체결부_260415_URDF@LeftArm@HumanoidUpperBody,-81.0
RA,2,-,body5,body5.손목_샤프트_260408_URDF@RightArm@HumanoidUpperBody,LA,body3,body3.________2@LeftArm@HumanoidUpperBody,-81.0
RA,2,-,body6,body6.C1_손목_Pitch_링크고정부_260415@RightArm@HumanoidUpperBody,LA,body3,body3.어깨_Yaw_체결부_260415_URDF@LeftArm@HumanoidUpperBody,-81.0
RA,2,-,body6,body6.C1_손목_Pitch_링크고정부_260415@RightArm@HumanoidUpperBody,LA,body3,body3.________2@LeftArm@HumanoidUpperBody,-81.0
RA,2,-,body5,body5.손목_Yaw_01_URDF@RightArm@HumanoidUpperBody,LA,body3,body3._________1@LeftArm@HumanoidUpperBody,-81.0
RA,2,-,body3,body3.어깨_팔꿈치_연결부_샤프트_260413_URDF@RightArm@HumanoidUpperBody,HumanoidUpperBody,base,base.C2_CDST00180@HumanoidUpperBody,-81.0
RA,2,-,body3,body3.어깨_팔꿈치_연결부_샤프트_260413_URDF1@RightArm@HumanoidUpperBody,HumanoidUpperBody,base,base.C2_CDST00180@HumanoidUpperBody,-81.0
RA,2,-,body3,body3.어깨_Yaw_팔꿈치_연결부_260423_URDF@RightArm@HumanoidUpperBody,HumanoidUpperBody,base,base.C1_TN_RUBBER_FOOT_1@HumanoidUpperBody,-81.0
RA,2,-,body3,body3.어깨_Yaw_팔꿈치_연결부_260423_URDF@RightArm@HumanoidUpperBody,HumanoidUpperBody,base,base.C3_TN_RUBBER_FOOT_1@HumanoidUpperBody,-81.0
RA,2,-,body3,body3.팔꿈치_스토퍼_260424_URDF@RightArm@HumanoidUpperBody,HumanoidUpperBody,base,base.C3_GewindestiftDIN914_3x6x053@HumanoidUpperBody,-81.0
RA,2,-,body3,body3._________1@RightArm@HumanoidUpperBody,RA,body0,body0._________4@RightArm@HumanoidUpperBody,-82.0
RA,2,-,body3,body3._________46@RightArm@HumanoidUpperBody,HumanoidUpperBody,base,base.C1_ImportedSolid_121888A@HumanoidUpperBody,-82.0
RA,2,-,body3,body3.____2@RightArm@HumanoidUpperBody,HumanoidUpperBody,base,base.C1_ImportedSolid_121888A@HumanoidUpperBody,-82.0
RA,2,-,body3,body3._________4@RightArm@HumanoidUpperBody,HumanoidUpperBody,base,base.C1_ImportedSolid_121888A@HumanoidUpperBody,-82.0
RA,2,-,body3,body3.어깨_팔꿈치_연결부_260416_URDF@RightArm@HumanoidUpperBody,HumanoidUpperBody,base,base.C1_____11@HumanoidUpperBody,-82.0
RA,2,-,body4,body4.팔꿈치_Pitch_회전부3_260422_URDF@RightArm@HumanoidUpperBody,LA,body0,body0._________4@LeftArm@HumanoidUpperBody,-82.0
RA,2,-,body4,body4.팔꿈치_손목_연결부_샤프트_260413_URDF1@RightArm@HumanoidUpperBody,LA,body0,body0._________4@LeftArm@HumanoidUpperBody,-82.0
RA,2,-,body4,body4.팔꿈치_손목_연결부_샤프트_260413_URDF3@RightArm@HumanoidUpperBody,LA,body0,body0._________4@LeftArm@HumanoidUpperBody,-82.0
RA,2,-,body3,body3.어깨_Yaw_팔꿈치_연결부_B_260423_URDF@RightArm@HumanoidUpperBody,HumanoidUpperBody,base,base.C2_SenkschraubeDIN7991_25x6x045@HumanoidUpperBody,-82.0
RA,2,-,body3,body3.NONE@RightArm@HumanoidUpperBody,HumanoidUpperBody,base,base.C2_GewindestiftDIN913_4x4x071@HumanoidUpperBody,-82.0
RA,2,-,body5,body5.손목_샤프트_260408_URDF1@RightArm@HumanoidUpperBody,LA,body2,body2.어깨_Roll베어링_고정파트_URDF기본@LeftArm@HumanoidUpperBody,-82.0
RA,2,-,body3,body3.어깨_팔꿈치_연결부_샤프트_260413_URDF2@RightArm@HumanoidUpperBody,HumanoidUpperBody,base,base.C2_Body_Part19_260515@HumanoidUpperBody,-82.0
RA,2,-,body3,body3.어깨_팔꿈치_연결부_샤프트_260413_URDF3@RightArm@HumanoidUpperBody,HumanoidUpperBody,base,base.C2_Body_Part19_260515@HumanoidUpperBody,-82.0
RA,2,-,body3,body3.팔꿈치_스토퍼_260424_URDF@RightArm@HumanoidUpperBody,HumanoidUpperBody,base,base.C3_GewindestiftDIN914_3x6x052@HumanoidUpperBody,-82.0
RA,2,-,body3,body3.어깨_Yaw_팔꿈치_연결부_260423_URDF@RightArm@HumanoidUpperBody,HumanoidUpperBody,base,base.C1_WS_TALL_BTM_BKT_NEW_1_1@HumanoidUpperBody,-82.0
RA,2,-,body3,body3.어깨_Yaw_팔꿈치_연결부_260423_URDF@RightArm@HumanoidUpperBody,HumanoidUpperBody,base,base.C1_WS_BTM_COVER_T_SCREW_1_1@HumanoidUpperBody,-82.0
RA,2,-,body3,body3.어깨_Yaw_팔꿈치_연결부_260423_URDF@RightArm@HumanoidUpperBody,HumanoidUpperBody,base,base.C3_WS_BTM_COVER_T_SCREW_1_1@HumanoidUpperBody,-82.0
RA,2,-,body3,body3.________11@RightArm@HumanoidUpperBody,HumanoidUpperBody,base,base.C2_Body_Part21_수정본@HumanoidUpperBody,-83.0
RA,2,-,body4,body4.NONE@RightArm@HumanoidUpperBody,LA,body0,body0.어깨_Pitch_고정부_A_Left_260511_URDF@LeftArm@HumanoidUpperBody,-83.0
RA,2,-,body4,body4.NONE@RightArm@HumanoidUpperBody,LA,body0,body0.________2@LeftArm@HumanoidUpperBody,-83.0
RA,2,-,body4,body4.NONE@RightArm@HumanoidUpperBody,LA,body0,body0.____3@LeftArm@HumanoidUpperBody,-83.0
RA,2,-,body4,body4.NONE@RightArm@HumanoidUpperBody,LA,body2,body2.어깨_Roll베어링_고정파트_URDF기본1@LeftArm@HumanoidUpperBody,-83.0
RA,2,-,body3,body3.어깨_Yaw_팔꿈치_연결부_260423_URDF@RightArm@HumanoidUpperBody,HumanoidUpperBody,base,base.C1_Body_Part19_260515@HumanoidUpperBody,-83.0
RA,2,-,body4,body4.팔꿈치_손목_연결부_샤프트_260413_URDF1@RightArm@HumanoidUpperBody,LA,body0,body0.____3@LeftArm@HumanoidUpperBody,-83.0
RA,2,-,body4,body4.팔꿈치_손목_연결부_샤프트_260413_URDF3@RightArm@HumanoidUpperBody,LA,body0,body0.____3@LeftArm@HumanoidUpperBody,-83.0
RA,2,-,body3,body3.어깨_Yaw_팔꿈치_연결부_B_260423_URDF@RightArm@HumanoidUpperBody,HumanoidUpperBody,base,base.C3_GewindestiftDIN914_3x6x051@HumanoidUpperBody,-83.0
RA,2,-,body3,body3.어깨_Yaw_팔꿈치_연결부_B_260423_URDF@RightArm@HumanoidUpperBody,HumanoidUpperBody,base,base.C3_CDST001801@HumanoidUpperBody,-83.0
RA,2,-,body3,body3.NONE@RightArm@HumanoidUpperBody,HumanoidUpperBody,base,base.C3_GewindestiftDIN914_3x6x053@HumanoidUpperBody,-83.0
RA,2,-,body4,body4.NONE@RightArm@HumanoidUpperBody,LA,body0,body0._________4@LeftArm@HumanoidUpperBody,-83.0
RA,2,-,body5,body5.손목_샤프트_260408_URDF@RightArm@HumanoidUpperBody,LA,body3,body3.____mm_______1@LeftArm@HumanoidUpperBody,-83.0
RA,2,-,body3,body3.어깨_Yaw_팔꿈치_연결부_260423_URDF@RightArm@HumanoidUpperBody,HumanoidUpperBody,base,base.C1_WS_TALL_MID_FRAME_NEW_1@HumanoidUpperBody,-83.0
RA,2,-,body3,body3.________11@RightArm@HumanoidUpperBody,LA,body0,body0.어깨_Pitch_고정부_B_Left_260529_URDF@LeftArm@HumanoidUpperBody,-84.0
RA,2,-,body3,body3.________11@RightArm@HumanoidUpperBody,HumanoidUpperBody,base,base.C2_FWR50F_00_BFWR_F_B_GEH@HumanoidUpperBody,-84.0
RA,2,-,body5,body5.손목_Roll_회전부3_260409_v2_URDF@RightArm@HumanoidUpperBody,LA,body2,body2.어깨_Roll_베어링_연결부_260423_URDF@LeftArm@HumanoidUpperBody,-84.0
RA,2,-,body3,body3.NONE@RightArm@HumanoidUpperBody,HumanoidUpperBody,base,base.C3_CDST00180@HumanoidUpperBody,-84.0
RA,2,-,body3,body3.NONE@RightArm@HumanoidUpperBody,HumanoidUpperBody,base,base.C3_GewindestiftDIN914_3x6x052@HumanoidUpperBody,-84.0
RA,2,-,body4,body4.________11@RightArm@HumanoidUpperBody,LA,body2,body2.어깨_Roll베어링_고정파트_URDF기본1@LeftArm@HumanoidUpperBody,-84.0
RA,2,-,body4,body4.팔꿈치_손목_연결부_샤프트_260413_URDF1@RightArm@HumanoidUpperBody,LA,body0,body0.어깨_Pitch_고정부_A_Left_260511_URDF@LeftArm@HumanoidUpperBody,-84.0
RA,2,-,body4,body4.팔꿈치_손목_연결부_샤프트_260413_URDF1@RightArm@HumanoidUpperBody,LA,body0,body0.________2@LeftArm@HumanoidUpperBody,-84.0
RA,2,-,body4,body4.팔꿈치_손목_연결부_샤프트_260413_URDF3@RightArm@HumanoidUpperBody,LA,body0,body0.어깨_Pitch_고정부_A_Left_260511_URDF@LeftArm@HumanoidUpperBody,-84.0
RA,2,-,body4,body4.팔꿈치_손목_연결부_샤프트_260413_URDF3@RightArm@HumanoidUpperBody,LA,body0,body0.________2@LeftArm@HumanoidUpperBody,-84.0
RA,2,-,body4,body4.NONE@RightArm@HumanoidUpperBody,LA,body0,body0._________11@LeftArm@HumanoidUpperBody,-84.0
RA,2,-,body5,body5.손목_Roll_회전부_260409_v2_URDF@RightArm@HumanoidUpperBody,LA,body2,body2.어깨_Roll_Yaw_연결부_260422_URDF@LeftArm@HumanoidUpperBody,-84.0
RA,2,-,body5,body5.손목_샤프트_260408_URDF@RightArm@HumanoidUpperBody,LA,body2,body2.어깨_Roll베어링_고정파트_URDF기본@LeftArm@HumanoidUpperBody,-84.0
RA,2,-,body6_2,body6_2.C1_손목_Yaw_회전부_260420@RightArm@HumanoidUpperBody,LA,body3,body3._________11@LeftArm@HumanoidUpperBody,-84.0
RA,2,-,body3,body3.팔꿈치_스토퍼_260424_URDF@RightArm@HumanoidUpperBody,HumanoidUpperBody,base,base.C2_ImportedSolid_143759_halter@HumanoidUpperBody,-84.0
RA,2,-,body4,body4.팔꿈치_Pitchl베어링_고정파트_URDF기본@RightArm@HumanoidUpperBody,LA,body0,body0._________4@LeftArm@HumanoidUpperBody,-85.0
RA,2,-,body4,body4.팔꿈치_Pitchl베어링_고정파트_URDF기본1@RightArm@HumanoidUpperBody,LA,body0,body0._________4@LeftArm@HumanoidUpperBody,-85.0
RA,2,-,body3,body3.________11@RightArm@HumanoidUpperBody,HumanoidUpperBody,base,base.C2_FWR50L_00_B_0FWR_F_B_GEH@HumanoidUpperBody,-85.0
RA,2,-,body4,body4.NONE@RightArm@HumanoidUpperBody,LA,body1,body1.어깨_Pitch_회전부_260423_Right_어깨양단지지_URDF@LeftArm@HumanoidUpperBody,-85.0
RA,2,-,body4,body4.________11@RightArm@HumanoidUpperBody,LA,body0,body0.어깨_Pitch_고정부_A_Left_260511_URDF@LeftArm@HumanoidUpperBody,-85.0
RA,2,-,body4,body4.NONE@RightArm@HumanoidUpperBody,LA,body0,body0.____mm_______1@LeftArm@HumanoidUpperBody,-85.0
RA,2,-,body4,body4.________11@RightArm@HumanoidUpperBody,LA,body0,body0.________2@LeftArm@HumanoidUpperBody,-85.0
RA,2,-,body4,body4.________11@RightArm@HumanoidUpperBody,LA,body0,body0.____3@LeftArm@HumanoidUpperBody,-85.0
RA,2,-,body5,body5.손목_Roll_회전부2_260409_v2_URDF@RightArm@HumanoidUpperBody,LA,body2,body2.어깨_Roll_연결부_260511_Left_URDF@LeftArm@HumanoidUpperBody,-85.0
RA,2,-,body3,body3.어깨_Yaw_팔꿈치_연결부_B_260423_URDF@RightArm@HumanoidUpperBody,HumanoidUpperBody,base,base.C3_GewindestiftDIN914_3x6x05@HumanoidUpperBody,-85.0
RA,2,-,body4,body4.NONE@RightArm@HumanoidUpperBody,LA,body2,body2.어깨_Roll_베어링_연결부_260423_URDF@LeftArm@HumanoidUpperBody,-85.0
RA,2,-,body4,body4.팔꿈치_손목_연결부_샤프트_260413_URDF1@RightArm@HumanoidUpperBody,LA,body1,body1.어깨_Pitch_회전부_260423_Right_어깨양단지지_URDF@LeftArm@HumanoidUpperBody,-85.0
RA,2,-,body4,body4.팔꿈치_손목_연결부_샤프트_260413_URDF3@RightArm@HumanoidUpperBody,LA,body1,body1.어깨_Pitch_회전부_260423_Right_어깨양단지지_URDF@LeftArm@HumanoidUpperBody,-85.0
RA,2,-,body3,body3.________11@RightArm@HumanoidUpperBody,HumanoidUpperBody,base,base.C2_GewindestiftDIN913_4x4x071@HumanoidUpperBody,-85.0
RA,2,-,body4,body4.________11@RightArm@HumanoidUpperBody,LA,body0,body0._________11@LeftArm@HumanoidUpperBody,-85.0
RA,2,-,body2,body2.어깨_Roll베어링_고정파트_URDF기본@RightArm@HumanoidUpperBody,RA,body0,body0._________12@RightArm@HumanoidUpperBody,-86.0
RA,2,-,body3,body3.____2@RightArm@HumanoidUpperBody,HumanoidUpperBody,base,base.C1_GewindestiftDIN913_4x4x071@HumanoidUpperBody,-86.0
RA,2,-,body3,body3._________4@RightArm@HumanoidUpperBody,HumanoidUpperBody,base,base.C1_GewindestiftDIN913_4x4x071@HumanoidUpperBody,-86.0
RA,2,-,body3,body3.어깨_Yaw_팔꿈치_연결부_260423_URDF@RightArm@HumanoidUpperBody,HumanoidUpperBody,base,base.C2_FWR50F_00_BFWR_F_B_GEH@HumanoidUpperBody,-86.0
RA,2,-,body3,body3.어깨_팔꿈치_연결부_260416_URDF@RightArm@HumanoidUpperBody,HumanoidUpperBody,base,base.C3__________1@HumanoidUpperBody,-86.0
RA,2,-,body3,body3.NONE@RightArm@HumanoidUpperBody,LA,body0,body0.____2@LeftArm@HumanoidUpperBody,-86.0
RA,2,-,body4,body4.________11@RightArm@HumanoidUpperBody,LA,body1,body1.어깨_Pitch_회전부_260423_Right_어깨양단지지_URDF@LeftArm@HumanoidUpperBody,-86.0
RA,2,-,body3,body3.어깨_팔꿈치_연결부_260416_URDF@RightArm@HumanoidUpperBody,HumanoidUpperBody,base,base.C2_SenkschraubeDIN7991_25x6x045@HumanoidUpperBody,-86.0
RA,2,-,body3,body3.NONE@RightArm@HumanoidUpperBody,HumanoidUpperBody,base,base.C2_ImportedSolid_143759_halter@HumanoidUpperBody,-86.0
RA,2,-,body4,body4.손목_Roll_체결부_260415_v2_URDF@RightArm@HumanoidUpperBody,LA,body2,body2.어깨_Roll_연결부_260511_Left_URDF@LeftArm@HumanoidUpperBody,-86.0
RA,2,-,body4,body4.손목_Roll_체결부_260415_v2_URDF@RightArm@HumanoidUpperBody,LA,body2,body2.어깨_Roll_베어링_연결부_260423_URDF@LeftArm@HumanoidUpperBody,-86.0
RA,2,-,body4,body4.NONE@RightArm@HumanoidUpperBody,LA,body2,body2.어깨_Roll_연결부_260511_Left_URDF@LeftArm@HumanoidUpperBody,-86.0
RA,2,-,body4,body4.팔꿈치_손목_연결부_샤프트_260413_URDF1@RightArm@HumanoidUpperBody,LA,body0,body0.____mm_______1@LeftArm@HumanoidUpperBody,-86.0
RA,2,-,body4,body4.팔꿈치_손목_연결부_샤프트_260413_URDF3@RightArm@HumanoidUpperBody,LA,body0,body0.____mm_______1@LeftArm@HumanoidUpperBody,-86.0
RA,2,-,body4,body4.팔꿈치_Pitch_회전부2_260427_URDF@RightArm@HumanoidUpperBody,LA,body0,body0._________12@LeftArm@HumanoidUpperBody,-86.0
RA,2,-,body4,body4.팔꿈치_손목_연결부_샤프트_260413_URDF1@RightArm@HumanoidUpperBody,LA,body2,body2.어깨_Roll_베어링_연결부_260423_URDF@LeftArm@HumanoidUpperBody,-86.0
RA,2,-,body4,body4.팔꿈치_손목_연결부_샤프트_260413_URDF3@RightArm@HumanoidUpperBody,LA,body2,body2.어깨_Roll_연결부_260511_Left_URDF@LeftArm@HumanoidUpperBody,-86.0
RA,2,-,body4,body4.팔꿈치_Pitch_회전부2_260427_URDF@RightArm@HumanoidUpperBody,HumanoidUpperBody,base,base.C2_SenkschraubeDIN7991_25x6x045@HumanoidUpperBody,-86.0
RA,2,-,body3,body3.어깨_Yaw_팔꿈치_연결부_260423_URDF@RightArm@HumanoidUpperBody,HumanoidUpperBody,base,base.C2_FWR50L_00_B_0FWR_F_B_GEH@HumanoidUpperBody,-87.0
RA,2,-,body5,body5.손목_Roll_회전부3_260409_v2_URDF@RightArm@HumanoidUpperBody,LA,body1,body1._________4@LeftArm@HumanoidUpperBody,-87.0
RA,2,-,body5,body5.손목_Roll_회전부2_260409_v2_URDF@RightArm@HumanoidUpperBody,LA,body1,body1._________4@LeftArm@HumanoidUpperBody,-87.0
RA,2,-,body5,body5.손목_Roll_회전부2_260409_v2_URDF@RightArm@HumanoidUpperBody,LA,body1,body1.____3@LeftArm@HumanoidUpperBody,-87.0
RA,2,-,body4,body4.팔꿈치_Pitch_회전부3_260422_URDF@RightArm@HumanoidUpperBody,LA,body0,body0._________12@LeftArm@HumanoidUpperBody,-87.0
RA,2,-,body4,body4.________11@RightArm@HumanoidUpperBody,LA,body0,body0.____mm_______1@LeftArm@HumanoidUpperBody,-87.0
RA,2,-,body4,body4.NONE@RightArm@HumanoidUpperBody,LA,body0,body0._________12@LeftArm@HumanoidUpperBody,-87.0
RA,2,-,body3,body3.어깨_Yaw_팔꿈치_연결부_B_260423_URDF@RightArm@HumanoidUpperBody,HumanoidUpperBody,base,base.C2_GewindestiftDIN913_4x4x07@HumanoidUpperBody,-87.0
RA,2,-,body4,body4.NONE@RightArm@HumanoidUpperBody,LA,body1,body1._________11@LeftArm@HumanoidUpperBody,-87.0
RA,2,-,body4,body4.________11@RightArm@HumanoidUpperBody,LA,body2,body2.어깨_Roll_연결부_260511_Left_URDF@LeftArm@HumanoidUpperBody,-87.0
RA,2,-,body4,body4.________11@RightArm@HumanoidUpperBody,LA,body2,body2.어깨_Roll_베어링_연결부_260423_URDF@LeftArm@HumanoidUpperBody,-87.0
RA,2,-,body3,body3.어깨_팔꿈치_연결부_샤프트_260413_URDF2@RightArm@HumanoidUpperBody,HumanoidUpperBody,base,base.C1_Body_Part21_수정본@HumanoidUpperBody,-88.0
RA,2,-,body3,body3.어깨_팔꿈치_연결부_샤프트_260413_URDF3@RightArm@HumanoidUpperBody,HumanoidUpperBody,base,base.C1_Body_Part21_수정본@HumanoidUpperBody,-88.0
RA,2,-,body5,body5.손목_Roll_회전부2_260409_v2_URDF@RightArm@HumanoidUpperBody,LA,body1,body1.____mm_______1@LeftArm@HumanoidUpperBody,-88.0
RA,2,-,body3,body3.NONE@RightArm@HumanoidUpperBody,HumanoidUpperBody,base,base.C3_CDST001801@HumanoidUpperBody,-88.0
RA,2,-,body5,body5.손목_Roll_회전부3_260409_v2_URDF@RightArm@HumanoidUpperBody,LA,body1,body1.베어링_6809_URDF@LeftArm@HumanoidUpperBody,-88.0
RA,2,-,body5,body5.손목_Roll_회전부3_260409_v2_URDF@RightArm@HumanoidUpperBody,LA,body1,body1.어깨_Pitch_고정연결부_260511_B_Left_URDF@LeftArm@HumanoidUpperBody,-88.0
RA,2,-,body5,body5.손목_Roll_회전부3_260409_v2_URDF@RightArm@HumanoidUpperBody,LA,body1,body1.어깨_Pitch_고정연결부_260511_B_Left_URDF1@LeftArm@HumanoidUpperBody,-88.0
RA,2,-,body5,body5.손목_Roll_회전부3_260409_v2_URDF@RightArm@HumanoidUpperBody,LA,body1,body1._________46@LeftArm@HumanoidUpperBody,-88.0
RA,2,-,body5,body5.손목_Roll_회전부3_260409_v2_URDF@RightArm@HumanoidUpperBody,LA,body1,body1.____2@LeftArm@HumanoidUpperBody,-88.0
RA,2,-,body5,body5.손목_Roll_회전부2_260409_v2_URDF@RightArm@HumanoidUpperBody,LA,body1,body1.어깨_Pitch_고정연결부_260511_A_Left_URDF@LeftArm@HumanoidUpperBody,-88.0
RA,2,-,body5,body5.손목_Roll_회전부2_260409_v2_URDF@RightArm@HumanoidUpperBody,LA,body1,body1.________2@LeftArm@HumanoidUpperBody,-88.0
RA,2,-,body3,body3.어깨_Yaw_팔꿈치_연결부_B_260423_URDF@RightArm@HumanoidUpperBody,HumanoidUpperBody,base,base.C1_Body_Part02_260515@HumanoidUpperBody,-88.0
RA,2,-,body3,body3.NONE@RightArm@HumanoidUpperBody,HumanoidUpperBody,base,base.C2_SenkschraubeDIN7991_25x6x045@HumanoidUpperBody,-88.0
RA,2,-,body5,body5.손목_Yaw_01_URDF@RightArm@HumanoidUpperBody,LA,body2,body2.어깨_Roll_연결부_260511_Left_URDF@LeftArm@HumanoidUpperBody,-88.0
RA,2,-,body5,body5.________11@RightArm@HumanoidUpperBody,LA,body2,body2.어깨_Roll_연결부_260511_Left_URDF@LeftArm@HumanoidUpperBody,-88.0
RA,2,-,body5,body5.________11@RightArm@HumanoidUpperBody,LA,body2,body2.어깨_Roll_베어링_연결부_260423_URDF@LeftArm@HumanoidUpperBody,-88.0
RA,2,-,body3,body3.팔꿈치_스토퍼_260424_URDF@RightArm@HumanoidUpperBody,HumanoidUpperBody,base,base.C3_GewindestiftDIN914_3x6x051@HumanoidUpperBody,-88.0
RA,2,-,body4,body4.팔꿈치_손목_연결부_샤프트_260413_URDF3@RightArm@HumanoidUpperBody,LA,body1,body1._________11@LeftArm@HumanoidUpperBody,-88.0
RA,2,-,body3,body3.어깨_팔꿈치_연결부_샤프트_260413_URDF2@RightArm@HumanoidUpperBody,HumanoidUpperBody,base,base.C1_FWR50F_00_BFWR_F_B_GEH@HumanoidUpperBody,-89.0
RA,2,-,body3,body3.어깨_팔꿈치_연결부_샤프트_260413_URDF3@RightArm@HumanoidUpperBody,HumanoidUpperBody,base,base.C1_FWR50F_00_BFWR_F_B_GEH@HumanoidUpperBody,-89.0
RA,2,-,body5,body5.________11@RightArm@HumanoidUpperBody,LA,body1,body1._________12@LeftArm@HumanoidUpperBody,-89.0
RA,2,-,body4,body4.손목_Roll_체결부_260415_v2_URDF@RightArm@HumanoidUpperBody,LA,body1,body1._________4@LeftArm@HumanoidUpperBody,-89.0
RA,2,-,body4,body4.NONE@RightArm@HumanoidUpperBody,LA,body1,body1._________4@LeftArm@HumanoidUpperBody,-89.0
RA,2,-,body4,body4.손목_Roll_체결부_260415_v2_URDF@RightArm@HumanoidUpperBody,LA,body1,body1.____3@LeftArm@HumanoidUpperBody,-89.0
RA,2,-,body4,body4.NONE@RightArm@HumanoidUpperBody,LA,body1,body1.____2@LeftArm@HumanoidUpperBody,-89.0
RA,2,-,body4,body4.NONE@RightArm@HumanoidUpperBody,LA,body1,body1.____3@LeftArm@HumanoidUpperBody,-89.0
RA,2,-,body4,body4.NONE@RightArm@HumanoidUpperBody,LA,body1,body1.어깨_Pitch_고정연결부_260511_B_Left_URDF@LeftArm@HumanoidUpperBody,-89.0
RA,2,-,body4,body4.NONE@RightArm@HumanoidUpperBody,LA,body1,body1.어깨_Pitch_고정연결부_260511_A_Left_URDF@LeftArm@HumanoidUpperBody,-89.0
RA,2,-,body4,body4.NONE@RightArm@HumanoidUpperBody,LA,body1,body1._________46@LeftArm@HumanoidUpperBody,-89.0
RA,2,-,body4,body4.________11@RightArm@HumanoidUpperBody,LA,body0,body0._________12@LeftArm@HumanoidUpperBody,-89.0
RA,2,-,body3,body3.팔꿈치_끝단베어링_체결부_260417_URDF@RightArm@HumanoidUpperBody,HumanoidUpperBody,base,base.C3_GewindestiftDIN914_3x6x051@HumanoidUpperBody,-89.0
RA,2,-,body5,body5.NONE@RightArm@HumanoidUpperBody,LA,body2,body2.어깨_Roll_베어링_연결부_260423_URDF@LeftArm@HumanoidUpperBody,-89.0
RA,2,-,body5,body5.손목_Roll_회전부_260409_v2_URDF@RightArm@HumanoidUpperBody,LA,body2,body2.어깨_Roll_베어링_연결부_260423_URDF@LeftArm@HumanoidUpperBody,-89.0
RA,2,-,body4,body4.팔꿈치_Pitch_회전부_260427_URDF@RightArm@HumanoidUpperBody,HumanoidUpperBody,base,base.C1_Body_Part19_260515@HumanoidUpperBody,-89.0
RA,2,-,body4,body4.팔꿈치_손목_연결부_샤프트_260413_URDF1@RightArm@HumanoidUpperBody,LA,body1,body1._________4@LeftArm@HumanoidUpperBody,-89.0
RA,2,-,body4,body4.팔꿈치_손목_연결부_샤프트_260413_URDF3@RightArm@HumanoidUpperBody,LA,body1,body1._________4@LeftArm@HumanoidUpperBody,-89.0
RA,2,-,body4,body4.팔꿈치_손목_연결부_샤프트_260413_URDF3@RightArm@HumanoidUpperBody,LA,body1,body1.____3@LeftArm@HumanoidUpperBody,-89.0
RA,2,-,body6_1,body6_1.C1_손목_Yaw_링크_260511_Left_URDF@RightArm@HumanoidUpperBody,LA,body3,body3._________11@LeftArm@HumanoidUpperBody,-89.0
RA,2,-,body3,body3.어깨_팔꿈치_연결부_260416_URDF@RightArm@HumanoidUpperBody,HumanoidUpperBody,base,base.C1_________8@HumanoidUpperBody,-90.0
RA,2,-,body3,body3.팔꿈치_끝단베어링_체결부_260417_URDF@RightArm@HumanoidUpperBody,HumanoidUpperBody,base,base.C1_Body_Part02_260515@HumanoidUpperBody,-90.0
RA,2,-,body3,body3.어깨_Yaw_팔꿈치_연결부_260423_URDF@RightArm@HumanoidUpperBody,HumanoidUpperBody,base,base.C3_CDST00180@HumanoidUpperBody,-90.0
RA,2,-,body4,body4.손목_Roll_체결부_260415_v2_URDF@RightArm@HumanoidUpperBody,LA,body1,body1.어깨_Pitch_고정연결부_260511_B_Left_URDF@LeftArm@HumanoidUpperBody,-90.0
RA,2,-,body4,body4.손목_Roll_체결부_260415_v2_URDF@RightArm@HumanoidUpperBody,LA,body1,body1.어깨_Pitch_고정연결부_260511_A_Left_URDF@LeftArm@HumanoidUpperBody,-90.0
RA,2,-,body4,body4.손목_Roll_체결부_260415_v2_URDF@RightArm@HumanoidUpperBody,LA,body1,body1._________46@LeftArm@HumanoidUpperBody,-90.0
RA,2,-,body4,body4.손목_Roll_체결부_260415_v2_URDF@RightArm@HumanoidUpperBody,LA,body1,body1.____2@LeftArm@HumanoidUpperBody,-90.0
RA,2,-,body4,body4.손목_Roll_체결부_260415_v2_URDF@RightArm@HumanoidUpperBody,LA,body1,body1.____mm_______1@LeftArm@HumanoidUpperBody,-90.0
RA,2,-,body4,body4.NONE@RightArm@HumanoidUpperBody,LA,body1,body1.____mm_______1@LeftArm@HumanoidUpperBody,-90.0
RA,2,-,body4,body4.손목_Roll_체결부_260415_v2_URDF@RightArm@HumanoidUpperBody,LA,body1,body1.베어링_6809_URDF@LeftArm@HumanoidUpperBody,-90.0
RA,2,-,body4,body4.손목_Roll_체결부_260415_v2_URDF@RightArm@HumanoidUpperBody,LA,body1,body1.어깨_Pitch_고정연결부_260511_B_Left_URDF1@LeftArm@HumanoidUpperBody,-90.0
RA,2,-,body4,body4.손목_Roll_체결부_260415_v2_URDF@RightArm@HumanoidUpperBody,LA,body1,body1.________2@LeftArm@HumanoidUpperBody,-90.0
RA,2,-,body4,body4.NONE@RightArm@HumanoidUpperBody,LA,body1,body1.베어링_6809_URDF@LeftArm@HumanoidUpperBody,-90.0
RA,2,-,body4,body4.NONE@RightArm@HumanoidUpperBody,LA,body1,body1.어깨_Pitch_고정연결부_260511_B_Left_URDF1@LeftArm@HumanoidUpperBody,-90.0
RA,2,-,body4,body4.NONE@RightArm@HumanoidUpperBody,LA,body1,body1.________2@LeftArm@HumanoidUpperBody,-90.0
RA,2,-,body4,body4.________11@RightArm@HumanoidUpperBody,LA,body1,body1._________4@LeftArm@HumanoidUpperBody,-90.0
RA,2,-,body4,body4.________11@RightArm@HumanoidUpperBody,LA,body1,body1.____3@LeftArm@HumanoidUpperBody,-90.0
RA,2,-,body3,body3.어깨_팔꿈치_연결부_샤프트_260413_URDF2@RightArm@HumanoidUpperBody,HumanoidUpperBody,base,base.C1_FWR50L_00_B_0FWR_F_B_GEH@HumanoidUpperBody,-90.0
RA,2,-,body3,body3.어깨_팔꿈치_연결부_샤프트_260413_URDF3@RightArm@HumanoidUpperBody,HumanoidUpperBody,base,base.C1_FWR50L_00_B_0FWR_F_B_GEH@HumanoidUpperBody,-90.0
RA,2,-,body6_2,body6_2.C1_손목_Yaw_회전부_260420@RightArm@HumanoidUpperBody,LA,body2,body2.어깨_Roll_베어링_연결부_260423_URDF@LeftArm@HumanoidUpperBody,-90.0
RA,2,-,body5,body5.손목_Roll_회전부_260409_v2_URDF@RightArm@HumanoidUpperBody,LA,body2,body2.어깨_Roll_연결부_260511_Left_URDF@LeftArm@HumanoidUpperBody,-90.0
RA,2,-,body5,body5.손목_샤프트_260408_URDF1@RightArm@HumanoidUpperBody,LA,body2,body2.어깨_Roll_베어링_연결부_260423_URDF@LeftArm@HumanoidUpperBody,-90.0
RA,2,-,body4,body4.팔꿈치_손목_연결부_샤프트_260413_URDF1@RightArm@HumanoidUpperBody,LA,body1,body1.어깨_Pitch_고정연결부_260511_B_Left_URDF@LeftArm@HumanoidUpperBody,-90.0
RA,2,-,body4,body4.팔꿈치_손목_연결부_샤프트_260413_URDF1@RightArm@HumanoidUpperBody,LA,body1,body1.어깨_Pitch_고정연결부_260511_B_Left_URDF1@LeftArm@HumanoidUpperBody,-90.0
RA,2,-,body4,body4.팔꿈치_손목_연결부_샤프트_260413_URDF1@RightArm@HumanoidUpperBody,LA,body1,body1._________46@LeftArm@HumanoidUpperBody,-90.0
RA,2,-,body4,body4.팔꿈치_손목_연결부_샤프트_260413_URDF1@RightArm@HumanoidUpperBody,LA,body1,body1.____2@LeftArm@HumanoidUpperBody,-90.0
RA,2,-,body4,body4.팔꿈치_손목_연결부_샤프트_260413_URDF3@RightArm@HumanoidUpperBody,LA,body1,body1.어깨_Pitch_고정연결부_260511_A_Left_URDF@LeftArm@HumanoidUpperBody,-90.0
RA,2,-,body4,body4.팔꿈치_손목_연결부_샤프트_260413_URDF3@RightArm@HumanoidUpperBody,LA,body1,body1.________2@LeftArm@HumanoidUpperBody,-90.0
RA,2,-,body4,body4.팔꿈치_손목_연결부_샤프트_260413_URDF3@RightArm@HumanoidUpperBody,LA,body1,body1.____mm_______1@LeftArm@HumanoidUpperBody,-90.0
RA,2,-,body3,body3.팔꿈치_스토퍼_260424_URDF@RightArm@HumanoidUpperBody,HumanoidUpperBody,base,base.C3_GewindestiftDIN914_3x6x05@HumanoidUpperBody,-90.0
RA,2,-,body3,body3._________46@RightArm@HumanoidUpperBody,HumanoidUpperBody,base,base.C1_Body_Part02_260515@HumanoidUpperBody,-91.0
RA,2,-,body3,body3.____2@RightArm@HumanoidUpperBody,HumanoidUpperBody,base,base.C1_Body_Part02_260515@HumanoidUpperBody,-91.0
RA,2,-,body3,body3._________4@RightArm@HumanoidUpperBody,HumanoidUpperBody,base,base.C1_Body_Part02_260515@HumanoidUpperBody,-91.0
RA,2,-,body5,body5.손목_Roll_회전부2_260409_v2_URDF@RightArm@HumanoidUpperBody,LA,body1,body1._________1@LeftArm@HumanoidUpperBody,-91.0
RA,2,-,body3,body3.NONE@RightArm@HumanoidUpperBody,HumanoidUpperBody,base,base.C3_GewindestiftDIN914_3x6x051@HumanoidUpperBody,-91.0
RA,2,-,body5,body5.손목_Yaw_01_URDF@RightArm@HumanoidUpperBody,LA,body1,body1._________4@LeftArm@HumanoidUpperBody,-91.0
RA,2,-,body5,body5.손목_Yaw_01_URDF@RightArm@HumanoidUpperBody,LA,body1,body1.____3@LeftArm@HumanoidUpperBody,-91.0
RA,2,-,body5,body5.________11@RightArm@HumanoidUpperBody,LA,body1,body1._________4@LeftArm@HumanoidUpperBody,-91.0
RA,2,-,body5,body5.________11@RightArm@HumanoidUpperBody,LA,body1,body1.____3@LeftArm@HumanoidUpperBody,-91.0
RA,2,-,body5,body5.손목_Roll_회전부_260409_v2_URDF@RightArm@HumanoidUpperBody,LA,body1,body1._________12@LeftArm@HumanoidUpperBody,-91.0
RA,2,-,body3,body3.베어링_6708U_H_URDF@RightArm@HumanoidUpperBody,HumanoidUpperBody,base,base.C1_Body_Part02_260515@HumanoidUpperBody,-91.0
RA,2,-,body3,body3.팔꿈치_끝단베어링_체결부_260417_URDF@RightArm@HumanoidUpperBody,HumanoidUpperBody,base,base.C3_GewindestiftDIN914_3x6x05@HumanoidUpperBody,-91.0
RA,2,-,body5,body5.손목_Yaw_01_URDF@RightArm@HumanoidUpperBody,LA,body1,body1.____mm_______1@LeftArm@HumanoidUpperBody,-91.0
RA,2,-,body4,body4.________11@RightArm@HumanoidUpperBody,LA,body1,body1.어깨_Pitch_고정연결부_260511_B_Left_URDF@LeftArm@HumanoidUpperBody,-91.0
RA,2,-,body4,body4.________11@RightArm@HumanoidUpperBody,LA,body1,body1.어깨_Pitch_고정연결부_260511_A_Left_URDF@LeftArm@HumanoidUpperBody,-91.0
RA,2,-,body4,body4.________11@RightArm@HumanoidUpperBody,LA,body1,body1._________46@LeftArm@HumanoidUpperBody,-91.0
RA,2,-,body4,body4.________11@RightArm@HumanoidUpperBody,LA,body1,body1.____2@LeftArm@HumanoidUpperBody,-91.0
RA,2,-,body4,body4.________11@RightArm@HumanoidUpperBody,LA,body1,body1.________2@LeftArm@HumanoidUpperBody,-91.0
RA,2,-,body4,body4.________11@RightArm@HumanoidUpperBody,LA,body1,body1.____mm_______1@LeftArm@HumanoidUpperBody,-91.0
RA,2,-,body5,body5.손목_Roll_회전부_260409_v2_URDF@RightArm@HumanoidUpperBody,LA,body1,body1._________11@LeftArm@HumanoidUpperBody,-91.0
RA,2,-,body4,body4.팔꿈치_Pitch_회전부2_260427_URDF@RightArm@HumanoidUpperBody,HumanoidUpperBody,base,base.C2_GewindestiftDIN913_4x4x07@HumanoidUpperBody,-91.0
RA,2,-,body5,body5.손목_샤프트_260408_URDF1@RightArm@HumanoidUpperBody,LA,body2,body2.어깨_Roll_연결부_260511_Left_URDF@LeftArm@HumanoidUpperBody,-91.0
RA,2,-,body4,body4.팔꿈치_손목_연결부_샤프트_260413_URDF1@RightArm@HumanoidUpperBody,LA,body1,body1.베어링_6809_URDF@LeftArm@HumanoidUpperBody,-91.0
RA,2,-,body2,body2.어깨_Roll베어링_고정파트_URDF기본@RightArm@HumanoidUpperBody,RA,body1,body1.____2@RightArm@HumanoidUpperBody,-92.0
RA,2,-,body2,body2.어깨_Roll베어링_고정파트_URDF기본@RightArm@HumanoidUpperBody,RA,body1,body1.____mm_______1@RightArm@HumanoidUpperBody,-92.0
RA,2,-,body3,body3.어깨_팔꿈치_연결부_260416_URDF@RightArm@HumanoidUpperBody,HumanoidUpperBody,base,base.C1_________5@HumanoidUpperBody,-92.0
RA,2,-,body4,body4.팔꿈치_Pitch_회전부_260427_URDF@RightArm@HumanoidUpperBody,HumanoidUpperBody,base,base.C2_Body_Part21_수정본@HumanoidUpperBody,-92.0
RA,2,-,body4,body4.팔꿈치_Pitch_회전부_260427_URDF@RightArm@HumanoidUpperBody,LA,body0,body0.어깨_Pitch_고정부_B_Left_260529_URDF@LeftArm@HumanoidUpperBody,-92.0
RA,2,-,body3,body3.어깨_Yaw_팔꿈치_연결부_260423_URDF@RightArm@HumanoidUpperBody,HumanoidUpperBody,base,base.C2_ImportedSolid_143759_halter@HumanoidUpperBody,-92.0
RA,2,-,body4,body4.팔꿈치_손목_연결부_샤프트_260413_URDF@RightArm@HumanoidUpperBody,LA,body0,body0.어깨_Pitch_고정부_A_Left_260511_URDF@LeftArm@HumanoidUpperBody,-92.0
RA,2,-,body4,body4.팔꿈치_손목_연결부_샤프트_260413_URDF@RightArm@HumanoidUpperBody,LA,body0,body0._________4@LeftArm@HumanoidUpperBody,-92.0
RA,2,-,body4,body4.팔꿈치_손목_연결부_샤프트_260413_URDF@RightArm@HumanoidUpperBody,LA,body0,body0.________2@LeftArm@HumanoidUpperBody,-92.0
RA,2,-,body4,body4.팔꿈치_손목_연결부_샤프트_260413_URDF@RightArm@HumanoidUpperBody,LA,body0,body0.____3@LeftArm@HumanoidUpperBody,-92.0
RA,2,-,body4,body4.팔꿈치_손목_연결부_샤프트_260413_URDF2@RightArm@HumanoidUpperBody,LA,body0,body0.어깨_Pitch_고정부_A_Left_260511_URDF@LeftArm@HumanoidUpperBody,-92.0
RA,2,-,body4,body4.팔꿈치_손목_연결부_샤프트_260413_URDF2@RightArm@HumanoidUpperBody,LA,body0,body0._________4@LeftArm@HumanoidUpperBody,-92.0
RA,2,-,body4,body4.팔꿈치_손목_연결부_샤프트_260413_URDF2@RightArm@HumanoidUpperBody,LA,body0,body0.________2@LeftArm@HumanoidUpperBody,-92.0
RA,2,-,body4,body4.팔꿈치_손목_연결부_샤프트_260413_URDF2@RightArm@HumanoidUpperBody,LA,body0,body0.____3@LeftArm@HumanoidUpperBody,-92.0
RA,2,-,body3,body3.NONE@RightArm@HumanoidUpperBody,HumanoidUpperBody,base,base.C3_GewindestiftDIN914_3x6x05@HumanoidUpperBody,-92.0
RA,2,-,body3,body3.________11@RightArm@HumanoidUpperBody,HumanoidUpperBody,base,base.C2_SenkschraubeDIN7991_25x6x045@HumanoidUpperBody,-92.0
RA,2,-,body5,body5.손목_Yaw_01_URDF@RightArm@HumanoidUpperBody,LA,body1,body1.어깨_Pitch_고정연결부_260511_A_Left_URDF@LeftArm@HumanoidUpperBody,-92.0
RA,2,-,body5,body5.손목_Yaw_01_URDF@RightArm@HumanoidUpperBody,LA,body1,body1._________46@LeftArm@HumanoidUpperBody,-92.0
RA,2,-,body5,body5.손목_Yaw_01_URDF@RightArm@HumanoidUpperBody,LA,body1,body1.________2@LeftArm@HumanoidUpperBody,-92.0
RA,2,-,body5,body5.________11@RightArm@HumanoidUpperBody,LA,body1,body1.베어링_6809_URDF@LeftArm@HumanoidUpperBody,-92.0
RA,2,-,body5,body5.________11@RightArm@HumanoidUpperBody,LA,body1,body1.어깨_Pitch_고정연결부_260511_B_Left_URDF@LeftArm@HumanoidUpperBody,-92.0
RA,2,-,body5,body5.________11@RightArm@HumanoidUpperBody,LA,body1,body1.어깨_Pitch_고정연결부_260511_B_Left_URDF1@LeftArm@HumanoidUpperBody,-92.0
RA,2,-,body5,body5.________11@RightArm@HumanoidUpperBody,LA,body1,body1.어깨_Pitch_고정연결부_260511_A_Left_URDF@LeftArm@HumanoidUpperBody,-92.0
RA,2,-,body5,body5.________11@RightArm@HumanoidUpperBody,LA,body1,body1._________46@LeftArm@HumanoidUpperBody,-92.0
RA,2,-,body5,body5.________11@RightArm@HumanoidUpperBody,LA,body1,body1.____2@LeftArm@HumanoidUpperBody,-92.0
RA,2,-,body5,body5.________11@RightArm@HumanoidUpperBody,LA,body1,body1.________2@LeftArm@HumanoidUpperBody,-92.0
RA,2,-,body5,body5.________11@RightArm@HumanoidUpperBody,LA,body1,body1.____mm_______1@LeftArm@HumanoidUpperBody,-92.0
RA,2,-,body5,body5.NONE@RightArm@HumanoidUpperBody,LA,body1,body1._________4@LeftArm@HumanoidUpperBody,-92.0
RA,2,-,body4,body4.________11@RightArm@HumanoidUpperBody,LA,body1,body1.베어링_6809_URDF@LeftArm@HumanoidUpperBody,-92.0
RA,2,-,body4,body4.________11@RightArm@HumanoidUpperBody,LA,body1,body1.어깨_Pitch_고정연결부_260511_B_Left_URDF1@LeftArm@HumanoidUpperBody,-92.0
RA,2,-,body3,body3.어깨_팔꿈치_연결부_샤프트_260413_URDF@RightArm@HumanoidUpperBody,HumanoidUpperBody,base,base.C1_Body_Part02_260515@HumanoidUpperBody,-92.0
RA,2,-,body3,body3.어깨_팔꿈치_연결부_샤프트_260413_URDF1@RightArm@HumanoidUpperBody,HumanoidUpperBody,base,base.C1_Body_Part02_260515@HumanoidUpperBody,-92.0
RA,2,-,body2,body2.어깨_Roll베어링_고정파트_URDF기본@RightArm@HumanoidUpperBody,RA,body1,body1._________46@RightArm@HumanoidUpperBody,-93.0
RA,2,-,body3,body3.어깨_팔꿈치_연결부_260416_URDF@RightArm@HumanoidUpperBody,HumanoidUpperBody,base,base.C1_Body_Part03@HumanoidUpperBody,-93.0
RA,2,-,body3,body3.어깨_팔꿈치_연결부_260416_URDF@RightArm@HumanoidUpperBody,HumanoidUpperBody,base,base.C1_Body_Part02_260515@HumanoidUpperBody,-93.0
RA,2,-,body3,body3.어깨_팔꿈치_연결부_260416_URDF@RightArm@HumanoidUpperBody,HumanoidUpperBody,base,base.C1_________3@HumanoidUpperBody,-93.0
RA,2,-,body3,body3.어깨_팔꿈치_연결부_260416_URDF@RightArm@HumanoidUpperBody,HumanoidUpperBody,base,base.C1_M2_______2@HumanoidUpperBody,-93.0
RA,2,-,body4,body4.팔꿈치_Pitch_회전부_260427_URDF@RightArm@HumanoidUpperBody,HumanoidUpperBody,base,base.C2_FWR50F_00_BFWR_F_B_GEH@HumanoidUpperBody,-93.0
RA,2,-,body4,body4.팔꿈치_Pitch_회전부_260427_URDF@RightArm@HumanoidUpperBody,LA,body0,body0.____2@LeftArm@HumanoidUpperBody,-93.0
RA,2,-,body4,body4.팔꿈치_Pitch_회전부_260427_URDF@RightArm@HumanoidUpperBody,LA,body0,body0._________46@LeftArm@HumanoidUpperBody,-93.0
RA,2,-,body4,body4.팔꿈치_Pitch_회전부_260427_URDF@RightArm@HumanoidUpperBody,LA,body0,body0._________4@LeftArm@HumanoidUpperBody,-93.0
RA,2,-,body3,body3.NONE@RightArm@HumanoidUpperBody,HumanoidUpperBody,base,base.C2_GewindestiftDIN913_4x4x07@HumanoidUpperBody,-93.0
RA,2,-,body4,body4.팔꿈치_손목_연결부_샤프트_260413_URDF@RightArm@HumanoidUpperBody,LA,body1,body1.어깨_Pitch_회전부_260423_Right_어깨양단지지_URDF@LeftArm@HumanoidUpperBody,-93.0
RA,2,-,body4,body4.팔꿈치_손목_연결부_샤프트_260413_URDF2@RightArm@HumanoidUpperBody,LA,body1,body1.어깨_Pitch_회전부_260423_Right_어깨양단지지_URDF@LeftArm@HumanoidUpperBody,-93.0
RA,2,-,body6_2,body6_2.C1_손목_Yaw_회전부_260420@RightArm@HumanoidUpperBody,LA,body1,body1._________4@LeftArm@HumanoidUpperBody,-93.0
RA,2,-,body5,body5.손목_샤프트_260408_URDF1@RightArm@HumanoidUpperBody,LA,body1,body1.어깨_Roll모터_고정막대_260423_URDF@LeftArm@HumanoidUpperBody,-93.0
RA,2,-,body5,body5.NONE@RightArm@HumanoidUpperBody,LA,body1,body1.베어링_6809_URDF@LeftArm@HumanoidUpperBody,-93.0
RA,2,-,body5,body5.NONE@RightArm@HumanoidUpperBody,LA,body1,body1.어깨_Pitch_고정연결부_260511_B_Left_URDF@LeftArm@HumanoidUpperBody,-93.0
RA,2,-,body5,body5.NONE@RightArm@HumanoidUpperBody,LA,body1,body1.어깨_Pitch_고정연결부_260511_B_Left_URDF1@LeftArm@HumanoidUpperBody,-93.0
RA,2,-,body5,body5.NONE@RightArm@HumanoidUpperBody,LA,body1,body1._________46@LeftArm@HumanoidUpperBody,-93.0
RA,2,-,body5,body5.NONE@RightArm@HumanoidUpperBody,LA,body1,body1.____2@LeftArm@HumanoidUpperBody,-93.0
RA,2,-,body5,body5.손목_Roll_회전부_260409_v2_URDF@RightArm@HumanoidUpperBody,LA,body1,body1._________4@LeftArm@HumanoidUpperBody,-93.0
RA,2,-,body5,body5.손목_Roll_회전부_260409_v2_URDF@RightArm@HumanoidUpperBody,LA,body1,body1.____3@LeftArm@HumanoidUpperBody,-93.0
RA,2,-,body5,body5.손목_샤프트_260408_URDF1@RightArm@HumanoidUpperBody,LA,body1,body1._________4@LeftArm@HumanoidUpperBody,-93.0
RA,2,-,body5,body5.손목_샤프트_260408_URDF1@RightArm@HumanoidUpperBody,LA,body1,body1.____3@LeftArm@HumanoidUpperBody,-93.0
RA,2,-,body5,body5.손목_샤프트_260408_URDF@RightArm@HumanoidUpperBody,LA,body2,body2.어깨_Roll_베어링_연결부_260423_URDF@LeftArm@HumanoidUpperBody,-93.0
RA,2,-,body5,body5.손목_샤프트_260408_URDF@RightArm@HumanoidUpperBody,LA,body2,body2.어깨_Roll_연결부_260511_Left_URDF@LeftArm@HumanoidUpperBody,-93.0
RA,2,-,body2,body2.어깨_Roll베어링_고정파트_URDF기본@RightArm@HumanoidUpperBody,RA,body1,body1.어깨_Pitch_고정연결부_260423_Right_어깨양단지지_B_URDF@RightArm@HumanoidUpperBody,-94.0
RA,2,-,body2,body2.어깨_Roll베어링_고정파트_URDF기본@RightArm@HumanoidUpperBody,RA,body1,body1.어깨_Pitch_고정연결부_260423_A_URDF@RightArm@HumanoidUpperBody,-94.0
RA,2,-,body3,body3.____2@RightArm@HumanoidUpperBody,HumanoidUpperBody,base,base.C1_Head_Part08@HumanoidUpperBody,-94.0
RA,2,-,body4,body4.팔꿈치_Pitch_회전부_260427_URDF@RightArm@HumanoidUpperBody,HumanoidUpperBody,base,base.C2_FWR50L_00_B_0FWR_F_B_GEH@HumanoidUpperBody,-94.0
RA,2,-,body4,body4.팔꿈치_손목_연결부_샤프트_260413_URDF@RightArm@HumanoidUpperBody,LA,body0,body0.____mm_______1@LeftArm@HumanoidUpperBody,-94.0
RA,2,-,body4,body4.팔꿈치_손목_연결부_샤프트_260413_URDF2@RightArm@HumanoidUpperBody,LA,body0,body0.____mm_______1@LeftArm@HumanoidUpperBody,-94.0
RA,2,-,body3,body3.어깨_Yaw_팔꿈치_연결부_260423_URDF@RightArm@HumanoidUpperBody,HumanoidUpperBody,base,base.C3_CDST001801@HumanoidUpperBody,-94.0
RA,2,-,body3,body3.어깨_Yaw_팔꿈치_연결부_260423_URDF@RightArm@HumanoidUpperBody,HumanoidUpperBody,base,base.C2_SenkschraubeDIN7991_25x6x045@HumanoidUpperBody,-94.0
RA,2,-,body6_2,body6_2.C1_손목_Yaw_회전부_260420@RightArm@HumanoidUpperBody,LA,body1,body1.어깨_Pitch_고정연결부_260511_B_Left_URDF@LeftArm@HumanoidUpperBody,-94.0
RA,2,-,body6_2,body6_2.C1_손목_Yaw_회전부_260420@RightArm@HumanoidUpperBody,LA,body1,body1._________46@LeftArm@HumanoidUpperBody,-94.0
RA,2,-,body6_2,body6_2.C1_손목_Yaw_회전부_260420@RightArm@HumanoidUpperBody,LA,body1,body1.____2@LeftArm@HumanoidUpperBody,-94.0
RA,2,-,body6_2,body6_2.C1_손목_Yaw_회전부_260420@RightArm@HumanoidUpperBody,LA,body1,body1.베어링_6809_URDF@LeftArm@HumanoidUpperBody,-94.0
RA,2,-,body6_2,body6_2.C1_손목_Yaw_회전부_260420@RightArm@HumanoidUpperBody,LA,body1,body1.어깨_Pitch_고정연결부_260511_B_Left_URDF1@LeftArm@HumanoidUpperBody,-94.0
RA,2,-,body5,body5.손목_Roll_회전부_260409_v2_URDF@RightArm@HumanoidUpperBody,LA,body1,body1.베어링_6809_URDF@LeftArm@HumanoidUpperBody,-94.0
RA,2,-,body5,body5.손목_Roll_회전부_260409_v2_URDF@RightArm@HumanoidUpperBody,LA,body1,body1.어깨_Pitch_고정연결부_260511_B_Left_URDF@LeftArm@HumanoidUpperBody,-94.0
RA,2,-,body5,body5.손목_Roll_회전부_260409_v2_URDF@RightArm@HumanoidUpperBody,LA,body1,body1.어깨_Pitch_고정연결부_260511_B_Left_URDF1@LeftArm@HumanoidUpperBody,-94.0
RA,2,-,body5,body5.손목_Roll_회전부_260409_v2_URDF@RightArm@HumanoidUpperBody,LA,body1,body1.어깨_Pitch_고정연결부_260511_A_Left_URDF@LeftArm@HumanoidUpperBody,-94.0
RA,2,-,body5,body5.손목_Roll_회전부_260409_v2_URDF@RightArm@HumanoidUpperBody,LA,body1,body1._________46@LeftArm@HumanoidUpperBody,-94.0
RA,2,-,body5,body5.손목_Roll_회전부_260409_v2_URDF@RightArm@HumanoidUpperBody,LA,body1,body1.____2@LeftArm@HumanoidUpperBody,-94.0
RA,2,-,body5,body5.손목_Roll_회전부_260409_v2_URDF@RightArm@HumanoidUpperBody,LA,body1,body1.____mm_______1@LeftArm@HumanoidUpperBody,-94.0
RA,2,-,body4,body4.팔꿈치_손목_연결부_샤프트_260413_URDF@RightArm@HumanoidUpperBody,LA,body2,body2.어깨_Roll_연결부_260511_Left_URDF@LeftArm@HumanoidUpperBody,-94.0
RA,2,-,body4,body4.팔꿈치_Pitch_회전부2_260427_URDF@RightArm@HumanoidUpperBody,HumanoidUpperBody,base,base.C1_Body_Part02_260515@HumanoidUpperBody,-94.0
RA,2,-,body3,body3.팔꿈치_스토퍼_260424_URDF@RightArm@HumanoidUpperBody,HumanoidUpperBody,base,base.C1_Body_Part02_260515@HumanoidUpperBody,-94.0
RA,2,-,body5,body5.손목_샤프트_260408_URDF1@RightArm@HumanoidUpperBody,LA,body1,body1.____2@LeftArm@HumanoidUpperBody,-94.0
RA,2,-,body5,body5.손목_Roll_회전부_260409_v2_URDF@RightArm@HumanoidUpperBody,LA,body1,body1.________2@LeftArm@HumanoidUpperBody,-94.0
RA,2,-,body4,body4.팔꿈치_Pitch_회전부_260427_URDF@RightArm@HumanoidUpperBody,HumanoidUpperBody,base,base.C2_GewindestiftDIN913_4x4x071@HumanoidUpperBody,-94.0
RA,2,-,body4,body4.팔꿈치_손목_연결부_샤프트_260413_URDF2@RightArm@HumanoidUpperBody,LA,body2,body2.어깨_Roll_베어링_연결부_260423_URDF@LeftArm@HumanoidUpperBody,-94.0
RA,2,-,body5,body5.손목_샤프트_260408_URDF1@RightArm@HumanoidUpperBody,LA,body1,body1.어깨_Pitch_고정연결부_260511_B_Left_URDF@LeftArm@HumanoidUpperBody,-94.0
RA,2,-,body5,body5.손목_샤프트_260408_URDF1@RightArm@HumanoidUpperBody,LA,body1,body1.어깨_Pitch_고정연결부_260511_A_Left_URDF@LeftArm@HumanoidUpperBody,-94.0
RA,2,-,body5,body5.손목_샤프트_260408_URDF1@RightArm@HumanoidUpperBody,LA,body1,body1._________46@LeftArm@HumanoidUpperBody,-94.0
RA,2,-,body5,body5.손목_샤프트_260408_URDF1@RightArm@HumanoidUpperBody,LA,body1,body1.________2@LeftArm@HumanoidUpperBody,-94.0
RA,2,-,body3,body3.어깨_팔꿈치_연결부_260416_URDF@RightArm@HumanoidUpperBody,HumanoidUpperBody,base,base.C1_Head_Part08@HumanoidUpperBody,-95.0
RA,2,-,body4,body4.NONE@RightArm@HumanoidUpperBody,LA,body0,body0._________1@LeftArm@HumanoidUpperBody,-95.0
RA,2,-,body5,body5.손목_Yaw_01_URDF@RightArm@HumanoidUpperBody,LA,body1,body1._________1@LeftArm@HumanoidUpperBody,-95.0
RA,2,-,body6_1,body6_1.C1_손목_Yaw_링크_260511_Left_URDF@RightArm@HumanoidUpperBody,LA,body2,body2.어깨_Roll_베어링_연결부_260423_URDF@LeftArm@HumanoidUpperBody,-95.0
RA,2,-,body6_2,body6_2.C1_DBSY4_7_51@RightArm@HumanoidUpperBody,LA,body2,body2.어깨_Roll_베어링_연결부_260423_URDF@LeftArm@HumanoidUpperBody,-95.0
RA,2,-,body6_2,body6_2.C1_SWSPS12_6_101@RightArm@HumanoidUpperBody,LA,body2,body2.어깨_Roll_베어링_연결부_260423_URDF@LeftArm@HumanoidUpperBody,-95.0
RA,2,-,body6_2,body6_2.C1_SWSPS12_6_103@RightArm@HumanoidUpperBody,LA,body2,body2.어깨_Roll_베어링_연결부_260423_URDF@LeftArm@HumanoidUpperBody,-95.0
RA,2,-,body6_2,body6_2.C1_Body111@RightArm@HumanoidUpperBody,LA,body2,body2.어깨_Roll_베어링_연결부_260423_URDF@LeftArm@HumanoidUpperBody,-95.0
RA,2,-,body6_1,body6_1.C1_SWSPS12_6_101@RightArm@HumanoidUpperBody,LA,body2,body2.어깨_Roll_베어링_연결부_260423_URDF@LeftArm@HumanoidUpperBody,-95.0
RA,2,-,body6_1,body6_1.C1_SWSPS12_6_103@RightArm@HumanoidUpperBody,LA,body2,body2.어깨_Roll_베어링_연결부_260423_URDF@LeftArm@HumanoidUpperBody,-95.0
RA,2,-,body6_1,body6_1.C1_Body111@RightArm@HumanoidUpperBody,LA,body2,body2.어깨_Roll_베어링_연결부_260423_URDF@LeftArm@HumanoidUpperBody,-95.0
RA,2,-,body2,body2.어깨_Roll베어링_고정파트_URDF기본@RightArm@HumanoidUpperBody,RA,body1,body1.________2@RightArm@HumanoidUpperBody,-96.0
RA,2,-,body3,body3.NONE@RightArm@HumanoidUpperBody,HumanoidUpperBody,base,base.C1_Body_Part02_260515@HumanoidUpperBody,-96.0
RA,2,-,body3,body3.________11@RightArm@HumanoidUpperBody,HumanoidUpperBody,base,base.C2_GewindestiftDIN913_4x4x07@HumanoidUpperBody,-96.0
RA,2,-,body5,body5.손목_샤프트_260408_URDF@RightArm@HumanoidUpperBody,LA,body1,body1.어깨_Roll모터_고정막대_260423_URDF@LeftArm@HumanoidUpperBody,-96.0
RA,2,-,body5,body5.손목_샤프트_260408_URDF@RightArm@HumanoidUpperBody,LA,body1,body1._________4@LeftArm@HumanoidUpperBody,-96.0
RA,2,-,body5,body5.손목_샤프트_260408_URDF@RightArm@HumanoidUpperBody,LA,body1,body1.____3@LeftArm@HumanoidUpperBody,-96.0
RA,2,-,body3,body3.어깨_팔꿈치_연결부_샤프트_260413_URDF2@RightArm@HumanoidUpperBody,HumanoidUpperBody,base,base.C2_CDST001801@HumanoidUpperBody,-96.0
RA,2,-,body3,body3.어깨_팔꿈치_연결부_샤프트_260413_URDF3@RightArm@HumanoidUpperBody,HumanoidUpperBody,base,base.C2_CDST001801@HumanoidUpperBody,-96.0
RA,2,-,body5,body5.손목_샤프트_260408_URDF@RightArm@HumanoidUpperBody,LA,body1,body1._________46@LeftArm@HumanoidUpperBody,-96.0
RA,2,-,body5,body5.손목_샤프트_260408_URDF@RightArm@HumanoidUpperBody,LA,body1,body1.____2@LeftArm@HumanoidUpperBody,-96.0
RA,2,-,body4,body4.팔꿈치_손목_연결부_샤프트_260413_URDF@RightArm@HumanoidUpperBody,LA,body1,body1._________11@LeftArm@HumanoidUpperBody,-96.0
RA,2,-,body2,body2.어깨_Roll베어링_고정파트_URDF기본@RightArm@HumanoidUpperBody,RA,body1,body1.어깨_Pitch_고정연결부_260423_Right_어깨양단지지_B_URDF1@RightArm@HumanoidUpperBody,-97.0
RA,2,-,body3,body3.어깨_팔꿈치_연결부_260416_URDF@RightArm@HumanoidUpperBody,HumanoidUpperBody,base,base.C2_________8@HumanoidUpperBody,-97.0
RA,2,-,body3,body3.어깨_팔꿈치_연결부_260416_URDF@RightArm@HumanoidUpperBody,HumanoidUpperBody,base,base.C2_____11@HumanoidUpperBody,-97.0
RA,2,-,body3,body3.어깨_팔꿈치_연결부_260416_URDF@RightArm@HumanoidUpperBody,HumanoidUpperBody,base,base.C2_____1@HumanoidUpperBody,-97.0
RA,2,-,body3,body3.NONE@RightArm@HumanoidUpperBody,HumanoidUpperBody,base,base.C1_Head_Part08@HumanoidUpperBody,-97.0
RA,2,-,body4,body4.________11@RightArm@HumanoidUpperBody,LA,body0,body0._________1@LeftArm@HumanoidUpperBody,-97.0
RA,2,-,body4,body4.팔꿈치_Pitch_회전부_260427_URDF@RightArm@HumanoidUpperBody,HumanoidUpperBody,base,base.C3_CDST00180@HumanoidUpperBody,-97.0
RA,2,-,body4,body4.팔꿈치_손목_연결부_샤프트_260413_URDF@RightArm@HumanoidUpperBody,LA,body1,body1._________4@LeftArm@HumanoidUpperBody,-97.0
RA,2,-,body4,body4.팔꿈치_손목_연결부_샤프트_260413_URDF@RightArm@HumanoidUpperBody,LA,body1,body1.____3@LeftArm@HumanoidUpperBody,-97.0
RA,2,-,body4,body4.팔꿈치_손목_연결부_샤프트_260413_URDF2@RightArm@HumanoidUpperBody,LA,body1,body1._________4@LeftArm@HumanoidUpperBody,-97.0
RA,2,-,body3,body3.어깨_Yaw_팔꿈치_연결부_260423_URDF@RightArm@HumanoidUpperBody,HumanoidUpperBody,base,base.C2_GewindestiftDIN913_4x4x071@HumanoidUpperBody,-97.0
RA,2,-,body5,body5.손목_샤프트_260408_URDF@RightArm@HumanoidUpperBody,LA,body1,body1.어깨_Pitch_고정연결부_260511_B_Left_URDF@LeftArm@HumanoidUpperBody,-97.0
RA,2,-,body5,body5.손목_샤프트_260408_URDF@RightArm@HumanoidUpperBody,LA,body1,body1.어깨_Pitch_고정연결부_260511_A_Left_URDF@LeftArm@HumanoidUpperBody,-97.0
RA,2,-,body5,body5.손목_샤프트_260408_URDF@RightArm@HumanoidUpperBody,LA,body1,body1.________2@LeftArm@HumanoidUpperBody,-97.0
RA,2,-,body4,body4.팔꿈치_Pitch_회전부2_260427_URDF@RightArm@HumanoidUpperBody,HumanoidUpperBody,base,base.C1_Head_Part08@HumanoidUpperBody,-98.0
RA,2,-,body4,body4.팔꿈치_Pitch_회전부_260427_URDF@RightArm@HumanoidUpperBody,LA,body0,body0._________12@LeftArm@HumanoidUpperBody,-98.0
RA,2,-,body6_1,body6_1.C1_손목_Yaw_링크_260511_Left_URDF@RightArm@HumanoidUpperBody,LA,body1,body1._________4@LeftArm@HumanoidUpperBody,-98.0
RA,2,-,body6_2,body6_2.C1_DBSY4_7_51@RightArm@HumanoidUpperBody,LA,body1,body1._________4@LeftArm@HumanoidUpperBody,-98.0
RA,2,-,body6_2,body6_2.C1_SWSPS12_6_101@RightArm@HumanoidUpperBody,LA,body1,body1._________4@LeftArm@HumanoidUpperBody,-98.0
RA,2,-,body6_2,body6_2.C1_SWSPS12_6_103@RightArm@HumanoidUpperBody,LA,body1,body1._________4@LeftArm@HumanoidUpperBody,-98.0
RA,2,-,body6_2,body6_2.C1_Body111@RightArm@HumanoidUpperBody,LA,body1,body1._________4@LeftArm@HumanoidUpperBody,-98.0
RA,2,-,body6_1,body6_1.C1_SWSPS12_6_101@RightArm@HumanoidUpperBody,LA,body1,body1._________4@LeftArm@HumanoidUpperBody,-98.0
RA,2,-,body6_1,body6_1.C1_SWSPS12_6_103@RightArm@HumanoidUpperBody,LA,body1,body1._________4@LeftArm@HumanoidUpperBody,-98.0
RA,2,-,body6_1,body6_1.C1_Body111@RightArm@HumanoidUpperBody,LA,body1,body1._________4@LeftArm@HumanoidUpperBody,-98.0
RA,2,-,body6_2,body6_2.C1_SWSPS12_6_101@RightArm@HumanoidUpperBody,LA,body1,body1.____2@LeftArm@HumanoidUpperBody,-98.0
RA,2,-,body6_2,body6_2.C1_SWSPS12_6_103@RightArm@HumanoidUpperBody,LA,body1,body1.____2@LeftArm@HumanoidUpperBody,-98.0
RA,2,-,body4,body4.팔꿈치_손목_연결부_샤프트_260413_URDF@RightArm@HumanoidUpperBody,LA,body1,body1.어깨_Pitch_고정연결부_260511_A_Left_URDF@LeftArm@HumanoidUpperBody,-98.0
RA,2,-,body4,body4.팔꿈치_손목_연결부_샤프트_260413_URDF@RightArm@HumanoidUpperBody,LA,body1,body1.________2@LeftArm@HumanoidUpperBody,-98.0
RA,2,-,body4,body4.팔꿈치_손목_연결부_샤프트_260413_URDF@RightArm@HumanoidUpperBody,LA,body1,body1.____mm_______1@LeftArm@HumanoidUpperBody,-98.0
RA,2,-,body4,body4.팔꿈치_손목_연결부_샤프트_260413_URDF2@RightArm@HumanoidUpperBody,LA,body1,body1.베어링_6809_URDF@LeftArm@HumanoidUpperBody,-98.0
RA,2,-,body4,body4.팔꿈치_손목_연결부_샤프트_260413_URDF2@RightArm@HumanoidUpperBody,LA,body1,body1.어깨_Pitch_고정연결부_260511_B_Left_URDF@LeftArm@HumanoidUpperBody,-98.0
RA,2,-,body4,body4.팔꿈치_손목_연결부_샤프트_260413_URDF2@RightArm@HumanoidUpperBody,LA,body1,body1.어깨_Pitch_고정연결부_260511_B_Left_URDF1@LeftArm@HumanoidUpperBody,-98.0
RA,2,-,body4,body4.팔꿈치_손목_연결부_샤프트_260413_URDF2@RightArm@HumanoidUpperBody,LA,body1,body1._________46@LeftArm@HumanoidUpperBody,-98.0
RA,2,-,body4,body4.팔꿈치_손목_연결부_샤프트_260413_URDF2@RightArm@HumanoidUpperBody,LA,body1,body1.____2@LeftArm@HumanoidUpperBody,-98.0
RA,2,-,body2,body2.어깨_Roll_Yaw_연결부_260422_URDF@RightArm@HumanoidUpperBody,RA,body0,body0._________1@RightArm@HumanoidUpperBody,-99.0
RA,2,-,body2,body2.어깨_Roll베어링_고정파트_URDF기본@RightArm@HumanoidUpperBody,RA,body0,body0._________46@RightArm@HumanoidUpperBody,-99.0
RA,2,-,body3,body3.________11@RightArm@HumanoidUpperBody,HumanoidUpperBody,base,base.C1_Body_Part02_260515@HumanoidUpperBody,-99.0
RA,2,-,body3,body3.어깨_Yaw_팔꿈치_연결부_260423_URDF@RightArm@HumanoidUpperBody,HumanoidUpperBody,base,base.C2_GewindestiftDIN913_4x4x07@HumanoidUpperBody,-99.0
RA,2,-,body6_1,body6_1.C1_손목_Yaw_링크_260511_Left_URDF@RightArm@HumanoidUpperBody,LA,body1,body1.베어링_6809_URDF@LeftArm@HumanoidUpperBody,-99.0
RA,2,-,body6_1,body6_1.C1_손목_Yaw_링크_260511_Left_URDF@RightArm@HumanoidUpperBody,LA,body1,body1.어깨_Pitch_고정연결부_260511_B_Left_URDF@LeftArm@HumanoidUpperBody,-99.0
RA,2,-,body6_1,body6_1.C1_손목_Yaw_링크_260511_Left_URDF@RightArm@HumanoidUpperBody,LA,body1,body1.어깨_Pitch_고정연결부_260511_B_Left_URDF1@LeftArm@HumanoidUpperBody,-99.0
RA,2,-,body6_1,body6_1.C1_손목_Yaw_링크_260511_Left_URDF@RightArm@HumanoidUpperBody,LA,body1,body1._________46@LeftArm@HumanoidUpperBody,-99.0
RA,2,-,body6_1,body6_1.C1_손목_Yaw_링크_260511_Left_URDF@RightArm@HumanoidUpperBody,LA,body1,body1.____2@LeftArm@HumanoidUpperBody,-99.0
RA,2,-,body6_1,body6_1.C1_SWSPS12_6_101@RightArm@HumanoidUpperBody,LA,body1,body1.____2@LeftArm@HumanoidUpperBody,-99.0
RA,2,-,body6_1,body6_1.C1_SWSPS12_6_103@RightArm@HumanoidUpperBody,LA,body1,body1.____2@LeftArm@HumanoidUpperBody,-99.0
RA,2,-,body6_1,body6_1.C1_Body111@RightArm@HumanoidUpperBody,LA,body1,body1._________46@LeftArm@HumanoidUpperBody,-99.0
RA,2,-,body6_1,body6_1.C1_Body111@RightArm@HumanoidUpperBody,LA,body1,body1.____2@LeftArm@HumanoidUpperBody,-99.0
RA,2,-,body6_2,body6_2.C1_DBSY4_7_51@RightArm@HumanoidUpperBody,LA,body1,body1.베어링_6809_URDF@LeftArm@HumanoidUpperBody,-99.0
RA,2,-,body6_2,body6_2.C1_DBSY4_7_51@RightArm@HumanoidUpperBody,LA,body1,body1.어깨_Pitch_고정연결부_260511_B_Left_URDF@LeftArm@HumanoidUpperBody,-99.0
RA,2,-,body6_2,body6_2.C1_DBSY4_7_51@RightArm@HumanoidUpperBody,LA,body1,body1.어깨_Pitch_고정연결부_260511_B_Left_URDF1@LeftArm@HumanoidUpperBody,-99.0
RA,2,-,body6_2,body6_2.C1_DBSY4_7_51@RightArm@HumanoidUpperBody,LA,body1,body1._________46@LeftArm@HumanoidUpperBody,-99.0
RA,2,-,body6_2,body6_2.C1_DBSY4_7_51@RightArm@HumanoidUpperBody,LA,body1,body1.____2@LeftArm@HumanoidUpperBody,-99.0
RA,2,-,body6_2,body6_2.C1_SWSPS12_6_101@RightArm@HumanoidUpperBody,LA,body1,body1.베어링_6809_URDF@LeftArm@HumanoidUpperBody,-99.0
RA,2,-,body6_2,body6_2.C1_SWSPS12_6_101@RightArm@HumanoidUpperBody,LA,body1,body1.어깨_Pitch_고정연결부_260511_B_Left_URDF@LeftArm@HumanoidUpperBody,-99.0
RA,2,-,body6_2,body6_2.C1_SWSPS12_6_101@RightArm@HumanoidUpperBody,LA,body1,body1.어깨_Pitch_고정연결부_260511_B_Left_URDF1@LeftArm@HumanoidUpperBody,-99.0
RA,2,-,body6_2,body6_2.C1_SWSPS12_6_101@RightArm@HumanoidUpperBody,LA,body1,body1._________46@LeftArm@HumanoidUpperBody,-99.0
RA,2,-,body6_2,body6_2.C1_SWSPS12_6_103@RightArm@HumanoidUpperBody,LA,body1,body1.베어링_6809_URDF@LeftArm@HumanoidUpperBody,-99.0
RA,2,-,body6_2,body6_2.C1_SWSPS12_6_103@RightArm@HumanoidUpperBody,LA,body1,body1.어깨_Pitch_고정연결부_260511_B_Left_URDF@LeftArm@HumanoidUpperBody,-99.0
RA,2,-,body6_2,body6_2.C1_SWSPS12_6_103@RightArm@HumanoidUpperBody,LA,body1,body1.어깨_Pitch_고정연결부_260511_B_Left_URDF1@LeftArm@HumanoidUpperBody,-99.0
RA,2,-,body6_2,body6_2.C1_SWSPS12_6_103@RightArm@HumanoidUpperBody,LA,body1,body1._________46@LeftArm@HumanoidUpperBody,-99.0
RA,2,-,body6_2,body6_2.C1_Body111@RightArm@HumanoidUpperBody,LA,body1,body1.베어링_6809_URDF@LeftArm@HumanoidUpperBody,-99.0
RA,2,-,body6_2,body6_2.C1_Body111@RightArm@HumanoidUpperBody,LA,body1,body1.어깨_Pitch_고정연결부_260511_B_Left_URDF@LeftArm@HumanoidUpperBody,-99.0
RA,2,-,body6_2,body6_2.C1_Body111@RightArm@HumanoidUpperBody,LA,body1,body1.어깨_Pitch_고정연결부_260511_B_Left_URDF1@LeftArm@HumanoidUpperBody,-99.0
RA,2,-,body6_2,body6_2.C1_Body111@RightArm@HumanoidUpperBody,LA,body1,body1._________46@LeftArm@HumanoidUpperBody,-99.0
RA,2,-,body6_2,body6_2.C1_Body111@RightArm@HumanoidUpperBody,LA,body1,body1.____2@LeftArm@HumanoidUpperBody,-99.0
RA,2,-,body6_1,body6_1.C1_SWSPS12_6_101@RightArm@HumanoidUpperBody,LA,body1,body1.베어링_6809_URDF@LeftArm@HumanoidUpperBody,-99.0
RA,2,-,body6_1,body6_1.C1_SWSPS12_6_101@RightArm@HumanoidUpperBody,LA,body1,body1.어깨_Pitch_고정연결부_260511_B_Left_URDF@LeftArm@HumanoidUpperBody,-99.0
RA,2,-,body6_1,body6_1.C1_SWSPS12_6_101@RightArm@HumanoidUpperBody,LA,body1,body1.어깨_Pitch_고정연결부_260511_B_Left_URDF1@LeftArm@HumanoidUpperBody,-99.0
RA,2,-,body6_1,body6_1.C1_SWSPS12_6_101@RightArm@HumanoidUpperBody,LA,body1,body1._________46@LeftArm@HumanoidUpperBody,-99.0
RA,2,-,body6_1,body6_1.C1_SWSPS12_6_103@RightArm@HumanoidUpperBody,LA,body1,body1.베어링_6809_URDF@LeftArm@HumanoidUpperBody,-99.0
RA,2,-,body6_1,body6_1.C1_SWSPS12_6_103@RightArm@HumanoidUpperBody,LA,body1,body1.어깨_Pitch_고정연결부_260511_B_Left_URDF@LeftArm@HumanoidUpperBody,-99.0
RA,2,-,body6_1,body6_1.C1_SWSPS12_6_103@RightArm@HumanoidUpperBody,LA,body1,body1.어깨_Pitch_고정연결부_260511_B_Left_URDF1@LeftArm@HumanoidUpperBody,-99.0
RA,2,-,body6_1,body6_1.C1_SWSPS12_6_103@RightArm@HumanoidUpperBody,LA,body1,body1._________46@LeftArm@HumanoidUpperBody,-99.0
RA,2,-,body6_1,body6_1.C1_Body111@RightArm@HumanoidUpperBody,LA,body1,body1.베어링_6809_URDF@LeftArm@HumanoidUpperBody,-99.0
RA,2,-,body6_1,body6_1.C1_Body111@RightArm@HumanoidUpperBody,LA,body1,body1.어깨_Pitch_고정연결부_260511_B_Left_URDF@LeftArm@HumanoidUpperBody,-99.0
RA,2,-,body6_1,body6_1.C1_Body111@RightArm@HumanoidUpperBody,LA,body1,body1.어깨_Pitch_고정연결부_260511_B_Left_URDF1@LeftArm@HumanoidUpperBody,-99.0
RA,2,-,body3,body3.어깨_Yaw_팔꿈치_연결부_B_260423_URDF@RightArm@HumanoidUpperBody,HumanoidUpperBody,base,base.C1_Head_Part03@HumanoidUpperBody,-100.0
RA,2,-,body3,body3.어깨_Yaw_팔꿈치_연결부_260423_URDF@RightArm@HumanoidUpperBody,HumanoidUpperBody,base,base.C3_GewindestiftDIN914_3x6x05@HumanoidUpperBody,-100.0
RA,2,-,body3,body3.어깨_Yaw_팔꿈치_연결부_260423_URDF@RightArm@HumanoidUpperBody,HumanoidUpperBody,base,base.C3_GewindestiftDIN914_3x6x051@HumanoidUpperBody,-100.0
RA,2,-,body3,body3.어깨_Yaw_팔꿈치_연결부_260423_URDF@RightArm@HumanoidUpperBody,HumanoidUpperBody,base,base.C3_GewindestiftDIN914_3x6x052@HumanoidUpperBody,-100.0
RA,2,-,body3,body3.어깨_Yaw_팔꿈치_연결부_260423_URDF@RightArm@HumanoidUpperBody,HumanoidUpperBody,base,base.C3_GewindestiftDIN914_3x6x053@HumanoidUpperBody,-100.0
RA,2,-,body3,body3.팔꿈치_끝단베어링_체결부_260417_URDF@RightArm@HumanoidUpperBody,HumanoidUpperBody,base,base.C1_Head_Part03@HumanoidUpperBody,-101.0
RA,2,-,body3,body3.________11@RightArm@HumanoidUpperBody,HumanoidUpperBody,base,base.C1_Head_Part08@HumanoidUpperBody,-101.0
RA,2,-,body3,body3.어깨_Yaw_팔꿈치_연결부_260423_URDF@RightArm@HumanoidUpperBody,HumanoidUpperBody,base,base.C1_Body_Part02_260515@HumanoidUpperBody,-101.0
RA,2,-,body4,body4.팔꿈치_Pitch_회전부_260427_URDF@RightArm@HumanoidUpperBody,HumanoidUpperBody,base,base.C3_CDST001801@HumanoidUpperBody,-101.0
RA,2,-,body4,body4.팔꿈치_Pitch_회전부_260427_URDF@RightArm@HumanoidUpperBody,HumanoidUpperBody,base,base.C2_SenkschraubeDIN7991_25x6x045@HumanoidUpperBody,-101.0
RA,2,-,body3,body3.베어링_6708U_H_URDF@RightArm@HumanoidUpperBody,HumanoidUpperBody,base,base.C1_Head_Part03@HumanoidUpperBody,-102.0
RA,2,-,body3,body3.어깨_팔꿈치_연결부_샤프트_260413_URDF2@RightArm@HumanoidUpperBody,HumanoidUpperBody,base,base.C2_CDST00180@HumanoidUpperBody,-102.0
RA,2,-,body3,body3.________11@RightArm@HumanoidUpperBody,LA,body0,body0.____2@LeftArm@HumanoidUpperBody,-102.0
RA,2,-,body3,body3.어깨_팔꿈치_연결부_샤프트_260413_URDF3@RightArm@HumanoidUpperBody,HumanoidUpperBody,base,base.C2_CDST00180@HumanoidUpperBody,-102.0
RA,2,-,body3,body3.어깨_팔꿈치_연결부_260416_URDF@RightArm@HumanoidUpperBody,HumanoidUpperBody,base,base.C4__________1@HumanoidUpperBody,-103.0
RA,2,-,body4,body4.팔꿈치_Pitch_회전부_260427_URDF@RightArm@HumanoidUpperBody,LA,body0,body0.____3@LeftArm@HumanoidUpperBody,-104.0
RA,2,-,body4,body4.팔꿈치_Pitch_회전부3_260422_URDF@RightArm@HumanoidUpperBody,LA,body0,body0.____3@LeftArm@HumanoidUpperBody,-104.0
RA,2,-,body4,body4.팔꿈치_Pitch_회전부2_260427_URDF@RightArm@HumanoidUpperBody,HumanoidUpperBody,base,base.C1_Head_Part03@HumanoidUpperBody,-105.0
RA,2,-,body3,body3.팔꿈치_스토퍼_260424_URDF@RightArm@HumanoidUpperBody,HumanoidUpperBody,base,base.C1_Head_Part03@HumanoidUpperBody,-105.0
RA,2,-,body3,body3.어깨_팔꿈치_연결부_260416_URDF@RightArm@HumanoidUpperBody,HumanoidUpperBody,base,base.C2_________5@HumanoidUpperBody,-105.0
RA,2,-,body4,body4.팔꿈치_Pitch_회전부_260427_URDF@RightArm@HumanoidUpperBody,HumanoidUpperBody,base,base.C2_GewindestiftDIN913_4x4x07@HumanoidUpperBody,-105.0
RA,2,-,body3,body3.어깨_팔꿈치_연결부_260416_URDF@RightArm@HumanoidUpperBody,HumanoidUpperBody,base,base.C1_Head_Part03@HumanoidUpperBody,-106.0
RA,2,-,body3,body3.어깨_Yaw_팔꿈치_연결부_B_260423_URDF@RightArm@HumanoidUpperBody,HumanoidUpperBody,base,base.C1_Head_Part08@HumanoidUpperBody,-106.0
RA,2,-,body3,body3.NONE@RightArm@HumanoidUpperBody,HumanoidUpperBody,base,base.C1_Head_Part03@HumanoidUpperBody,-107.0
RA,2,-,body3,body3.어깨_팔꿈치_연결부_260416_URDF@RightArm@HumanoidUpperBody,HumanoidUpperBody,base,base.C2_________3@HumanoidUpperBody,-107.0
RA,2,-,body3,body3.팔꿈치_스토퍼_260424_URDF@RightArm@HumanoidUpperBody,HumanoidUpperBody,base,base.C1_Head_Part08@HumanoidUpperBody,-107.0
RA,2,-,body3,body3.어깨_팔꿈치_연결부_260416_URDF@RightArm@HumanoidUpperBody,HumanoidUpperBody,base,base.C1_Body_Part06@HumanoidUpperBody,-108.0
RA,2,-,body4,body4.팔꿈치_Pitch_회전부_260427_URDF@RightArm@HumanoidUpperBody,HumanoidUpperBody,base,base.C1_Body_Part02_260515@HumanoidUpperBody,-108.0
RA,2,-,body3,body3.어깨_팔꿈치_연결부_260416_URDF@RightArm@HumanoidUpperBody,HumanoidUpperBody,base,base.C1_Body_Part04@HumanoidUpperBody,-109.0
RA,2,-,body3,body3.어깨_팔꿈치_연결부_260416_URDF@RightArm@HumanoidUpperBody,HumanoidUpperBody,base,base.C2_M2_______2@HumanoidUpperBody,-109.0
RA,2,-,body3,body3.________11@RightArm@HumanoidUpperBody,HumanoidUpperBody,base,base.C1_Head_Part03@HumanoidUpperBody,-110.0
RA,2,-,body4,body4.팔꿈치_Pitch_회전부_260427_URDF@RightArm@HumanoidUpperBody,HumanoidUpperBody,base,base.C1_Head_Part08@HumanoidUpperBody,-110.0
RA,2,-,body3,body3.____2@RightArm@HumanoidUpperBody,HumanoidUpperBody,base,base.C1_Head_Part03@HumanoidUpperBody,-111.0
RA,2,-,body4,body4.팔꿈치_Pitch_회전부2_260427_URDF@RightArm@HumanoidUpperBody,HumanoidUpperBody,base,base.C1_Body_Part10@HumanoidUpperBody,-112.0
RA,2,-,body3,body3.어깨_Yaw_팔꿈치_연결부_260423_URDF@RightArm@HumanoidUpperBody,HumanoidUpperBody,base,base.C1_Head_Part03@HumanoidUpperBody,-113.0
RA,2,-,body3,body3.어깨_Yaw_팔꿈치_연결부_B_260423_URDF@RightArm@HumanoidUpperBody,HumanoidUpperBody,base,base.C1_Body_Part10@HumanoidUpperBody,-113.0
RA,2,-,body3,body3.NONE@RightArm@HumanoidUpperBody,HumanoidUpperBody,base,base.C1_Body_Part10@HumanoidUpperBody,-114.0
RA,2,-,body3,body3.어깨_팔꿈치_연결부_샤프트_260413_URDF2@RightArm@HumanoidUpperBody,HumanoidUpperBody,base,base.C1_Body_Part02_260515@HumanoidUpperBody,-114.0
RA,2,-,body3,body3.어깨_팔꿈치_연결부_샤프트_260413_URDF3@RightArm@HumanoidUpperBody,HumanoidUpperBody,base,base.C1_Body_Part02_260515@HumanoidUpperBody,-114.0
RA,2,-,body3,body3.어깨_팔꿈치_연결부_260416_URDF@RightArm@HumanoidUpperBody,HumanoidUpperBody,base,base.C1_Head_Part06@HumanoidUpperBody,-115.0
RA,2,-,body3,body3.어깨_Yaw_팔꿈치_연결부_260423_URDF@RightArm@HumanoidUpperBody,HumanoidUpperBody,base,base.C1_Head_Part08@HumanoidUpperBody,-115.0
RA,2,-,body3,body3.________11@RightArm@HumanoidUpperBody,HumanoidUpperBody,base,base.C1_Body_Part10@HumanoidUpperBody,-117.0
RA,2,-,body3,body3.팔꿈치_끝단베어링_체결부_260417_URDF@RightArm@HumanoidUpperBody,HumanoidUpperBody,base,base.C1_Body_Part10@HumanoidUpperBody,-117.0
RA,2,-,body4,body4.팔꿈치_Pitchl베어링_고정파트_URDF기본@RightArm@HumanoidUpperBody,HumanoidUpperBody,base,base.C1_Head_Part03@HumanoidUpperBody,-118.0
RA,2,-,body4,body4.팔꿈치_Pitchl베어링_고정파트_URDF기본1@RightArm@HumanoidUpperBody,HumanoidUpperBody,base,base.C1_Head_Part03@HumanoidUpperBody,-118.0
RA,2,-,body3,body3.어깨_Yaw_팔꿈치_연결부_B_260423_URDF@RightArm@HumanoidUpperBody,HumanoidUpperBody,base,base.C2_D415_DepthCamera@HumanoidUpperBody,-118.0
RA,2,-,body3,body3.어깨_Yaw_팔꿈치_연결부_B_260423_URDF@RightArm@HumanoidUpperBody,HumanoidUpperBody,base,base.C1_Head_Part05@HumanoidUpperBody,-118.0
RA,2,-,body3,body3.팔꿈치_끝단베어링_체결부_260417_URDF@RightArm@HumanoidUpperBody,HumanoidUpperBody,base,base.C1_Head_Part05@HumanoidUpperBody,-118.0
RA,2,-,body3,body3.베어링_6708U_H_URDF@RightArm@HumanoidUpperBody,HumanoidUpperBody,base,base.C1_Body_Part10@HumanoidUpperBody,-118.0
RA,2,-,body4,body4.팔꿈치_Pitch_회전부_260427_URDF@RightArm@HumanoidUpperBody,HumanoidUpperBody,base,base.C1_Head_Part03@HumanoidUpperBody,-119.0
RA,2,-,body3,body3.베어링_6708U_H_URDF@RightArm@HumanoidUpperBody,HumanoidUpperBody,base,base.C1_Head_Part05@HumanoidUpperBody,-119.0
RA,2,-,body4,body4.팔꿈치_Pitch_회전부2_260427_URDF@RightArm@HumanoidUpperBody,HumanoidUpperBody,base,base.C1_Head_Part05@HumanoidUpperBody,-122.0
RA,2,-,body3,body3.팔꿈치_스토퍼_260424_URDF@RightArm@HumanoidUpperBody,HumanoidUpperBody,base,base.C1_Head_Part05@HumanoidUpperBody,-123.0
RA,2,-,body3,body3.어깨_팔꿈치_연결부_260416_URDF@RightArm@HumanoidUpperBody,HumanoidUpperBody,base,base.C1_Head_Part05@HumanoidUpperBody,-124.0
RA,2,-,body3,body3.NONE@RightArm@HumanoidUpperBody,HumanoidUpperBody,base,base.C1_Head_Part05@HumanoidUpperBody,-124.0
RA,2,-,body3,body3.어깨_Yaw_팔꿈치_연결부_260423_URDF@RightArm@HumanoidUpperBody,HumanoidUpperBody,base,base.C1_Body_Part10@HumanoidUpperBody,-124.0
RA,2,-,body4,body4.팔꿈치_Pitch_회전부3_260422_URDF@RightArm@HumanoidUpperBody,HumanoidUpperBody,base,base.C1_Head_Part03@HumanoidUpperBody,-125.0
RA,2,-,body2,body2.어깨_Roll_연결부_260423_URDF@RightArm@HumanoidUpperBody,RA,body1,body1._________11@RightArm@HumanoidUpperBody,-126.0
RA,2,-,body4,body4.팔꿈치_손목_연결부_샤프트_260413_URDF1@RightArm@HumanoidUpperBody,HumanoidUpperBody,base,base.C1_Head_Part03@HumanoidUpperBody,-126.0
RA,2,-,body4,body4.팔꿈치_손목_연결부_샤프트_260413_URDF3@RightArm@HumanoidUpperBody,HumanoidUpperBody,base,base.C1_Head_Part03@HumanoidUpperBody,-126.0
RA,2,-,body3,body3.________11@RightArm@HumanoidUpperBody,HumanoidUpperBody,base,base.C1_Head_Part05@HumanoidUpperBody,-127.0
RA,2,-,body4,body4.팔꿈치_Pitch_회전부_260427_URDF@RightArm@HumanoidUpperBody,HumanoidUpperBody,base,base.C1_Body_Part10@HumanoidUpperBody,-127.0
RA,2,-,body3,body3.어깨_Yaw_팔꿈치_연결부_260423_URDF@RightArm@HumanoidUpperBody,HumanoidUpperBody,base,base.C1_Head_Part05@HumanoidUpperBody,-131.0
RA,2,-,body3,body3.어깨_Yaw_팔꿈치_연결부_260423_URDF@RightArm@HumanoidUpperBody,HumanoidUpperBody,base,base.C2_D415_DepthCamera@HumanoidUpperBody,-132.0
RA,2,-,body4,body4.팔꿈치_Pitch_회전부_260427_URDF@RightArm@HumanoidUpperBody,HumanoidUpperBody,base,base.C1_Head_Part05@HumanoidUpperBody,-136.0
RA,2,-,body4,body4.팔꿈치_손목_연결부_샤프트_260413_URDF@RightArm@HumanoidUpperBody,HumanoidUpperBody,base,base.C1_Head_Part03@HumanoidUpperBody,-136.0
RA,2,-,body4,body4.팔꿈치_손목_연결부_샤프트_260413_URDF2@RightArm@HumanoidUpperBody,HumanoidUpperBody,base,base.C1_Head_Part03@HumanoidUpperBody,-136.0
RA,3,+,body3,body3._________46@RightArm@HumanoidUpperBody,RA,body2,body2.어깨_Roll_Yaw_연결부_260422_URDF@RightArm@HumanoidUpperBody,1.0
RA,3,+,body3,body3._________46@RightArm@HumanoidUpperBody,RA,body2,body2.어깨_Roll베어링_고정파트_URDF기본@RightArm@HumanoidUpperBody,1.0
RA,3,+,body3,body3._________46@RightArm@HumanoidUpperBody,RA,body2,body2.어깨_Roll베어링_고정파트_URDF기본1@RightArm@HumanoidUpperBody,1.0
RA,3,+,body3,body3.____2@RightArm@HumanoidUpperBody,RA,body2,body2.어깨_Roll_Yaw_연결부_260422_URDF@RightArm@HumanoidUpperBody,1.0
RA,3,+,body3,body3.____2@RightArm@HumanoidUpperBody,RA,body2,body2.어깨_Roll베어링_고정파트_URDF기본@RightArm@HumanoidUpperBody,1.0
RA,3,+,body3,body3.____2@RightArm@HumanoidUpperBody,RA,body2,body2.어깨_Roll베어링_고정파트_URDF기본1@RightArm@HumanoidUpperBody,1.0
RA,3,+,body3,body3._________4@RightArm@HumanoidUpperBody,RA,body2,body2.어깨_Roll_Yaw_연결부_260422_URDF@RightArm@HumanoidUpperBody,1.0
RA,3,+,body3,body3._________4@RightArm@HumanoidUpperBody,RA,body2,body2.어깨_Roll베어링_고정파트_URDF기본@RightArm@HumanoidUpperBody,1.0
RA,3,+,body3,body3._________4@RightArm@HumanoidUpperBody,RA,body2,body2.어깨_Roll베어링_고정파트_URDF기본1@RightArm@HumanoidUpperBody,1.0
RA,3,+,body3,body3.________2@RightArm@HumanoidUpperBody,RA,body2,body2.어깨_Roll_Yaw_연결부_260422_URDF@RightArm@HumanoidUpperBody,1.0
RA,3,+,body3,body3.________2@RightArm@HumanoidUpperBody,RA,body2,body2.어깨_Roll베어링_고정파트_URDF기본@RightArm@HumanoidUpperBody,1.0
RA,3,+,body3,body3.________2@RightArm@HumanoidUpperBody,RA,body2,body2.어깨_Roll베어링_고정파트_URDF기본1@RightArm@HumanoidUpperBody,1.0
RA,3,+,body3,body3.____mm_______1@RightArm@HumanoidUpperBody,RA,body2,body2.어깨_Roll_Yaw_연결부_260422_URDF@RightArm@HumanoidUpperBody,1.0
RA,3,+,body3,body3.____mm_______1@RightArm@HumanoidUpperBody,RA,body2,body2.어깨_Roll베어링_고정파트_URDF기본@RightArm@HumanoidUpperBody,1.0
RA,3,+,body3,body3.____mm_______1@RightArm@HumanoidUpperBody,RA,body2,body2.어깨_Roll베어링_고정파트_URDF기본1@RightArm@HumanoidUpperBody,1.0
RA,3,+,body3,body3._________12@RightArm@HumanoidUpperBody,RA,body2,body2.어깨_Roll_Yaw_연결부_260422_URDF@RightArm@HumanoidUpperBody,1.0
RA,3,+,body3,body3._________12@RightArm@HumanoidUpperBody,RA,body2,body2.어깨_Roll베어링_고정파트_URDF기본@RightArm@HumanoidUpperBody,1.0
RA,3,+,body3,body3._________12@RightArm@HumanoidUpperBody,RA,body2,body2.어깨_Roll베어링_고정파트_URDF기본1@RightArm@HumanoidUpperBody,1.0
RA,3,+,body3,body3.____3@RightArm@HumanoidUpperBody,RA,body2,body2.어깨_Roll_Yaw_연결부_260422_URDF@RightArm@HumanoidUpperBody,1.0
RA,3,+,body3,body3.____3@RightArm@HumanoidUpperBody,RA,body2,body2.어깨_Roll베어링_고정파트_URDF기본@RightArm@HumanoidUpperBody,1.0
RA,3,+,body3,body3.____3@RightArm@HumanoidUpperBody,RA,body2,body2.어깨_Roll베어링_고정파트_URDF기본1@RightArm@HumanoidUpperBody,1.0
RA,3,+,body3,body3.어깨_Yaw_체결부_260415_URDF@RightArm@HumanoidUpperBody,RA,body2,body2.어깨_Roll_Yaw_연결부_260422_URDF@RightArm@HumanoidUpperBody,1.0
RA,3,+,body3,body3.어깨_Yaw_체결부_260415_URDF@RightArm@HumanoidUpperBody,RA,body2,body2.어깨_Roll베어링_고정파트_URDF기본@RightArm@HumanoidUpperBody,1.0
RA,3,+,body3,body3.어깨_Yaw_체결부_260415_URDF@RightArm@HumanoidUpperBody,RA,body2,body2.어깨_Roll베어링_고정파트_URDF기본1@RightArm@HumanoidUpperBody,1.0
RA,3,-,body3,body3._________46@RightArm@HumanoidUpperBody,RA,body2,body2.어깨_Roll_Yaw_연결부_260422_URDF@RightArm@HumanoidUpperBody,-0.0
RA,3,-,body3,body3._________46@RightArm@HumanoidUpperBody,RA,body2,body2.어깨_Roll베어링_고정파트_URDF기본@RightArm@HumanoidUpperBody,-0.0
RA,3,-,body3,body3._________46@RightArm@HumanoidUpperBody,RA,body2,body2.어깨_Roll베어링_고정파트_URDF기본1@RightArm@HumanoidUpperBody,-0.0
RA,3,-,body3,body3.____2@RightArm@HumanoidUpperBody,RA,body2,body2.어깨_Roll_Yaw_연결부_260422_URDF@RightArm@HumanoidUpperBody,-0.0
RA,3,-,body3,body3.____2@RightArm@HumanoidUpperBody,RA,body2,body2.어깨_Roll베어링_고정파트_URDF기본@RightArm@HumanoidUpperBody,-0.0
RA,3,-,body3,body3.____2@RightArm@HumanoidUpperBody,RA,body2,body2.어깨_Roll베어링_고정파트_URDF기본1@RightArm@HumanoidUpperBody,-0.0
RA,3,-,body3,body3._________4@RightArm@HumanoidUpperBody,RA,body2,body2.어깨_Roll_Yaw_연결부_260422_URDF@RightArm@HumanoidUpperBody,-0.0
RA,3,-,body3,body3._________4@RightArm@HumanoidUpperBody,RA,body2,body2.어깨_Roll베어링_고정파트_URDF기본@RightArm@HumanoidUpperBody,-0.0
RA,3,-,body3,body3._________4@RightArm@HumanoidUpperBody,RA,body2,body2.어깨_Roll베어링_고정파트_URDF기본1@RightArm@HumanoidUpperBody,-0.0
RA,3,-,body3,body3.________2@RightArm@HumanoidUpperBody,RA,body2,body2.어깨_Roll_Yaw_연결부_260422_URDF@RightArm@HumanoidUpperBody,-0.0
RA,3,-,body3,body3.________2@RightArm@HumanoidUpperBody,RA,body2,body2.어깨_Roll베어링_고정파트_URDF기본@RightArm@HumanoidUpperBody,-0.0
RA,3,-,body3,body3.________2@RightArm@HumanoidUpperBody,RA,body2,body2.어깨_Roll베어링_고정파트_URDF기본1@RightArm@HumanoidUpperBody,-0.0
RA,3,-,body3,body3.____mm_______1@RightArm@HumanoidUpperBody,RA,body2,body2.어깨_Roll_Yaw_연결부_260422_URDF@RightArm@HumanoidUpperBody,-0.0
RA,3,-,body3,body3.____mm_______1@RightArm@HumanoidUpperBody,RA,body2,body2.어깨_Roll베어링_고정파트_URDF기본@RightArm@HumanoidUpperBody,-0.0
RA,3,-,body3,body3.____mm_______1@RightArm@HumanoidUpperBody,RA,body2,body2.어깨_Roll베어링_고정파트_URDF기본1@RightArm@HumanoidUpperBody,-0.0
RA,3,-,body3,body3._________12@RightArm@HumanoidUpperBody,RA,body2,body2.어깨_Roll_Yaw_연결부_260422_URDF@RightArm@HumanoidUpperBody,-0.0
RA,3,-,body3,body3._________12@RightArm@HumanoidUpperBody,RA,body2,body2.어깨_Roll베어링_고정파트_URDF기본@RightArm@HumanoidUpperBody,-0.0
RA,3,-,body3,body3._________12@RightArm@HumanoidUpperBody,RA,body2,body2.어깨_Roll베어링_고정파트_URDF기본1@RightArm@HumanoidUpperBody,-0.0
RA,3,-,body3,body3.____3@RightArm@HumanoidUpperBody,RA,body2,body2.어깨_Roll_Yaw_연결부_260422_URDF@RightArm@HumanoidUpperBody,-0.0
RA,3,-,body3,body3.____3@RightArm@HumanoidUpperBody,RA,body2,body2.어깨_Roll베어링_고정파트_URDF기본@RightArm@HumanoidUpperBody,-0.0
RA,3,-,body3,body3.____3@RightArm@HumanoidUpperBody,RA,body2,body2.어깨_Roll베어링_고정파트_URDF기본1@RightArm@HumanoidUpperBody,-0.0
RA,3,-,body3,body3.어깨_Yaw_체결부_260415_URDF@RightArm@HumanoidUpperBody,RA,body2,body2.어깨_Roll_Yaw_연결부_260422_URDF@RightArm@HumanoidUpperBody,-0.0
RA,3,-,body3,body3.어깨_Yaw_체결부_260415_URDF@RightArm@HumanoidUpperBody,RA,body2,body2.어깨_Roll베어링_고정파트_URDF기본@RightArm@HumanoidUpperBody,-0.0
RA,3,-,body3,body3.어깨_Yaw_체결부_260415_URDF@RightArm@HumanoidUpperBody,RA,body2,body2.어깨_Roll베어링_고정파트_URDF기본1@RightArm@HumanoidUpperBody,-0.0
RA,4,+,body4,body4.팔꿈치_Pitch_회전부_260427_URDF@RightArm@HumanoidUpperBody,RA,body3,body3.어깨_Yaw_팔꿈치_연결부_260423_URDF@RightArm@HumanoidUpperBody,1.0
RA,4,+,body4,body4.팔꿈치_Pitch_회전부_260427_URDF@RightArm@HumanoidUpperBody,RA,body3,body3.어깨_팔꿈치_연결부_260416_URDF@RightArm@HumanoidUpperBody,1.0
RA,4,+,body4,body4.팔꿈치_Pitch_회전부_260427_URDF@RightArm@HumanoidUpperBody,RA,body3,body3.NONE@RightArm@HumanoidUpperBody,1.0
RA,4,+,body4,body4.팔꿈치_Pitch_회전부_260427_URDF@RightArm@HumanoidUpperBody,RA,body3,body3.________11@RightArm@HumanoidUpperBody,1.0
RA,4,+,body4,body4.팔꿈치_Pitch_회전부2_260427_URDF@RightArm@HumanoidUpperBody,RA,body3,body3.팔꿈치_스토퍼_260424_URDF@RightArm@HumanoidUpperBody,1.0
RA,4,+,body4,body4.팔꿈치_Pitch_회전부2_260427_URDF@RightArm@HumanoidUpperBody,RA,body3,body3.어깨_Yaw_팔꿈치_연결부_B_260423_URDF@RightArm@HumanoidUpperBody,1.0
RA,4,+,body4,body4.팔꿈치_Pitch_회전부2_260427_URDF@RightArm@HumanoidUpperBody,RA,body3,body3.어깨_팔꿈치_연결부_260416_URDF@RightArm@HumanoidUpperBody,1.0
RA,4,+,body4,body4.팔꿈치_Pitch_회전부2_260427_URDF@RightArm@HumanoidUpperBody,RA,body3,body3.베어링_6708U_H_URDF@RightArm@HumanoidUpperBody,1.0
RA,4,+,body4,body4.팔꿈치_Pitch_회전부2_260427_URDF@RightArm@HumanoidUpperBody,RA,body3,body3.팔꿈치_끝단베어링_체결부_260417_URDF@RightArm@HumanoidUpperBody,1.0
RA,4,+,body4,body4.팔꿈치_Pitchl베어링_고정파트_URDF기본@RightArm@HumanoidUpperBody,RA,body3,body3.NONE@RightArm@HumanoidUpperBody,5.0
RA,4,+,body4,body4.팔꿈치_Pitchl베어링_고정파트_URDF기본@RightArm@HumanoidUpperBody,RA,body3,body3.________11@RightArm@HumanoidUpperBody,21.0
RA,4,+,body4,body4.팔꿈치_Pitchl베어링_고정파트_URDF기본1@RightArm@HumanoidUpperBody,RA,body3,body3.NONE@RightArm@HumanoidUpperBody,52.0
RA,4,+,body4,body4.팔꿈치_Pitchl베어링_고정파트_URDF기본@RightArm@HumanoidUpperBody,RA,body3,body3.어깨_Yaw_팔꿈치_연결부_B_260423_URDF@RightArm@HumanoidUpperBody,54.0
RA,4,+,body4,body4.팔꿈치_Pitchl베어링_고정파트_URDF기본@RightArm@HumanoidUpperBody,RA,body3,body3.어깨_Yaw_팔꿈치_연결부_260423_URDF@RightArm@HumanoidUpperBody,58.0
RA,4,+,body4,body4.팔꿈치_Pitchl베어링_고정파트_URDF기본@RightArm@HumanoidUpperBody,RA,body3,body3.팔꿈치_끝단베어링_체결부_260417_URDF@RightArm@HumanoidUpperBody,59.0
RA,4,+,body4,body4.팔꿈치_Pitchl베어링_고정파트_URDF기본1@RightArm@HumanoidUpperBody,RA,body3,body3.________11@RightArm@HumanoidUpperBody,64.0
RA,4,+,body4,body4.팔꿈치_Pitchl베어링_고정파트_URDF기본1@RightArm@HumanoidUpperBody,RA,body3,body3.팔꿈치_끝단베어링_체결부_260417_URDF@RightArm@HumanoidUpperBody,106.0
RA,4,+,body4,body4.팔꿈치_Pitchl베어링_고정파트_URDF기본1@RightArm@HumanoidUpperBody,RA,body3,body3.어깨_Yaw_팔꿈치_연결부_B_260423_URDF@RightArm@HumanoidUpperBody,112.0
RA,4,+,body4,body4.팔꿈치_Pitchl베어링_고정파트_URDF기본1@RightArm@HumanoidUpperBody,RA,body3,body3.어깨_Yaw_팔꿈치_연결부_260423_URDF@RightArm@HumanoidUpperBody,116.0
RA,4,+,body6_1,body6_1.C1_SWSPS12_6_101@RightArm@HumanoidUpperBody,RA,body3,body3.어깨_팔꿈치_연결부_샤프트_260413_URDF2@RightArm@HumanoidUpperBody,122.0
RA,4,+,body6_1,body6_1.C1_손목_Yaw_링크_260511_Left_URDF@RightArm@HumanoidUpperBody,RA,body3,body3.어깨_팔꿈치_연결부_샤프트_260413_URDF2@RightArm@HumanoidUpperBody,123.0
RA,4,+,body6_1,body6_1.C1_SWSPS12_6_103@RightArm@HumanoidUpperBody,RA,body3,body3.어깨_팔꿈치_연결부_샤프트_260413_URDF2@RightArm@HumanoidUpperBody,123.0
RA,4,+,body6_1,body6_1.C1_Body111@RightArm@HumanoidUpperBody,RA,body3,body3.어깨_팔꿈치_연결부_샤프트_260413_URDF2@RightArm@HumanoidUpperBody,123.0
RA,4,+,body6_2,body6_2.C1_DBSY4_7_51@RightArm@HumanoidUpperBody,RA,body3,body3.어깨_팔꿈치_연결부_샤프트_260413_URDF2@RightArm@HumanoidUpperBody,123.0
RA,4,+,body6_2,body6_2.C1_SWSPS12_6_101@RightArm@HumanoidUpperBody,RA,body3,body3.어깨_팔꿈치_연결부_샤프트_260413_URDF2@RightArm@HumanoidUpperBody,123.0
RA,4,+,body6_2,body6_2.C1_Body111@RightArm@HumanoidUpperBody,RA,body3,body3.어깨_팔꿈치_연결부_샤프트_260413_URDF2@RightArm@HumanoidUpperBody,123.0
RA,4,+,body6_2,body6_2.C1_SWSPS12_6_103@RightArm@HumanoidUpperBody,RA,body3,body3.어깨_팔꿈치_연결부_샤프트_260413_URDF2@RightArm@HumanoidUpperBody,125.0
RA,4,+,body5,body5.손목_Roll_회전부3_260409_v2_URDF@RightArm@HumanoidUpperBody,RA,body3,body3.어깨_팔꿈치_연결부_샤프트_260413_URDF@RightArm@HumanoidUpperBody,128.0
RA,4,+,body5,body5.손목_Roll_회전부3_260409_v2_URDF@RightArm@HumanoidUpperBody,RA,body3,body3.어깨_팔꿈치_연결부_샤프트_260413_URDF2@RightArm@HumanoidUpperBody,128.0
RA,4,+,body4,body4.팔꿈치_Pitchl베어링_고정파트_URDF기본@RightArm@HumanoidUpperBody,RA,body3,body3.어깨_팔꿈치_연결부_260416_URDF@RightArm@HumanoidUpperBody,134.0
RA,4,+,body4,body4.손목_Roll_체결부_260415_v2_URDF@RightArm@HumanoidUpperBody,RA,body3,body3.어깨_팔꿈치_연결부_샤프트_260413_URDF@RightArm@HumanoidUpperBody,141.0
RA,4,+,body4,body4.손목_Roll_체결부_260415_v2_URDF@RightArm@HumanoidUpperBody,RA,body3,body3.어깨_팔꿈치_연결부_샤프트_260413_URDF2@RightArm@HumanoidUpperBody,141.0
RA,4,+,body4,body4.손목_Roll_체결부_260415_v2_URDF@RightArm@HumanoidUpperBody,RA,body3,body3.어깨_팔꿈치_연결부_샤프트_260413_URDF1@RightArm@HumanoidUpperBody,144.0
RA,4,+,body4,body4.손목_Roll_체결부_260415_v2_URDF@RightArm@HumanoidUpperBody,RA,body3,body3.어깨_팔꿈치_연결부_샤프트_260413_URDF3@RightArm@HumanoidUpperBody,144.0
RA,4,+,body4,body4.NONE@RightArm@HumanoidUpperBody,RA,body3,body3.어깨_팔꿈치_연결부_샤프트_260413_URDF@RightArm@HumanoidUpperBody,145.0
RA,4,+,body4,body4.NONE@RightArm@HumanoidUpperBody,RA,body3,body3.어깨_팔꿈치_연결부_샤프트_260413_URDF1@RightArm@HumanoidUpperBody,145.0
RA,4,+,body4,body4.NONE@RightArm@HumanoidUpperBody,RA,body3,body3.어깨_팔꿈치_연결부_샤프트_260413_URDF2@RightArm@HumanoidUpperBody,145.0
RA,4,+,body4,body4.NONE@RightArm@HumanoidUpperBody,RA,body3,body3.어깨_팔꿈치_연결부_샤프트_260413_URDF3@RightArm@HumanoidUpperBody,145.0
RA,4,+,body4,body4.팔꿈치_Pitch_회전부3_260422_URDF@RightArm@HumanoidUpperBody,RA,body3,body3.어깨_팔꿈치_연결부_260416_URDF@RightArm@HumanoidUpperBody,145.0
RA,4,+,body5,body5.손목_Roll_회전부2_260409_v2_URDF@RightArm@HumanoidUpperBody,RA,body3,body3.어깨_팔꿈치_연결부_샤프트_260413_URDF@RightArm@HumanoidUpperBody,148.0
RA,4,+,body5,body5.손목_Roll_회전부2_260409_v2_URDF@RightArm@HumanoidUpperBody,RA,body3,body3.어깨_팔꿈치_연결부_샤프트_260413_URDF2@RightArm@HumanoidUpperBody,148.0
RA,4,+,body4,body4.팔꿈치_손목_연결부_샤프트_260413_URDF1@RightArm@HumanoidUpperBody,RA,body3,body3.어깨_팔꿈치_연결부_샤프트_260413_URDF@RightArm@HumanoidUpperBody,149.0
RA,4,+,body4,body4.팔꿈치_손목_연결부_샤프트_260413_URDF1@RightArm@HumanoidUpperBody,RA,body3,body3.어깨_팔꿈치_연결부_샤프트_260413_URDF1@RightArm@HumanoidUpperBody,149.0
RA,4,+,body4,body4.팔꿈치_손목_연결부_샤프트_260413_URDF2@RightArm@HumanoidUpperBody,RA,body3,body3.어깨_팔꿈치_연결부_샤프트_260413_URDF2@RightArm@HumanoidUpperBody,149.0
RA,4,+,body4,body4.팔꿈치_손목_연결부_샤프트_260413_URDF2@RightArm@HumanoidUpperBody,RA,body3,body3.어깨_팔꿈치_연결부_샤프트_260413_URDF3@RightArm@HumanoidUpperBody,149.0
RA,4,+,body4,body4.팔꿈치_손목_연결부_샤프트_260413_URDF1@RightArm@HumanoidUpperBody,RA,body3,body3.어깨_팔꿈치_연결부_260416_URDF@RightArm@HumanoidUpperBody,150.0
RA,4,+,body4,body4.팔꿈치_손목_연결부_샤프트_260413_URDF2@RightArm@HumanoidUpperBody,RA,body3,body3.어깨_팔꿈치_연결부_260416_URDF@RightArm@HumanoidUpperBody,150.0
RA,4,+,body4,body4.NONE@RightArm@HumanoidUpperBody,RA,body3,body3.어깨_팔꿈치_연결부_260416_URDF@RightArm@HumanoidUpperBody,152.0
RA,4,+,body6_2,body6_2.C1_손목_Yaw_회전부_260420@RightArm@HumanoidUpperBody,RA,body2,body2.어깨_Roll_Yaw_연결부_260422_URDF@RightArm@HumanoidUpperBody,158.0
RA,4,+,body7,body7.C1_손목_Pitch_회전부_260415_URDF@RightArm@HumanoidUpperBody,RA,body2,body2.어깨_Roll_베어링_연결부_260423_URDF@RightArm@HumanoidUpperBody,159.0
RA,4,+,body6_2,body6_2.C1_손목_Yaw_회전부_260420@RightArm@HumanoidUpperBody,RA,body3,body3._________12@RightArm@HumanoidUpperBody,159.0
RA,4,+,body6,body6.C1_손목_Pitch_베어링체결부_260407@RightArm@HumanoidUpperBody,RA,body2,body2.어깨_Roll_Yaw_연결부_260422_URDF@RightArm@HumanoidUpperBody,160.0
RA,4,+,body4,body4.NONE@RightArm@HumanoidUpperBody,RA,body3,body3.____2@RightArm@HumanoidUpperBody,160.0
RA,4,+,body6_1,body6_1.C1_SWSPS12_6_101@RightArm@HumanoidUpperBody,RA,body3,body3._________4@RightArm@HumanoidUpperBody,160.0
RA,4,+,body6_1,body6_1.C1_SWSPS12_6_101@RightArm@HumanoidUpperBody,RA,body3,body3.____3@RightArm@HumanoidUpperBody,160.0
RA,4,+,body6_2,body6_2.C1_손목_Yaw_회전부_260420@RightArm@HumanoidUpperBody,RA,body3,body3._________4@RightArm@HumanoidUpperBody,160.0
RA,4,+,body5,body5.손목_Roll_회전부3_260409_v2_URDF@RightArm@HumanoidUpperBody,RA,body3,body3._________11@RightArm@HumanoidUpperBody,161.0
RA,4,+,body5,body5.손목_Roll_회전부3_260409_v2_URDF@RightArm@HumanoidUpperBody,RA,body3,body3._________12@RightArm@HumanoidUpperBody,161.0
RA,4,+,body5,body5.손목_Roll_회전부3_260409_v2_URDF@RightArm@HumanoidUpperBody,RA,body2,body2.어깨_Roll_Yaw_연결부_260422_URDF@RightArm@HumanoidUpperBody,161.0
RA,4,+,body5,body5.________11@RightArm@HumanoidUpperBody,RA,body2,body2.어깨_Roll_Yaw_연결부_260422_URDF@RightArm@HumanoidUpperBody,161.0
RA,4,+,body5,body5.NONE@RightArm@HumanoidUpperBody,RA,body3,body3._________12@RightArm@HumanoidUpperBody,161.0
RA,4,+,body5,body5.NONE@RightArm@HumanoidUpperBody,RA,body2,body2.어깨_Roll_Yaw_연결부_260422_URDF@RightArm@HumanoidUpperBody,161.0
RA,4,+,body6_1,body6_1.C1_손목_Yaw_링크_260511_Left_URDF@RightArm@HumanoidUpperBody,RA,body3,body3._________4@RightArm@HumanoidUpperBody,161.0
RA,4,+,body6_1,body6_1.C1_SWSPS12_6_103@RightArm@HumanoidUpperBody,RA,body3,body3._________4@RightArm@HumanoidUpperBody,161.0
RA,4,+,body6_1,body6_1.C1_Body111@RightArm@HumanoidUpperBody,RA,body3,body3._________4@RightArm@HumanoidUpperBody,161.0
RA,4,+,body6_1,body6_1.C1_Body111@RightArm@HumanoidUpperBody,RA,body3,body3.____3@RightArm@HumanoidUpperBody,161.0
RA,4,+,body6_2,body6_2.C1_DBSY4_7_51@RightArm@HumanoidUpperBody,RA,body3,body3._________4@RightArm@HumanoidUpperBody,161.0
RA,4,+,body6_2,body6_2.C1_DBSY4_7_51@RightArm@HumanoidUpperBody,RA,body3,body3.____3@RightArm@HumanoidUpperBody,161.0
RA,4,+,body6_2,body6_2.C1_SWSPS12_6_101@RightArm@HumanoidUpperBody,RA,body3,body3._________4@RightArm@HumanoidUpperBody,161.0
RA,4,+,body5,body5.손목_샤프트_260408_URDF@RightArm@HumanoidUpperBody,RA,body2,body2.어깨_Roll_Yaw_연결부_260422_URDF@RightArm@HumanoidUpperBody,162.0
RA,4,+,body5,body5.손목_샤프트_260408_URDF1@RightArm@HumanoidUpperBody,RA,body2,body2.어깨_Roll_Yaw_연결부_260422_URDF@RightArm@HumanoidUpperBody,162.0
RA,4,+,body5,body5.________11@RightArm@HumanoidUpperBody,RA,body3,body3._________12@RightArm@HumanoidUpperBody,162.0
RA,4,+,body5,body5.손목_Roll_회전부_260409_v2_URDF@RightArm@HumanoidUpperBody,RA,body3,body3.____2@RightArm@HumanoidUpperBody,162.0
RA,4,+,body5,body5.손목_Roll_회전부_260409_v2_URDF@RightArm@HumanoidUpperBody,RA,body3,body3._________4@RightArm@HumanoidUpperBody,162.0
RA,4,+,body4,body4.손목_Roll_체결부_260415_v2_URDF@RightArm@HumanoidUpperBody,RA,body3,body3.____2@RightArm@HumanoidUpperBody,162.0
RA,4,+,body4,body4.NONE@RightArm@HumanoidUpperBody,RA,body3,body3._________46@RightArm@HumanoidUpperBody,162.0
RA,4,+,body4,body4.________11@RightArm@HumanoidUpperBody,RA,body3,body3.어깨_팔꿈치_연결부_260416_URDF@RightArm@HumanoidUpperBody,162.0
RA,4,+,body4,body4.팔꿈치_손목_연결부_샤프트_260413_URDF1@RightArm@HumanoidUpperBody,RA,body3,body3.____2@RightArm@HumanoidUpperBody,162.0
RA,4,+,body4,body4.팔꿈치_손목_연결부_샤프트_260413_URDF2@RightArm@HumanoidUpperBody,RA,body3,body3.____2@RightArm@HumanoidUpperBody,162.0
RA,4,+,body6_1,body6_1.C1_손목_Yaw_링크_260511_Left_URDF@RightArm@HumanoidUpperBody,RA,body3,body3.____3@RightArm@HumanoidUpperBody,162.0
RA,4,+,body6_1,body6_1.C1_SWSPS12_6_101@RightArm@HumanoidUpperBody,RA,body3,body3._________46@RightArm@HumanoidUpperBody,162.0
RA,4,+,body6_1,body6_1.C1_SWSPS12_6_101@RightArm@HumanoidUpperBody,RA,body3,body3.____2@RightArm@HumanoidUpperBody,162.0
RA,4,+,body6_1,body6_1.C1_SWSPS12_6_103@RightArm@HumanoidUpperBody,RA,body3,body3.____3@RightArm@HumanoidUpperBody,162.0
RA,4,+,body6_2,body6_2.C1_SWSPS12_6_101@RightArm@HumanoidUpperBody,RA,body3,body3.____3@RightArm@HumanoidUpperBody,162.0
RA,4,+,body6_2,body6_2.C1_Body111@RightArm@HumanoidUpperBody,RA,body3,body3._________4@RightArm@HumanoidUpperBody,162.0
RA,4,+,body6_2,body6_2.C1_Body111@RightArm@HumanoidUpperBody,RA,body3,body3.____3@RightArm@HumanoidUpperBody,162.0
RA,4,+,body6_2,body6_2.C1_손목_Yaw_회전부_260420@RightArm@HumanoidUpperBody,RA,body3,body3.____3@RightArm@HumanoidUpperBody,162.0
RA,4,+,body6,body6.C1_________11@RightArm@HumanoidUpperBody,RA,body3,body3._________11@RightArm@HumanoidUpperBody,163.0
RA,4,+,body5,body5.손목_샤프트_260408_URDF@RightArm@HumanoidUpperBody,RA,body3,body3._________12@RightArm@HumanoidUpperBody,163.0
RA,4,+,body5,body5.손목_샤프트_260408_URDF1@RightArm@HumanoidUpperBody,RA,body3,body3._________12@RightArm@HumanoidUpperBody,163.0
RA,4,+,body5,body5.손목_Roll_회전부_260409_v2_URDF@RightArm@HumanoidUpperBody,RA,body3,body3._________46@RightArm@HumanoidUpperBody,163.0
RA,4,+,body4,body4.손목_Roll_체결부_260415_v2_URDF@RightArm@HumanoidUpperBody,RA,body3,body3._________46@RightArm@HumanoidUpperBody,163.0
RA,4,+,body6_1,body6_1.C1_손목_Yaw_링크_260511_Left_URDF@RightArm@HumanoidUpperBody,RA,body3,body3.____2@RightArm@HumanoidUpperBody,163.0
RA,4,+,body6_1,body6_1.C1_SWSPS12_6_101@RightArm@HumanoidUpperBody,RA,body3,body3.________2@RightArm@HumanoidUpperBody,163.0
RA,4,+,body6_1,body6_1.C1_SWSPS12_6_101@RightArm@HumanoidUpperBody,RA,body3,body3.어깨_Yaw_체결부_260415_URDF@RightArm@HumanoidUpperBody,163.0
RA,4,+,body6_1,body6_1.C1_SWSPS12_6_103@RightArm@HumanoidUpperBody,RA,body3,body3.____2@RightArm@HumanoidUpperBody,163.0
RA,4,+,body6_1,body6_1.C1_Body111@RightArm@HumanoidUpperBody,RA,body3,body3._________46@RightArm@HumanoidUpperBody,163.0
RA,4,+,body6_1,body6_1.C1_Body111@RightArm@HumanoidUpperBody,RA,body3,body3.____2@RightArm@HumanoidUpperBody,163.0
RA,4,+,body6_2,body6_2.C1_DBSY4_7_51@RightArm@HumanoidUpperBody,RA,body3,body3._________46@RightArm@HumanoidUpperBody,163.0
RA,4,+,body6_2,body6_2.C1_DBSY4_7_51@RightArm@HumanoidUpperBody,RA,body3,body3.____2@RightArm@HumanoidUpperBody,163.0
RA,4,+,body6_2,body6_2.C1_SWSPS12_6_101@RightArm@HumanoidUpperBody,RA,body3,body3.____2@RightArm@HumanoidUpperBody,163.0
RA,4,+,body6_2,body6_2.C1_SWSPS12_6_103@RightArm@HumanoidUpperBody,RA,body3,body3._________4@RightArm@HumanoidUpperBody,163.0
RA,4,+,body6_2,body6_2.C1_SWSPS12_6_103@RightArm@HumanoidUpperBody,RA,body3,body3.____3@RightArm@HumanoidUpperBody,163.0
RA,4,+,body6_2,body6_2.C1_손목_Yaw_회전부_260420@RightArm@HumanoidUpperBody,RA,body3,body3._________46@RightArm@HumanoidUpperBody,163.0
RA,4,+,body6_2,body6_2.C1_손목_Yaw_회전부_260420@RightArm@HumanoidUpperBody,RA,body3,body3.____2@RightArm@HumanoidUpperBody,163.0
RA,4,+,body6,body6.FL6700ZZ_Right_어깨양단지지_URDF@RightArm@HumanoidUpperBody,RA,body2,body2.어깨_Roll_Yaw_연결부_260422_URDF@RightArm@HumanoidUpperBody,164.0
RA,4,+,body5,body5.________11@RightArm@HumanoidUpperBody,RA,body3,body3._________4@RightArm@HumanoidUpperBody,164.0
RA,4,+,body5,body5.NONE@RightArm@HumanoidUpperBody,RA,body3,body3._________4@RightArm@HumanoidUpperBody,164.0
RA,4,+,body4,body4.팔꿈치_손목_연결부_샤프트_260413_URDF1@RightArm@HumanoidUpperBody,RA,body3,body3._________46@RightArm@HumanoidUpperBody,164.0
RA,4,+,body4,body4.팔꿈치_손목_연결부_샤프트_260413_URDF2@RightArm@HumanoidUpperBody,RA,body3,body3._________46@RightArm@HumanoidUpperBody,164.0
RA,4,+,body6_1,body6_1.C1_손목_Yaw_링크_260511_Left_URDF@RightArm@HumanoidUpperBody,RA,body3,body3._________46@RightArm@HumanoidUpperBody,164.0
RA,4,+,body6_1,body6_1.C1_손목_Yaw_링크_260511_Left_URDF@RightArm@HumanoidUpperBody,RA,body3,body3.어깨_Yaw_체결부_260415_URDF@RightArm@HumanoidUpperBody,164.0
RA,4,+,body6_1,body6_1.C1_SWSPS12_6_103@RightArm@HumanoidUpperBody,RA,body3,body3._________46@RightArm@HumanoidUpperBody,164.0
RA,4,+,body6_1,body6_1.C1_SWSPS12_6_103@RightArm@HumanoidUpperBody,RA,body3,body3.어깨_Yaw_체결부_260415_URDF@RightArm@HumanoidUpperBody,164.0
RA,4,+,body6_1,body6_1.C1_Body111@RightArm@HumanoidUpperBody,RA,body3,body3.________2@RightArm@HumanoidUpperBody,164.0
RA,4,+,body6_1,body6_1.C1_Body111@RightArm@HumanoidUpperBody,RA,body3,body3.어깨_Yaw_체결부_260415_URDF@RightArm@HumanoidUpperBody,164.0
RA,4,+,body6_2,body6_2.C1_DBSY4_7_51@RightArm@HumanoidUpperBody,RA,body3,body3.________2@RightArm@HumanoidUpperBody,164.0
RA,4,+,body6_2,body6_2.C1_DBSY4_7_51@RightArm@HumanoidUpperBody,RA,body3,body3.어깨_Yaw_체결부_260415_URDF@RightArm@HumanoidUpperBody,164.0
RA,4,+,body6_2,body6_2.C1_SWSPS12_6_101@RightArm@HumanoidUpperBody,RA,body3,body3._________46@RightArm@HumanoidUpperBody,164.0
RA,4,+,body6_2,body6_2.C1_SWSPS12_6_101@RightArm@HumanoidUpperBody,RA,body3,body3.어깨_Yaw_체결부_260415_URDF@RightArm@HumanoidUpperBody,164.0
RA,4,+,body6_2,body6_2.C1_Body111@RightArm@HumanoidUpperBody,RA,body3,body3._________46@RightArm@HumanoidUpperBody,164.0
RA,4,+,body6_2,body6_2.C1_Body111@RightArm@HumanoidUpperBody,RA,body3,body3.____2@RightArm@HumanoidUpperBody,164.0
RA,4,+,body6,body6.C1_손목_Pitch_베어링체결부_260407@RightArm@HumanoidUpperBody,RA,body3,body3.____3@RightArm@HumanoidUpperBody,165.0
RA,4,+,body7,body7.C1_손목_Pitch_회전부2_260415_URDF@RightArm@HumanoidUpperBody,RA,body1,body1.어깨_Pitch_고정연결부_260423_Right_어깨양단지지_B_URDF@RightArm@HumanoidUpperBody,165.0
RA,4,+,body5,body5.NONE@RightArm@HumanoidUpperBody,RA,body3,body3.____3@RightArm@HumanoidUpperBody,165.0
RA,4,+,body5,body5.손목_Roll_회전부_260409_v2_URDF@RightArm@HumanoidUpperBody,RA,body3,body3.____3@RightArm@HumanoidUpperBody,165.0
RA,4,+,body6_1,body6_1.C1_손목_Yaw_링크_260511_Left_URDF@RightArm@HumanoidUpperBody,RA,body3,body3.________2@RightArm@HumanoidUpperBody,165.0
RA,4,+,body6_1,body6_1.C1_손목_Yaw_링크_260511_Left_URDF@RightArm@HumanoidUpperBody,RA,body2,body2.어깨_Roll베어링_고정파트_URDF기본@RightArm@HumanoidUpperBody,165.0
RA,4,+,body6_1,body6_1.C1_SWSPS12_6_103@RightArm@HumanoidUpperBody,RA,body3,body3.________2@RightArm@HumanoidUpperBody,165.0
RA,4,+,body6_2,body6_2.C1_SWSPS12_6_101@RightArm@HumanoidUpperBody,RA,body3,body3.________2@RightArm@HumanoidUpperBody,165.0
RA,4,+,body6_2,body6_2.C1_SWSPS12_6_103@RightArm@HumanoidUpperBody,RA,body3,body3._________46@RightArm@HumanoidUpperBody,165.0
RA,4,+,body6_2,body6_2.C1_SWSPS12_6_103@RightArm@HumanoidUpperBody,RA,body3,body3.____2@RightArm@HumanoidUpperBody,165.0
RA,4,+,body6_2,body6_2.C1_Body111@RightArm@HumanoidUpperBody,RA,body3,body3.________2@RightArm@HumanoidUpperBody,165.0
RA,4,+,body6_2,body6_2.C1_Body111@RightArm@HumanoidUpperBody,RA,body3,body3.어깨_Yaw_체결부_260415_URDF@RightArm@HumanoidUpperBody,165.0
RA,4,+,body6,body6.C1_________11@RightArm@HumanoidUpperBody,RA,body2,body2.어깨_Roll_Yaw_연결부_260422_URDF@RightArm@HumanoidUpperBody,166.0
RA,4,+,body6,body6.C1_손목_Pitch_베어링체결부_260407@RightArm@HumanoidUpperBody,RA,body3,body3.____mm_______1@RightArm@HumanoidUpperBody,166.0
RA,4,+,body7,body7.C1_손목_Pitch_회전부2_260415_URDF@RightArm@HumanoidUpperBody,RA,body2,body2.어깨_Roll_베어링_연결부_260423_URDF@RightArm@HumanoidUpperBody,166.0
RA,4,+,body7,body7.C1_손목_Pitch_회전부2_260415_URDF@RightArm@HumanoidUpperBody,RA,body1,body1.어깨_Pitch_고정연결부_260423_Right_어깨양단지지_B_URDF1@RightArm@HumanoidUpperBody,166.0
RA,4,+,body7,body7.C1_손목_Pitch_회전부2_260415_URDF@RightArm@HumanoidUpperBody,RA,body1,body1.____2@RightArm@HumanoidUpperBody,166.0
RA,4,+,body5,body5.손목_Roll_회전부3_260409_v2_URDF@RightArm@HumanoidUpperBody,RA,body3,body3._________4@RightArm@HumanoidUpperBody,166.0
RA,4,+,body5,body5.손목_Roll_회전부3_260409_v2_URDF@RightArm@HumanoidUpperBody,RA,body3,body3.____3@RightArm@HumanoidUpperBody,166.0
RA,4,+,body5,body5.________11@RightArm@HumanoidUpperBody,RA,body3,body3.____3@RightArm@HumanoidUpperBody,166.0
RA,4,+,body4,body4.________11@RightArm@HumanoidUpperBody,RA,body3,body3.____2@RightArm@HumanoidUpperBody,166.0
RA,4,+,body6_2,body6_2.C1_SWSPS12_6_103@RightArm@HumanoidUpperBody,RA,body3,body3.________2@RightArm@HumanoidUpperBody,166.0
RA,4,+,body6_2,body6_2.C1_SWSPS12_6_103@RightArm@HumanoidUpperBody,RA,body3,body3.어깨_Yaw_체결부_260415_URDF@RightArm@HumanoidUpperBody,166.0
RA,4,+,body6_2,body6_2.C1_손목_Yaw_회전부_260420@RightArm@HumanoidUpperBody,RA,body3,body3.________2@RightArm@HumanoidUpperBody,166.0
RA,4,+,body6_2,body6_2.C1_손목_Yaw_회전부_260420@RightArm@HumanoidUpperBody,RA,body3,body3.____mm_______1@RightArm@HumanoidUpperBody,166.0
RA,4,+,body6_2,body6_2.C1_손목_Yaw_회전부_260420@RightArm@HumanoidUpperBody,RA,body3,body3.어깨_Yaw_체결부_260415_URDF@RightArm@HumanoidUpperBody,166.0
RA,4,+,body6_2,body6_2.C1_손목_Yaw_회전부_260420@RightArm@HumanoidUpperBody,RA,body2,body2.어깨_Roll베어링_고정파트_URDF기본@RightArm@HumanoidUpperBody,166.0
RA,4,+,body6,body6.C1_손목_Pitch_베어링체결부_260407@RightArm@HumanoidUpperBody,RA,body3,body3.________2@RightArm@HumanoidUpperBody,167.0
RA,4,+,body6,body6.C1_손목_Pitch_베어링체결부_260407@RightArm@HumanoidUpperBody,RA,body3,body3.어깨_Yaw_체결부_260415_URDF@RightArm@HumanoidUpperBody,167.0
RA,4,+,body7,body7.C1_손목_Pitch_회전부2_260415_URDF@RightArm@HumanoidUpperBody,RA,body1,body1.베어링_6809_URDF@RightArm@HumanoidUpperBody,167.0
RA,4,+,body5,body5.________11@RightArm@HumanoidUpperBody,RA,body3,body3._________46@RightArm@HumanoidUpperBody,167.0
RA,4,+,body5,body5.________11@RightArm@HumanoidUpperBody,RA,body3,body3.____2@RightArm@HumanoidUpperBody,167.0
RA,4,+,body5,body5.NONE@RightArm@HumanoidUpperBody,RA,body3,body3._________46@RightArm@HumanoidUpperBody,167.0
RA,4,+,body5,body5.NONE@RightArm@HumanoidUpperBody,RA,body3,body3.____2@RightArm@HumanoidUpperBody,167.0
RA,4,+,body6,body6.C1_SWSPS12_6_10@RightArm@HumanoidUpperBody,RA,body3,body3.____3@RightArm@HumanoidUpperBody,168.0
RA,4,+,body6,body6.C1_Body11@RightArm@HumanoidUpperBody,RA,body3,body3.____3@RightArm@HumanoidUpperBody,168.0
RA,4,+,body7,body7.C1_손목_Pitch_회전부2_260415_URDF@RightArm@HumanoidUpperBody,RA,body1,body1._________46@RightArm@HumanoidUpperBody,168.0
RA,4,+,body5,body5.손목_샤프트_260408_URDF@RightArm@HumanoidUpperBody,RA,body3,body3._________4@RightArm@HumanoidUpperBody,168.0
RA,4,+,body5,body5.손목_샤프트_260408_URDF1@RightArm@HumanoidUpperBody,RA,body3,body3._________4@RightArm@HumanoidUpperBody,168.0
RA,4,+,body5,body5.손목_Roll_회전부3_260409_v2_URDF@RightArm@HumanoidUpperBody,RA,body3,body3._________46@RightArm@HumanoidUpperBody,168.0
RA,4,+,body5,body5.손목_Roll_회전부3_260409_v2_URDF@RightArm@HumanoidUpperBody,RA,body3,body3.____2@RightArm@HumanoidUpperBody,168.0
RA,4,+,body5,body5.손목_Roll_회전부3_260409_v2_URDF@RightArm@HumanoidUpperBody,RA,body2,body2.어깨_Roll베어링_고정파트_URDF기본@RightArm@HumanoidUpperBody,168.0
RA,4,+,body5,body5.손목_Roll_회전부3_260409_v2_URDF@RightArm@HumanoidUpperBody,RA,body2,body2.어깨_Roll베어링_고정파트_URDF기본1@RightArm@HumanoidUpperBody,168.0
RA,4,+,body5,body5.NONE@RightArm@HumanoidUpperBody,RA,body3,body3.어깨_Yaw_체결부_260415_URDF@RightArm@HumanoidUpperBody,168.0
RA,4,+,body4,body4.________11@RightArm@HumanoidUpperBody,RA,body3,body3._________46@RightArm@HumanoidUpperBody,168.0
RA,4,+,body6_1,body6_1.C1_SWSPS12_6_10@RightArm@HumanoidUpperBody,RA,body3,body3.____3@RightArm@HumanoidUpperBody,168.0
RA,4,+,body6_1,body6_1.C1_Body11@RightArm@HumanoidUpperBody,RA,body3,body3.____3@RightArm@HumanoidUpperBody,168.0
RA,4,+,body6,body6.FL6700ZZ_Right_어깨양단지지_URDF@RightArm@HumanoidUpperBody,RA,body3,body3.____3@RightArm@HumanoidUpperBody,169.0
RA,4,+,body6,body6.C1_DBSY4_7_5@RightArm@HumanoidUpperBody,RA,body3,body3.____3@RightArm@HumanoidUpperBody,169.0
RA,4,+,body6,body6.C1_DBSY4_7_5@RightArm@HumanoidUpperBody,RA,body2,body2.어깨_Roll베어링_고정파트_URDF기본@RightArm@HumanoidUpperBody,169.0
RA,4,+,body6,body6.C1_SWSPS12_6_10@RightArm@HumanoidUpperBody,RA,body3,body3.어깨_Yaw_체결부_260415_URDF@RightArm@HumanoidUpperBody,169.0
RA,4,+,body6,body6.C1_SWSPS12_6_102@RightArm@HumanoidUpperBody,RA,body3,body3.____3@RightArm@HumanoidUpperBody,169.0
RA,4,+,body6,body6.C1_손목_Pitch_고정부_260415@RightArm@HumanoidUpperBody,RA,body3,body3._________11@RightArm@HumanoidUpperBody,169.0
RA,4,+,body5,body5.손목_샤프트_260408_URDF@RightArm@HumanoidUpperBody,RA,body3,body3.____3@RightArm@HumanoidUpperBody,169.0
RA,4,+,body5,body5.손목_샤프트_260408_URDF@RightArm@HumanoidUpperBody,RA,body2,body2.어깨_Roll베어링_고정파트_URDF기본@RightArm@HumanoidUpperBody,169.0
RA,4,+,body5,body5.손목_샤프트_260408_URDF1@RightArm@HumanoidUpperBody,RA,body3,body3.____3@RightArm@HumanoidUpperBody,169.0
RA,4,+,body5,body5.손목_샤프트_260408_URDF1@RightArm@HumanoidUpperBody,RA,body2,body2.어깨_Roll베어링_고정파트_URDF기본1@RightArm@HumanoidUpperBody,169.0
RA,4,+,body5,body5.손목_Roll_회전부3_260409_v2_URDF@RightArm@HumanoidUpperBody,RA,body3,body3.________2@RightArm@HumanoidUpperBody,169.0
RA,4,+,body5,body5.손목_Roll_회전부3_260409_v2_URDF@RightArm@HumanoidUpperBody,RA,body3,body3.____mm_______1@RightArm@HumanoidUpperBody,169.0
RA,4,+,body5,body5.손목_Roll_회전부3_260409_v2_URDF@RightArm@HumanoidUpperBody,RA,body3,body3.어깨_Yaw_체결부_260415_URDF@RightArm@HumanoidUpperBody,169.0
RA,4,+,body5,body5.________11@RightArm@HumanoidUpperBody,RA,body3,body3.____mm_______1@RightArm@HumanoidUpperBody,169.0
RA,4,+,body5,body5.________11@RightArm@HumanoidUpperBody,RA,body3,body3.어깨_Yaw_체결부_260415_URDF@RightArm@HumanoidUpperBody,169.0
RA,4,+,body5,body5.________11@RightArm@HumanoidUpperBody,RA,body2,body2.어깨_Roll베어링_고정파트_URDF기본@RightArm@HumanoidUpperBody,169.0
RA,4,+,body5,body5.________11@RightArm@HumanoidUpperBody,RA,body2,body2.어깨_Roll베어링_고정파트_URDF기본1@RightArm@HumanoidUpperBody,169.0
RA,4,+,body5,body5.NONE@RightArm@HumanoidUpperBody,RA,body3,body3.________2@RightArm@HumanoidUpperBody,169.0
RA,4,+,body5,body5.NONE@RightArm@HumanoidUpperBody,RA,body3,body3.____mm_______1@RightArm@HumanoidUpperBody,169.0
RA,4,+,body6_1,body6_1.C1_SWSPS12_6_10@RightArm@HumanoidUpperBody,RA,body3,body3.어깨_Yaw_체결부_260415_URDF@RightArm@HumanoidUpperBody,169.0
RA,4,+,body6_1,body6_1.C1_SWSPS12_6_102@RightArm@HumanoidUpperBody,RA,body3,body3.____3@RightArm@HumanoidUpperBody,169.0
RA,4,+,body6,body6.FL6700ZZ_Right_어깨양단지지_URDF@RightArm@HumanoidUpperBody,RA,body3,body3.____mm_______1@RightArm@HumanoidUpperBody,170.0
RA,4,+,body6,body6.FL6700ZZ_Right_어깨양단지지_URDF@RightArm@HumanoidUpperBody,RA,body3,body3.어깨_Yaw_체결부_260415_URDF@RightArm@HumanoidUpperBody,170.0
RA,4,+,body6,body6.C1_DBSY4_7_5@RightArm@HumanoidUpperBody,RA,body3,body3.____mm_______1@RightArm@HumanoidUpperBody,170.0
RA,4,+,body6,body6.C1_DBSY4_7_5@RightArm@HumanoidUpperBody,RA,body3,body3.어깨_Yaw_체결부_260415_URDF@RightArm@HumanoidUpperBody,170.0
RA,4,+,body6,body6.C1_SWSPS12_6_10@RightArm@HumanoidUpperBody,RA,body3,body3.________2@RightArm@HumanoidUpperBody,170.0
RA,4,+,body6,body6.C1_SWSPS12_6_102@RightArm@HumanoidUpperBody,RA,body3,body3.어깨_Yaw_체결부_260415_URDF@RightArm@HumanoidUpperBody,170.0
RA,4,+,body6,body6.C1_손목_Pitch_링크고정부2_260408@RightArm@HumanoidUpperBody,RA,body3,body3.____3@RightArm@HumanoidUpperBody,170.0
RA,4,+,body6,body6.C1_Body11@RightArm@HumanoidUpperBody,RA,body3,body3.________2@RightArm@HumanoidUpperBody,170.0
RA,4,+,body6,body6.C1_Body11@RightArm@HumanoidUpperBody,RA,body3,body3.어깨_Yaw_체결부_260415_URDF@RightArm@HumanoidUpperBody,170.0
RA,4,+,body7,body7.C1_손목_Pitch_회전부2_260415_URDF@RightArm@HumanoidUpperBody,RA,body1,body1._________4@RightArm@HumanoidUpperBody,170.0
RA,4,+,body7,body7.C1_손목_Pitch_회전부_260415_URDF@RightArm@HumanoidUpperBody,RA,body2,body2.어깨_Roll베어링_고정파트_URDF기본1@RightArm@HumanoidUpperBody,170.0
RA,4,+,body5,body5.손목_샤프트_260408_URDF@RightArm@HumanoidUpperBody,RA,body3,body3._________46@RightArm@HumanoidUpperBody,170.0
RA,4,+,body5,body5.손목_샤프트_260408_URDF@RightArm@HumanoidUpperBody,RA,body3,body3.____2@RightArm@HumanoidUpperBody,170.0
RA,4,+,body5,body5.손목_샤프트_260408_URDF@RightArm@HumanoidUpperBody,RA,body3,body3.____mm_______1@RightArm@HumanoidUpperBody,170.0
RA,4,+,body5,body5.손목_샤프트_260408_URDF1@RightArm@HumanoidUpperBody,RA,body3,body3._________46@RightArm@HumanoidUpperBody,170.0
RA,4,+,body5,body5.손목_샤프트_260408_URDF1@RightArm@HumanoidUpperBody,RA,body3,body3.____2@RightArm@HumanoidUpperBody,170.0
RA,4,+,body5,body5.손목_샤프트_260408_URDF1@RightArm@HumanoidUpperBody,RA,body3,body3.____mm_______1@RightArm@HumanoidUpperBody,170.0
RA,4,+,body5,body5.________11@RightArm@HumanoidUpperBody,RA,body3,body3.________2@RightArm@HumanoidUpperBody,170.0
RA,4,+,body6_1,body6_1.C1_SWSPS12_6_10@RightArm@HumanoidUpperBody,RA,body3,body3.________2@RightArm@HumanoidUpperBody,170.0
RA,4,+,body6_1,body6_1.C1_SWSPS12_6_102@RightArm@HumanoidUpperBody,RA,body3,body3.어깨_Yaw_체결부_260415_URDF@RightArm@HumanoidUpperBody,170.0
RA,4,+,body6_1,body6_1.C1_Body11@RightArm@HumanoidUpperBody,RA,body3,body3.________2@RightArm@HumanoidUpperBody,170.0
RA,4,+,body6_1,body6_1.C1_Body11@RightArm@HumanoidUpperBody,RA,body3,body3.어깨_Yaw_체결부_260415_URDF@RightArm@HumanoidUpperBody,170.0
RA,4,+,body6,body6.FL6700ZZ_Right_어깨양단지지_URDF@RightArm@HumanoidUpperBody,RA,body3,body3.________2@RightArm@HumanoidUpperBody,171.0
RA,4,+,body6,body6.C1_DBSY4_7_5@RightArm@HumanoidUpperBody,RA,body3,body3.________2@RightArm@HumanoidUpperBody,171.0
RA,4,+,body6,body6.C1_SWSPS12_6_102@RightArm@HumanoidUpperBody,RA,body3,body3.________2@RightArm@HumanoidUpperBody,171.0
RA,4,+,body6,body6.C1_손목_Pitch_링크고정부_260415@RightArm@HumanoidUpperBody,RA,body2,body2.어깨_Roll_Yaw_연결부_260422_URDF@RightArm@HumanoidUpperBody,171.0
RA,4,+,body6,body6.C1_손목_Pitch_고정부_260415@RightArm@HumanoidUpperBody,RA,body2,body2.어깨_Roll_Yaw_연결부_260422_URDF@RightArm@HumanoidUpperBody,171.0
RA,4,+,body6,body6.C1_손목_Pitch_링크고정부2_260408@RightArm@HumanoidUpperBody,RA,body2,body2.어깨_Roll베어링_고정파트_URDF기본@RightArm@HumanoidUpperBody,171.0
RA,4,+,body6,body6.C1_________11@RightArm@HumanoidUpperBody,RA,body3,body3._________4@RightArm@HumanoidUpperBody,171.0
RA,4,+,body6,body6.C1_________11@RightArm@HumanoidUpperBody,RA,body3,body3.____3@RightArm@HumanoidUpperBody,171.0
RA,4,+,body6,body6.C1_________11@RightArm@HumanoidUpperBody,RA,body2,body2.어깨_Roll베어링_고정파트_URDF기본@RightArm@HumanoidUpperBody,171.0
RA,4,+,body6,body6.C1_________11@RightArm@HumanoidUpperBody,RA,body2,body2.어깨_Roll베어링_고정파트_URDF기본1@RightArm@HumanoidUpperBody,171.0
RA,4,+,body7,body7.C1_손목_Pitch_회전부_260415_URDF@RightArm@HumanoidUpperBody,RA,body3,body3.________2@RightArm@HumanoidUpperBody,171.0
RA,4,+,body7,body7.C1_손목_Pitch_회전부_260415_URDF@RightArm@HumanoidUpperBody,RA,body3,body3.어깨_Yaw_체결부_260415_URDF@RightArm@HumanoidUpperBody,171.0
RA,4,+,body5,body5.손목_샤프트_260408_URDF@RightArm@HumanoidUpperBody,RA,body3,body3.________2@RightArm@HumanoidUpperBody,171.0
RA,4,+,body5,body5.손목_샤프트_260408_URDF@RightArm@HumanoidUpperBody,RA,body3,body3.어깨_Yaw_체결부_260415_URDF@RightArm@HumanoidUpperBody,171.0
RA,4,+,body5,body5.손목_샤프트_260408_URDF1@RightArm@HumanoidUpperBody,RA,body3,body3.________2@RightArm@HumanoidUpperBody,171.0
RA,4,+,body5,body5.손목_샤프트_260408_URDF1@RightArm@HumanoidUpperBody,RA,body3,body3.어깨_Yaw_체결부_260415_URDF@RightArm@HumanoidUpperBody,171.0
RA,4,+,body6_1,body6_1.C1_SWSPS12_6_102@RightArm@HumanoidUpperBody,RA,body3,body3.________2@RightArm@HumanoidUpperBody,171.0
RA,4,+,body6,body6.C1_손목_Pitch_링크고정부2_260408@RightArm@HumanoidUpperBody,RA,body3,body3.________2@RightArm@HumanoidUpperBody,172.0
RA,4,+,body6,body6.C1_손목_Pitch_링크고정부2_260408@RightArm@HumanoidUpperBody,RA,body3,body3.____mm_______1@RightArm@HumanoidUpperBody,172.0
RA,4,+,body6,body6.C1_손목_Pitch_링크고정부2_260408@RightArm@HumanoidUpperBody,RA,body3,body3.어깨_Yaw_체결부_260415_URDF@RightArm@HumanoidUpperBody,172.0
RA,4,+,body6,body6.C1_________11@RightArm@HumanoidUpperBody,RA,body3,body3.____mm_______1@RightArm@HumanoidUpperBody,172.0
RA,4,+,body6,body6.C1_NONE@RightArm@HumanoidUpperBody,RA,body2,body2.어깨_Roll_Yaw_연결부_260422_URDF@RightArm@HumanoidUpperBody,172.0
RA,4,+,body7,body7.C1_손목_Pitch_회전부2_260415_URDF@RightArm@HumanoidUpperBody,RA,body2,body2.어깨_Roll_Yaw_연결부_260422_URDF@RightArm@HumanoidUpperBody,172.0
RA,4,+,body6,body6.C1_________11@RightArm@HumanoidUpperBody,RA,body3,body3.________2@RightArm@HumanoidUpperBody,173.0
RA,4,+,body6,body6.C1_________11@RightArm@HumanoidUpperBody,RA,body3,body3.어깨_Yaw_체결부_260415_URDF@RightArm@HumanoidUpperBody,173.0
RA,4,+,body6,body6.C1_손목_Pitch_베어링체결부_260409@RightArm@HumanoidUpperBody,RA,body2,body2.어깨_Roll_Yaw_연결부_260422_URDF@RightArm@HumanoidUpperBody,174.0
RA,4,+,body7,body7.C1_손목_Pitch_회전부2_260415_URDF@RightArm@HumanoidUpperBody,RA,body1,body1.____3@RightArm@HumanoidUpperBody,174.0
RA,4,+,body7,body7.C1_손목_Pitch_회전부_260415_URDF@RightArm@HumanoidUpperBody,RA,body2,body2.어깨_Roll_연결부_260423_URDF@RightArm@HumanoidUpperBody,174.0
RA,4,+,body6,body6.C1_손목_Pitch_고정부_260415@RightArm@HumanoidUpperBody,RA,body1,body1.어깨_Pitch_회전부_260423_Right_어깨양단지지_URDF@RightArm@HumanoidUpperBody,176.0
RA,4,+,body4,body4.팔꿈치_손목_연결부_샤프트_260413_URDF@RightArm@HumanoidUpperBody,RA,body3,body3.어깨_팔꿈치_연결부_샤프트_260413_URDF2@RightArm@HumanoidUpperBody,176.0
RA,4,+,body4,body4.팔꿈치_손목_연결부_샤프트_260413_URDF@RightArm@HumanoidUpperBody,RA,body3,body3.어깨_팔꿈치_연결부_샤프트_260413_URDF3@RightArm@HumanoidUpperBody,176.0
RA,4,+,body4,body4.팔꿈치_손목_연결부_샤프트_260413_URDF3@RightArm@HumanoidUpperBody,RA,body3,body3.어깨_팔꿈치_연결부_샤프트_260413_URDF@RightArm@HumanoidUpperBody,176.0
RA,4,+,body4,body4.팔꿈치_손목_연결부_샤프트_260413_URDF3@RightArm@HumanoidUpperBody,RA,body3,body3.어깨_팔꿈치_연결부_샤프트_260413_URDF1@RightArm@HumanoidUpperBody,176.0
RA,4,+,body6,body6.C1_손목_Pitch_링크고정부_260415@RightArm@HumanoidUpperBody,RA,body3,body3._________4@RightArm@HumanoidUpperBody,177.0
RA,4,+,body6,body6.C1_손목_Pitch_링크고정부_260415@RightArm@HumanoidUpperBody,RA,body3,body3.____3@RightArm@HumanoidUpperBody,177.0
RA,4,+,body6,body6.C1_손목_Pitch_링크고정부_260415@RightArm@HumanoidUpperBody,RA,body2,body2.어깨_Roll베어링_고정파트_URDF기본@RightArm@HumanoidUpperBody,177.0
RA,4,+,body6,body6.C1_손목_Pitch_고정부_260415@RightArm@HumanoidUpperBody,RA,body3,body3._________4@RightArm@HumanoidUpperBody,177.0
RA,4,+,body6,body6.C1_손목_Pitch_고정부_260415@RightArm@HumanoidUpperBody,RA,body3,body3.____3@RightArm@HumanoidUpperBody,177.0
RA,4,+,body6,body6.C1_손목_Pitch_고정부_260415@RightArm@HumanoidUpperBody,RA,body2,body2.어깨_Roll베어링_고정파트_URDF기본1@RightArm@HumanoidUpperBody,177.0
RA,4,+,body6,body6.C1_NONE@RightArm@HumanoidUpperBody,RA,body3,body3.____3@RightArm@HumanoidUpperBody,177.0
RA,4,+,body6,body6.C1_NONE@RightArm@HumanoidUpperBody,RA,body2,body2.어깨_Roll베어링_고정파트_URDF기본1@RightArm@HumanoidUpperBody,177.0
RA,4,+,body7,body7.C1_손목_Pitch_회전부2_260415_URDF@RightArm@HumanoidUpperBody,RA,body2,body2.어깨_Roll베어링_고정파트_URDF기본@RightArm@HumanoidUpperBody,177.0
RA,4,+,body7,body7.C1_손목_Pitch_회전부2_260415_URDF@RightArm@HumanoidUpperBody,RA,body2,body2.어깨_Roll베어링_고정파트_URDF기본1@RightArm@HumanoidUpperBody,177.0
RA,4,+,body7,body7.C1_손목_Pitch_회전부2_260415_URDF@RightArm@HumanoidUpperBody,RA,body1,body1.어깨_Pitch_고정연결부_260423_A_URDF@RightArm@HumanoidUpperBody,177.0
RA,4,+,body7,body7.C1_손목_Pitch_회전부2_260415_URDF@RightArm@HumanoidUpperBody,RA,body1,body1.________2@RightArm@HumanoidUpperBody,177.0
RA,4,+,body5,body5.손목_Yaw_01_URDF@RightArm@HumanoidUpperBody,RA,body2,body2.어깨_Roll_Yaw_연결부_260422_URDF@RightArm@HumanoidUpperBody,177.0
RA,4,+,body6,body6.C1_손목_Pitch_링크고정부_260415@RightArm@HumanoidUpperBody,RA,body3,body3.____mm_______1@RightArm@HumanoidUpperBody,178.0
RA,4,+,body6,body6.C1_손목_Pitch_고정부_260415@RightArm@HumanoidUpperBody,RA,body3,body3.____mm_______1@RightArm@HumanoidUpperBody,178.0
RA,4,+,body6,body6.C1_NONE@RightArm@HumanoidUpperBody,RA,body3,body3.____mm_______1@RightArm@HumanoidUpperBody,178.0
RA,4,+,body7,body7.C1_손목_Pitch_회전부2_260415_URDF@RightArm@HumanoidUpperBody,RA,body1,body1._________12@RightArm@HumanoidUpperBody,178.0
RA,4,+,body5,body5.손목_Yaw_01_URDF@RightArm@HumanoidUpperBody,RA,body3,body3._________12@RightArm@HumanoidUpperBody,178.0
RA,4,+,body5,body5.손목_Roll_회전부2_260409_v2_URDF@RightArm@HumanoidUpperBody,RA,body3,body3._________11@RightArm@HumanoidUpperBody,178.0
RA,4,+,body6,body6.FL6700ZZ_Right_어깨양단지지_URDF1@RightArm@HumanoidUpperBody,RA,body2,body2.어깨_Roll_Yaw_연결부_260422_URDF@RightArm@HumanoidUpperBody,179.0
RA,4,+,body6,body6.C1_손목_Pitch_링크고정부_260415@RightArm@HumanoidUpperBody,RA,body3,body3.________2@RightArm@HumanoidUpperBody,179.0
RA,4,+,body6,body6.C1_손목_Pitch_링크고정부_260415@RightArm@HumanoidUpperBody,RA,body3,body3.어깨_Yaw_체결부_260415_URDF@RightArm@HumanoidUpperBody,179.0
RA,4,+,body6,body6.C1_손목_Pitch_고정부_260415@RightArm@HumanoidUpperBody,RA,body3,body3.________2@RightArm@HumanoidUpperBody,179.0
RA,4,+,body6,body6.C1_손목_Pitch_고정부_260415@RightArm@HumanoidUpperBody,RA,body3,body3.어깨_Yaw_체결부_260415_URDF@RightArm@HumanoidUpperBody,179.0
RA,4,+,body6,body6.C1_손목_Pitch_베어링체결부_260409@RightArm@HumanoidUpperBody,RA,body3,body3.____3@RightArm@HumanoidUpperBody,179.0
RA,4,+,body6,body6.C1_NONE@RightArm@HumanoidUpperBody,RA,body3,body3.________2@RightArm@HumanoidUpperBody,179.0
RA,4,+,body6,body6.C1_NONE@RightArm@HumanoidUpperBody,RA,body3,body3.어깨_Yaw_체결부_260415_URDF@RightArm@HumanoidUpperBody,179.0
RA,4,+,body7,body7.C1_손목_Pitch_회전부2_260415_URDF@RightArm@HumanoidUpperBody,RA,body1,body1.____mm_______1@RightArm@HumanoidUpperBody,179.0
RA,4,+,body6,body6.C1_손목_Pitch_베어링체결부_260409@RightArm@HumanoidUpperBody,RA,body3,body3.____mm_______1@RightArm@HumanoidUpperBody,180.0
RA,4,+,body6,body6.C1_손목_Pitch_베어링체결부_260409@RightArm@HumanoidUpperBody,RA,body3,body3.어깨_Yaw_체결부_260415_URDF@RightArm@HumanoidUpperBody,180.0
RA,4,+,body5,body5.손목_Roll_회전부2_260409_v2_URDF@RightArm@HumanoidUpperBody,RA,body2,body2.어깨_Roll_Yaw_연결부_260422_URDF@RightArm@HumanoidUpperBody,180.0
RA,4,-,body4,body4.팔꿈치_Pitch_회전부_260427_URDF@RightArm@HumanoidUpperBody,RA,body3,body3.어깨_Yaw_팔꿈치_연결부_260423_URDF@RightArm@HumanoidUpperBody,-0.0
RA,4,-,body4,body4.팔꿈치_Pitch_회전부_260427_URDF@RightArm@HumanoidUpperBody,RA,body3,body3.어깨_팔꿈치_연결부_260416_URDF@RightArm@HumanoidUpperBody,-0.0
RA,4,-,body4,body4.팔꿈치_Pitch_회전부_260427_URDF@RightArm@HumanoidUpperBody,RA,body3,body3.NONE@RightArm@HumanoidUpperBody,-0.0
RA,4,-,body4,body4.팔꿈치_Pitch_회전부_260427_URDF@RightArm@HumanoidUpperBody,RA,body3,body3.________11@RightArm@HumanoidUpperBody,-0.0
RA,4,-,body4,body4.팔꿈치_Pitch_회전부2_260427_URDF@RightArm@HumanoidUpperBody,RA,body3,body3.팔꿈치_스토퍼_260424_URDF@RightArm@HumanoidUpperBody,-0.0
RA,4,-,body4,body4.팔꿈치_Pitch_회전부2_260427_URDF@RightArm@HumanoidUpperBody,RA,body3,body3.어깨_Yaw_팔꿈치_연결부_B_260423_URDF@RightArm@HumanoidUpperBody,-0.0
RA,4,-,body4,body4.팔꿈치_Pitch_회전부2_260427_URDF@RightArm@HumanoidUpperBody,RA,body3,body3.어깨_팔꿈치_연결부_260416_URDF@RightArm@HumanoidUpperBody,-0.0
RA,4,-,body4,body4.팔꿈치_Pitch_회전부2_260427_URDF@RightArm@HumanoidUpperBody,RA,body3,body3.베어링_6708U_H_URDF@RightArm@HumanoidUpperBody,-0.0
RA,4,-,body4,body4.팔꿈치_Pitch_회전부2_260427_URDF@RightArm@HumanoidUpperBody,RA,body3,body3.팔꿈치_끝단베어링_체결부_260417_URDF@RightArm@HumanoidUpperBody,-0.0
RA,4,-,body4,body4.팔꿈치_Pitchl베어링_고정파트_URDF기본1@RightArm@HumanoidUpperBody,RA,body3,body3.NONE@RightArm@HumanoidUpperBody,-5.0
RA,4,-,body4,body4.팔꿈치_Pitchl베어링_고정파트_URDF기본1@RightArm@HumanoidUpperBody,RA,body3,body3.________11@RightArm@HumanoidUpperBody,-21.0
RA,4,-,body4,body4.팔꿈치_Pitchl베어링_고정파트_URDF기본@RightArm@HumanoidUpperBody,RA,body3,body3.NONE@RightArm@HumanoidUpperBody,-52.0
RA,4,-,body4,body4.팔꿈치_Pitchl베어링_고정파트_URDF기본1@RightArm@HumanoidUpperBody,RA,body3,body3.팔꿈치_스토퍼_260424_URDF@RightArm@HumanoidUpperBody,-53.0
RA,4,-,body4,body4.팔꿈치_Pitchl베어링_고정파트_URDF기본1@RightArm@HumanoidUpperBody,RA,body3,body3.어깨_Yaw_팔꿈치_연결부_B_260423_URDF@RightArm@HumanoidUpperBody,-54.0
RA,4,-,body4,body4.팔꿈치_Pitchl베어링_고정파트_URDF기본1@RightArm@HumanoidUpperBody,RA,body3,body3.어깨_Yaw_팔꿈치_연결부_260423_URDF@RightArm@HumanoidUpperBody,-58.0
RA,4,-,body4,body4.팔꿈치_Pitchl베어링_고정파트_URDF기본1@RightArm@HumanoidUpperBody,RA,body3,body3.팔꿈치_끝단베어링_체결부_260417_URDF@RightArm@HumanoidUpperBody,-59.0
RA,4,-,body4,body4.팔꿈치_Pitchl베어링_고정파트_URDF기본@RightArm@HumanoidUpperBody,RA,body3,body3.________11@RightArm@HumanoidUpperBody,-64.0
RA,4,-,body4,body4.팔꿈치_Pitchl베어링_고정파트_URDF기본@RightArm@HumanoidUpperBody,RA,body3,body3.팔꿈치_끝단베어링_체결부_260417_URDF@RightArm@HumanoidUpperBody,-106.0
RA,4,-,body4,body4.팔꿈치_Pitchl베어링_고정파트_URDF기본@RightArm@HumanoidUpperBody,RA,body3,body3.팔꿈치_스토퍼_260424_URDF@RightArm@HumanoidUpperBody,-111.0
RA,4,-,body4,body4.팔꿈치_Pitchl베어링_고정파트_URDF기본@RightArm@HumanoidUpperBody,RA,body3,body3.어깨_Yaw_팔꿈치_연결부_B_260423_URDF@RightArm@HumanoidUpperBody,-112.0
RA,4,-,body4,body4.팔꿈치_Pitchl베어링_고정파트_URDF기본@RightArm@HumanoidUpperBody,RA,body3,body3.어깨_Yaw_팔꿈치_연결부_260423_URDF@RightArm@HumanoidUpperBody,-116.0
RA,4,-,body5,body5.손목_Roll_회전부2_260409_v2_URDF@RightArm@HumanoidUpperBody,RA,body3,body3.어깨_팔꿈치_연결부_샤프트_260413_URDF1@RightArm@HumanoidUpperBody,-128.0
RA,4,-,body5,body5.손목_Roll_회전부2_260409_v2_URDF@RightArm@HumanoidUpperBody,RA,body3,body3.어깨_팔꿈치_연결부_샤프트_260413_URDF3@RightArm@HumanoidUpperBody,-128.0
RA,4,-,body4,body4.팔꿈치_Pitchl베어링_고정파트_URDF기본1@RightArm@HumanoidUpperBody,RA,body3,body3.어깨_팔꿈치_연결부_260416_URDF@RightArm@HumanoidUpperBody,-134.0
RA,4,-,body4,body4.손목_Roll_체결부_260415_v2_URDF@RightArm@HumanoidUpperBody,RA,body3,body3.어깨_팔꿈치_연결부_샤프트_260413_URDF1@RightArm@HumanoidUpperBody,-141.0
RA,4,-,body4,body4.손목_Roll_체결부_260415_v2_URDF@RightArm@HumanoidUpperBody,RA,body3,body3.어깨_팔꿈치_연결부_샤프트_260413_URDF3@RightArm@HumanoidUpperBody,-141.0
RA,4,-,body4,body4.손목_Roll_체결부_260415_v2_URDF@RightArm@HumanoidUpperBody,RA,body3,body3.어깨_팔꿈치_연결부_샤프트_260413_URDF@RightArm@HumanoidUpperBody,-144.0
RA,4,-,body4,body4.손목_Roll_체결부_260415_v2_URDF@RightArm@HumanoidUpperBody,RA,body3,body3.어깨_팔꿈치_연결부_샤프트_260413_URDF2@RightArm@HumanoidUpperBody,-144.0
RA,4,-,body4,body4.NONE@RightArm@HumanoidUpperBody,RA,body3,body3.어깨_팔꿈치_연결부_샤프트_260413_URDF@RightArm@HumanoidUpperBody,-145.0
RA,4,-,body4,body4.NONE@RightArm@HumanoidUpperBody,RA,body3,body3.어깨_팔꿈치_연결부_샤프트_260413_URDF1@RightArm@HumanoidUpperBody,-145.0
RA,4,-,body4,body4.NONE@RightArm@HumanoidUpperBody,RA,body3,body3.어깨_팔꿈치_연결부_샤프트_260413_URDF2@RightArm@HumanoidUpperBody,-145.0
RA,4,-,body4,body4.NONE@RightArm@HumanoidUpperBody,RA,body3,body3.어깨_팔꿈치_연결부_샤프트_260413_URDF3@RightArm@HumanoidUpperBody,-145.0
RA,4,-,body4,body4.팔꿈치_Pitch_회전부3_260422_URDF@RightArm@HumanoidUpperBody,RA,body3,body3.어깨_팔꿈치_연결부_260416_URDF@RightArm@HumanoidUpperBody,-145.0
RA,4,-,body5,body5.손목_Roll_회전부3_260409_v2_URDF@RightArm@HumanoidUpperBody,RA,body3,body3.어깨_팔꿈치_연결부_샤프트_260413_URDF1@RightArm@HumanoidUpperBody,-148.0
RA,4,-,body5,body5.손목_Roll_회전부3_260409_v2_URDF@RightArm@HumanoidUpperBody,RA,body3,body3.어깨_팔꿈치_연결부_샤프트_260413_URDF3@RightArm@HumanoidUpperBody,-148.0
RA,4,-,body4,body4.팔꿈치_손목_연결부_샤프트_260413_URDF@RightArm@HumanoidUpperBody,RA,body3,body3.어깨_팔꿈치_연결부_샤프트_260413_URDF2@RightArm@HumanoidUpperBody,-149.0
RA,4,-,body4,body4.팔꿈치_손목_연결부_샤프트_260413_URDF@RightArm@HumanoidUpperBody,RA,body3,body3.어깨_팔꿈치_연결부_샤프트_260413_URDF3@RightArm@HumanoidUpperBody,-149.0
RA,4,-,body4,body4.팔꿈치_손목_연결부_샤프트_260413_URDF3@RightArm@HumanoidUpperBody,RA,body3,body3.어깨_팔꿈치_연결부_샤프트_260413_URDF@RightArm@HumanoidUpperBody,-149.0
RA,4,-,body4,body4.팔꿈치_손목_연결부_샤프트_260413_URDF3@RightArm@HumanoidUpperBody,RA,body3,body3.어깨_팔꿈치_연결부_샤프트_260413_URDF1@RightArm@HumanoidUpperBody,-149.0
RA,4,-,body6_1,body6_1.C1_손목_Yaw_링크_260511_Left_URDF@RightArm@HumanoidUpperBody,RA,body3,body3.어깨_팔꿈치_연결부_샤프트_260413_URDF3@RightArm@HumanoidUpperBody,-149.0
RA,4,-,body4,body4.팔꿈치_손목_연결부_샤프트_260413_URDF@RightArm@HumanoidUpperBody,RA,body3,body3.어깨_팔꿈치_연결부_260416_URDF@RightArm@HumanoidUpperBody,-150.0
RA,4,-,body4,body4.팔꿈치_손목_연결부_샤프트_260413_URDF3@RightArm@HumanoidUpperBody,RA,body3,body3.어깨_팔꿈치_연결부_260416_URDF@RightArm@HumanoidUpperBody,-150.0
RA,4,-,body6_1,body6_1.C1_SWSPS12_6_103@RightArm@HumanoidUpperBody,RA,body3,body3.어깨_팔꿈치_연결부_샤프트_260413_URDF3@RightArm@HumanoidUpperBody,-150.0
RA,4,-,body6_2,body6_2.C1_DBSY4_7_51@RightArm@HumanoidUpperBody,RA,body3,body3.어깨_팔꿈치_연결부_샤프트_260413_URDF3@RightArm@HumanoidUpperBody,-150.0
RA,4,-,body6_1,body6_1.C1_SWSPS12_6_101@RightArm@HumanoidUpperBody,RA,body3,body3.어깨_팔꿈치_연결부_샤프트_260413_URDF3@RightArm@HumanoidUpperBody,-151.0
RA,4,-,body6_1,body6_1.C1_Body111@RightArm@HumanoidUpperBody,RA,body3,body3.어깨_팔꿈치_연결부_샤프트_260413_URDF3@RightArm@HumanoidUpperBody,-151.0
RA,4,-,body6_2,body6_2.C1_SWSPS12_6_103@RightArm@HumanoidUpperBody,RA,body3,body3.어깨_팔꿈치_연결부_샤프트_260413_URDF3@RightArm@HumanoidUpperBody,-151.0
RA,4,-,body4,body4.NONE@RightArm@HumanoidUpperBody,RA,body3,body3.어깨_팔꿈치_연결부_260416_URDF@RightArm@HumanoidUpperBody,-152.0
RA,4,-,body6_2,body6_2.C1_Body111@RightArm@HumanoidUpperBody,RA,body3,body3.어깨_팔꿈치_연결부_샤프트_260413_URDF3@RightArm@HumanoidUpperBody,-152.0
RA,4,-,body6_2,body6_2.C1_SWSPS12_6_101@RightArm@HumanoidUpperBody,RA,body3,body3.어깨_팔꿈치_연결부_샤프트_260413_URDF3@RightArm@HumanoidUpperBody,-153.0
RA,4,-,body7,body7.C1_손목_Pitch_회전부_260415_URDF@RightArm@HumanoidUpperBody,RA,body2,body2.어깨_Roll_연결부_260423_URDF@RightArm@HumanoidUpperBody,-158.0
RA,4,-,body4,body4.NONE@RightArm@HumanoidUpperBody,RA,body3,body3.____2@RightArm@HumanoidUpperBody,-160.0
RA,4,-,body6,body6.C1_손목_Pitch_베어링체결부_260409@RightArm@HumanoidUpperBody,RA,body2,body2.어깨_Roll_Yaw_연결부_260422_URDF@RightArm@HumanoidUpperBody,-161.0
RA,4,-,body5,body5.손목_Yaw_01_URDF@RightArm@HumanoidUpperBody,RA,body3,body3._________12@RightArm@HumanoidUpperBody,-161.0
RA,4,-,body5,body5.손목_Yaw_01_URDF@RightArm@HumanoidUpperBody,RA,body2,body2.어깨_Roll_Yaw_연결부_260422_URDF@RightArm@HumanoidUpperBody,-161.0
RA,4,-,body5,body5.손목_Roll_회전부2_260409_v2_URDF@RightArm@HumanoidUpperBody,RA,body2,body2.어깨_Roll_Yaw_연결부_260422_URDF@RightArm@HumanoidUpperBody,-161.0
RA,4,-,body5,body5.손목_Roll_회전부2_260409_v2_URDF@RightArm@HumanoidUpperBody,RA,body3,body3._________12@RightArm@HumanoidUpperBody,-161.0
RA,4,-,body5,body5.손목_Roll_회전부2_260409_v2_URDF@RightArm@HumanoidUpperBody,RA,body3,body3._________1@RightArm@HumanoidUpperBody,-161.0
RA,4,-,body5,body5.손목_Roll_회전부_260409_v2_URDF@RightArm@HumanoidUpperBody,RA,body3,body3.____2@RightArm@HumanoidUpperBody,-162.0
RA,4,-,body5,body5.손목_Roll_회전부_260409_v2_URDF@RightArm@HumanoidUpperBody,RA,body3,body3._________4@RightArm@HumanoidUpperBody,-162.0
RA,4,-,body4,body4.손목_Roll_체결부_260415_v2_URDF@RightArm@HumanoidUpperBody,RA,body3,body3.____2@RightArm@HumanoidUpperBody,-162.0
RA,4,-,body4,body4.NONE@RightArm@HumanoidUpperBody,RA,body3,body3._________46@RightArm@HumanoidUpperBody,-162.0
RA,4,-,body4,body4.________11@RightArm@HumanoidUpperBody,RA,body3,body3.어깨_팔꿈치_연결부_260416_URDF@RightArm@HumanoidUpperBody,-162.0
RA,4,-,body4,body4.팔꿈치_손목_연결부_샤프트_260413_URDF@RightArm@HumanoidUpperBody,RA,body3,body3.____2@RightArm@HumanoidUpperBody,-162.0
RA,4,-,body4,body4.팔꿈치_손목_연결부_샤프트_260413_URDF3@RightArm@HumanoidUpperBody,RA,body3,body3.____2@RightArm@HumanoidUpperBody,-162.0
RA,4,-,body5,body5.손목_샤프트_260408_URDF@RightArm@HumanoidUpperBody,RA,body3,body3._________12@RightArm@HumanoidUpperBody,-163.0
RA,4,-,body5,body5.손목_샤프트_260408_URDF@RightArm@HumanoidUpperBody,RA,body2,body2.어깨_Roll_Yaw_연결부_260422_URDF@RightArm@HumanoidUpperBody,-163.0
RA,4,-,body5,body5.손목_샤프트_260408_URDF1@RightArm@HumanoidUpperBody,RA,body3,body3._________12@RightArm@HumanoidUpperBody,-163.0
RA,4,-,body5,body5.손목_샤프트_260408_URDF1@RightArm@HumanoidUpperBody,RA,body2,body2.어깨_Roll_Yaw_연결부_260422_URDF@RightArm@HumanoidUpperBody,-163.0
RA,4,-,body5,body5.손목_Roll_회전부_260409_v2_URDF@RightArm@HumanoidUpperBody,RA,body3,body3._________46@RightArm@HumanoidUpperBody,-163.0
RA,4,-,body4,body4.손목_Roll_체결부_260415_v2_URDF@RightArm@HumanoidUpperBody,RA,body3,body3._________46@RightArm@HumanoidUpperBody,-163.0
RA,4,-,body6,body6.C1_________11@RightArm@HumanoidUpperBody,RA,body3,body3._________1@RightArm@HumanoidUpperBody,-163.0
RA,4,-,body5,body5.손목_Yaw_01_URDF@RightArm@HumanoidUpperBody,RA,body3,body3._________4@RightArm@HumanoidUpperBody,-163.0
RA,4,-,body6,body6.FL6700ZZ_Right_어깨양단지지_URDF1@RightArm@HumanoidUpperBody,RA,body2,body2.어깨_Roll_Yaw_연결부_260422_URDF@RightArm@HumanoidUpperBody,-164.0
RA,4,-,body4,body4.팔꿈치_손목_연결부_샤프트_260413_URDF@RightArm@HumanoidUpperBody,RA,body3,body3._________46@RightArm@HumanoidUpperBody,-164.0
RA,4,-,body4,body4.팔꿈치_손목_연결부_샤프트_260413_URDF3@RightArm@HumanoidUpperBody,RA,body3,body3._________46@RightArm@HumanoidUpperBody,-164.0
RA,4,-,body6,body6.C1_손목_Pitch_베어링체결부_260409@RightArm@HumanoidUpperBody,RA,body3,body3.____3@RightArm@HumanoidUpperBody,-165.0
RA,4,-,body7,body7.C1_손목_Pitch_회전부2_260415_URDF@RightArm@HumanoidUpperBody,RA,body1,body1.어깨_Pitch_고정연결부_260423_A_URDF@RightArm@HumanoidUpperBody,-165.0
RA,4,-,body7,body7.C1_손목_Pitch_회전부2_260415_URDF@RightArm@HumanoidUpperBody,RA,body1,body1.________2@RightArm@HumanoidUpperBody,-165.0
RA,4,-,body5,body5.________11@RightArm@HumanoidUpperBody,RA,body3,body3._________12@RightArm@HumanoidUpperBody,-165.0
RA,4,-,body5,body5.________11@RightArm@HumanoidUpperBody,RA,body2,body2.어깨_Roll_Yaw_연결부_260422_URDF@RightArm@HumanoidUpperBody,-165.0
RA,4,-,body5,body5.손목_Roll_회전부_260409_v2_URDF@RightArm@HumanoidUpperBody,RA,body3,body3.____3@RightArm@HumanoidUpperBody,-165.0
RA,4,-,body7,body7.C1_손목_Pitch_회전부2_260415_URDF@RightArm@HumanoidUpperBody,RA,body2,body2.어깨_Roll_연결부_260423_URDF@RightArm@HumanoidUpperBody,-165.0
RA,4,-,body5,body5.손목_Yaw_01_URDF@RightArm@HumanoidUpperBody,RA,body3,body3.____3@RightArm@HumanoidUpperBody,-165.0
RA,4,-,body5,body5.손목_Yaw_01_URDF@RightArm@HumanoidUpperBody,RA,body3,body3.____2@RightArm@HumanoidUpperBody,-165.0
RA,4,-,body6,body6.C1_손목_Pitch_베어링체결부_260409@RightArm@HumanoidUpperBody,RA,body3,body3.____mm_______1@RightArm@HumanoidUpperBody,-166.0
RA,4,-,body6,body6.C1_________11@RightArm@HumanoidUpperBody,RA,body2,body2.어깨_Roll_Yaw_연결부_260422_URDF@RightArm@HumanoidUpperBody,-166.0
RA,4,-,body4,body4.________11@RightArm@HumanoidUpperBody,RA,body3,body3.____2@RightArm@HumanoidUpperBody,-166.0
RA,4,-,body5,body5.손목_Yaw_01_URDF@RightArm@HumanoidUpperBody,RA,body3,body3._________46@RightArm@HumanoidUpperBody,-166.0
RA,4,-,body5,body5.손목_Roll_회전부2_260409_v2_URDF@RightArm@HumanoidUpperBody,RA,body3,body3._________4@RightArm@HumanoidUpperBody,-166.0
RA,4,-,body5,body5.손목_Roll_회전부2_260409_v2_URDF@RightArm@HumanoidUpperBody,RA,body3,body3.____3@RightArm@HumanoidUpperBody,-166.0
RA,4,-,body6,body6.C1_손목_Pitch_베어링체결부_260409@RightArm@HumanoidUpperBody,RA,body3,body3.어깨_Yaw_체결부_260415_URDF@RightArm@HumanoidUpperBody,-167.0
RA,4,-,body7,body7.C1_손목_Pitch_회전부2_260415_URDF@RightArm@HumanoidUpperBody,RA,body1,body1.____3@RightArm@HumanoidUpperBody,-167.0
RA,4,-,body6,body6.C1_손목_Pitch_베어링체결부_260409@RightArm@HumanoidUpperBody,RA,body3,body3.________2@RightArm@HumanoidUpperBody,-167.0
RA,4,-,body7,body7.C1_손목_Pitch_회전부2_260415_URDF@RightArm@HumanoidUpperBody,RA,body1,body1.____mm_______1@RightArm@HumanoidUpperBody,-168.0
RA,4,-,body5,body5.손목_샤프트_260408_URDF@RightArm@HumanoidUpperBody,RA,body3,body3._________4@RightArm@HumanoidUpperBody,-168.0
RA,4,-,body5,body5.손목_샤프트_260408_URDF1@RightArm@HumanoidUpperBody,RA,body3,body3._________4@RightArm@HumanoidUpperBody,-168.0
RA,4,-,body5,body5.________11@RightArm@HumanoidUpperBody,RA,body3,body3._________4@RightArm@HumanoidUpperBody,-168.0
RA,4,-,body4,body4.________11@RightArm@HumanoidUpperBody,RA,body3,body3._________46@RightArm@HumanoidUpperBody,-168.0
RA,4,-,body6,body6.C1_________11@RightArm@HumanoidUpperBody,RA,body1,body1._________1@RightArm@HumanoidUpperBody,-168.0
RA,4,-,body5,body5.손목_Yaw_01_URDF@RightArm@HumanoidUpperBody,RA,body3,body3.____mm_______1@RightArm@HumanoidUpperBody,-168.0
RA,4,-,body5,body5.손목_Yaw_01_URDF@RightArm@HumanoidUpperBody,RA,body3,body3.어깨_Yaw_체결부_260415_URDF@RightArm@HumanoidUpperBody,-168.0
RA,4,-,body5,body5.손목_Roll_회전부2_260409_v2_URDF@RightArm@HumanoidUpperBody,RA,body3,body3._________46@RightArm@HumanoidUpperBody,-168.0
RA,4,-,body5,body5.손목_Roll_회전부2_260409_v2_URDF@RightArm@HumanoidUpperBody,RA,body3,body3.____2@RightArm@HumanoidUpperBody,-168.0
RA,4,-,body5,body5.손목_샤프트_260408_URDF@RightArm@HumanoidUpperBody,RA,body3,body3.____3@RightArm@HumanoidUpperBody,-169.0
RA,4,-,body5,body5.손목_샤프트_260408_URDF1@RightArm@HumanoidUpperBody,RA,body3,body3.____3@RightArm@HumanoidUpperBody,-169.0
RA,4,-,body5,body5.________11@RightArm@HumanoidUpperBody,RA,body3,body3.____3@RightArm@HumanoidUpperBody,-169.0
RA,4,-,body6,body6.FL6700ZZ_Right_어깨양단지지_URDF1@RightArm@HumanoidUpperBody,RA,body3,body3.____3@RightArm@HumanoidUpperBody,-169.0
RA,4,-,body5,body5.손목_Yaw_01_URDF@RightArm@HumanoidUpperBody,RA,body2,body2.어깨_Roll베어링_고정파트_URDF기본@RightArm@HumanoidUpperBody,-169.0
RA,4,-,body5,body5.손목_Yaw_01_URDF@RightArm@HumanoidUpperBody,RA,body2,body2.어깨_Roll베어링_고정파트_URDF기본1@RightArm@HumanoidUpperBody,-169.0
RA,4,-,body5,body5.손목_Yaw_01_URDF@RightArm@HumanoidUpperBody,RA,body3,body3.________2@RightArm@HumanoidUpperBody,-169.0
RA,4,-,body5,body5.손목_Roll_회전부2_260409_v2_URDF@RightArm@HumanoidUpperBody,RA,body2,body2.어깨_Roll베어링_고정파트_URDF기본@RightArm@HumanoidUpperBody,-169.0
RA,4,-,body5,body5.손목_Roll_회전부2_260409_v2_URDF@RightArm@HumanoidUpperBody,RA,body2,body2.어깨_Roll베어링_고정파트_URDF기본1@RightArm@HumanoidUpperBody,-169.0
RA,4,-,body5,body5.손목_Roll_회전부2_260409_v2_URDF@RightArm@HumanoidUpperBody,RA,body3,body3.____mm_______1@RightArm@HumanoidUpperBody,-169.0
RA,4,-,body5,body5.손목_Roll_회전부2_260409_v2_URDF@RightArm@HumanoidUpperBody,RA,body3,body3.어깨_Yaw_체결부_260415_URDF@RightArm@HumanoidUpperBody,-169.0
RA,4,-,body6,body6.C1_손목_Pitch_링크고정부_260415@RightArm@HumanoidUpperBody,RA,body3,body3._________1@RightArm@HumanoidUpperBody,-169.0
RA,4,-,body5,body5.손목_Roll_회전부2_260409_v2_URDF@RightArm@HumanoidUpperBody,RA,body3,body3.________2@RightArm@HumanoidUpperBody,-169.0
RA,4,-,body7,body7.C1_손목_Pitch_회전부_260415_URDF@RightArm@HumanoidUpperBody,RA,body2,body2.어깨_Roll베어링_고정파트_URDF기본1@RightArm@HumanoidUpperBody,-170.0
RA,4,-,body5,body5.손목_샤프트_260408_URDF@RightArm@HumanoidUpperBody,RA,body3,body3._________46@RightArm@HumanoidUpperBody,-170.0
RA,4,-,body5,body5.손목_샤프트_260408_URDF@RightArm@HumanoidUpperBody,RA,body3,body3.____2@RightArm@HumanoidUpperBody,-170.0
RA,4,-,body5,body5.손목_샤프트_260408_URDF@RightArm@HumanoidUpperBody,RA,body3,body3.____mm_______1@RightArm@HumanoidUpperBody,-170.0
RA,4,-,body5,body5.손목_샤프트_260408_URDF@RightArm@HumanoidUpperBody,RA,body2,body2.어깨_Roll베어링_고정파트_URDF기본@RightArm@HumanoidUpperBody,-170.0
RA,4,-,body5,body5.손목_샤프트_260408_URDF1@RightArm@HumanoidUpperBody,RA,body3,body3._________46@RightArm@HumanoidUpperBody,-170.0
RA,4,-,body5,body5.손목_샤프트_260408_URDF1@RightArm@HumanoidUpperBody,RA,body3,body3.____2@RightArm@HumanoidUpperBody,-170.0
RA,4,-,body5,body5.손목_샤프트_260408_URDF1@RightArm@HumanoidUpperBody,RA,body3,body3.____mm_______1@RightArm@HumanoidUpperBody,-170.0
RA,4,-,body5,body5.손목_샤프트_260408_URDF1@RightArm@HumanoidUpperBody,RA,body2,body2.어깨_Roll베어링_고정파트_URDF기본1@RightArm@HumanoidUpperBody,-170.0
RA,4,-,body5,body5.________11@RightArm@HumanoidUpperBody,RA,body3,body3._________46@RightArm@HumanoidUpperBody,-170.0
RA,4,-,body5,body5.________11@RightArm@HumanoidUpperBody,RA,body3,body3.____2@RightArm@HumanoidUpperBody,-170.0
RA,4,-,body6,body6.FL6700ZZ_Right_어깨양단지지_URDF1@RightArm@HumanoidUpperBody,RA,body3,body3.____mm_______1@RightArm@HumanoidUpperBody,-170.0
RA,4,-,body6,body6.FL6700ZZ_Right_어깨양단지지_URDF1@RightArm@HumanoidUpperBody,RA,body3,body3.어깨_Yaw_체결부_260415_URDF@RightArm@HumanoidUpperBody,-170.0
RA,4,-,body6,body6.C1_________11@RightArm@HumanoidUpperBody,RA,body3,body3._________4@RightArm@HumanoidUpperBody,-171.0
RA,4,-,body6,body6.C1_________11@RightArm@HumanoidUpperBody,RA,body3,body3.____3@RightArm@HumanoidUpperBody,-171.0
RA,4,-,body7,body7.C1_손목_Pitch_회전부2_260415_URDF@RightArm@HumanoidUpperBody,RA,body1,body1._________4@RightArm@HumanoidUpperBody,-171.0
RA,4,-,body7,body7.C1_손목_Pitch_회전부_260415_URDF@RightArm@HumanoidUpperBody,RA,body3,body3.________2@RightArm@HumanoidUpperBody,-171.0
RA,4,-,body7,body7.C1_손목_Pitch_회전부_260415_URDF@RightArm@HumanoidUpperBody,RA,body3,body3.어깨_Yaw_체결부_260415_URDF@RightArm@HumanoidUpperBody,-171.0
RA,4,-,body5,body5.손목_샤프트_260408_URDF@RightArm@HumanoidUpperBody,RA,body3,body3.________2@RightArm@HumanoidUpperBody,-171.0
RA,4,-,body5,body5.손목_샤프트_260408_URDF@RightArm@HumanoidUpperBody,RA,body3,body3.어깨_Yaw_체결부_260415_URDF@RightArm@HumanoidUpperBody,-171.0
RA,4,-,body5,body5.손목_샤프트_260408_URDF1@RightArm@HumanoidUpperBody,RA,body3,body3.________2@RightArm@HumanoidUpperBody,-171.0
RA,4,-,body5,body5.손목_샤프트_260408_URDF1@RightArm@HumanoidUpperBody,RA,body3,body3.어깨_Yaw_체결부_260415_URDF@RightArm@HumanoidUpperBody,-171.0
RA,4,-,body6,body6.FL6700ZZ_Right_어깨양단지지_URDF1@RightArm@HumanoidUpperBody,RA,body3,body3.________2@RightArm@HumanoidUpperBody,-171.0
RA,4,-,body6,body6.C1_손목_Pitch_링크고정부_260415@RightArm@HumanoidUpperBody,RA,body2,body2.어깨_Roll_Yaw_연결부_260422_URDF@RightArm@HumanoidUpperBody,-172.0
RA,4,-,body6,body6.C1_손목_Pitch_고정부_260415@RightArm@HumanoidUpperBody,RA,body2,body2.어깨_Roll_Yaw_연결부_260422_URDF@RightArm@HumanoidUpperBody,-172.0
RA,4,-,body6,body6.C1_________11@RightArm@HumanoidUpperBody,RA,body3,body3.____mm_______1@RightArm@HumanoidUpperBody,-172.0
RA,4,-,body6,body6.C1_________11@RightArm@HumanoidUpperBody,RA,body2,body2.어깨_Roll베어링_고정파트_URDF기본@RightArm@HumanoidUpperBody,-172.0
RA,4,-,body6,body6.C1_________11@RightArm@HumanoidUpperBody,RA,body2,body2.어깨_Roll베어링_고정파트_URDF기본1@RightArm@HumanoidUpperBody,-172.0
RA,4,-,body6,body6.C1_NONE@RightArm@HumanoidUpperBody,RA,body2,body2.어깨_Roll_Yaw_연결부_260422_URDF@RightArm@HumanoidUpperBody,-172.0
RA,4,-,body5,body5.________11@RightArm@HumanoidUpperBody,RA,body3,body3.____mm_______1@RightArm@HumanoidUpperBody,-172.0
RA,4,-,body5,body5.________11@RightArm@HumanoidUpperBody,RA,body3,body3.어깨_Yaw_체결부_260415_URDF@RightArm@HumanoidUpperBody,-172.0
RA,4,-,body6,body6.C1_손목_Pitch_고정부_260415@RightArm@HumanoidUpperBody,RA,body1,body1._________1@RightArm@HumanoidUpperBody,-172.0
RA,4,-,body6,body6.C1_________11@RightArm@HumanoidUpperBody,RA,body3,body3.________2@RightArm@HumanoidUpperBody,-173.0
RA,4,-,body6,body6.C1_________11@RightArm@HumanoidUpperBody,RA,body3,body3.어깨_Yaw_체결부_260415_URDF@RightArm@HumanoidUpperBody,-173.0
RA,4,-,body7,body7.C1_손목_Pitch_회전부2_260415_URDF@RightArm@HumanoidUpperBody,RA,body2,body2.어깨_Roll_Yaw_연결부_260422_URDF@RightArm@HumanoidUpperBody,-173.0
RA,4,-,body5,body5.________11@RightArm@HumanoidUpperBody,RA,body3,body3.________2@RightArm@HumanoidUpperBody,-173.0
RA,4,-,body6,body6.C1_손목_Pitch_베어링체결부_260407@RightArm@HumanoidUpperBody,RA,body2,body2.어깨_Roll_Yaw_연결부_260422_URDF@RightArm@HumanoidUpperBody,-174.0
RA,4,-,body7,body7.C1_손목_Pitch_회전부2_260415_URDF@RightArm@HumanoidUpperBody,RA,body1,body1._________46@RightArm@HumanoidUpperBody,-174.0
RA,4,-,body7,body7.C1_손목_Pitch_회전부2_260415_URDF@RightArm@HumanoidUpperBody,RA,body1,body1._________12@RightArm@HumanoidUpperBody,-175.0
RA,4,-,body6,body6.C1_손목_Pitch_고정부_260415@RightArm@HumanoidUpperBody,RA,body1,body1.어깨_Pitch_회전부_260423_Right_어깨양단지지_URDF@RightArm@HumanoidUpperBody,-176.0
RA,4,-,body7,body7.C1_손목_Pitch_회전부2_260415_URDF@RightArm@HumanoidUpperBody,RA,body1,body1.____2@RightArm@HumanoidUpperBody,-176.0
RA,4,-,body7,body7.C1_손목_Pitch_회전부_260415_URDF@RightArm@HumanoidUpperBody,RA,body2,body2.어깨_Roll_베어링_연결부_260423_URDF@RightArm@HumanoidUpperBody,-176.0
RA,4,-,body4,body4.팔꿈치_손목_연결부_샤프트_260413_URDF1@RightArm@HumanoidUpperBody,RA,body3,body3.어깨_팔꿈치_연결부_샤프트_260413_URDF@RightArm@HumanoidUpperBody,-176.0
RA,4,-,body4,body4.팔꿈치_손목_연결부_샤프트_260413_URDF1@RightArm@HumanoidUpperBody,RA,body3,body3.어깨_팔꿈치_연결부_샤프트_260413_URDF1@RightArm@HumanoidUpperBody,-176.0
RA,4,-,body4,body4.팔꿈치_손목_연결부_샤프트_260413_URDF2@RightArm@HumanoidUpperBody,RA,body3,body3.어깨_팔꿈치_연결부_샤프트_260413_URDF2@RightArm@HumanoidUpperBody,-176.0
RA,4,-,body4,body4.팔꿈치_손목_연결부_샤프트_260413_URDF2@RightArm@HumanoidUpperBody,RA,body3,body3.어깨_팔꿈치_연결부_샤프트_260413_URDF3@RightArm@HumanoidUpperBody,-176.0
RA,4,-,body6,body6.C1_손목_Pitch_링크고정부_260415@RightArm@HumanoidUpperBody,RA,body3,body3._________4@RightArm@HumanoidUpperBody,-177.0
RA,4,-,body6,body6.C1_손목_Pitch_링크고정부_260415@RightArm@HumanoidUpperBody,RA,body3,body3.____3@RightArm@HumanoidUpperBody,-177.0
RA,4,-,body6,body6.C1_손목_Pitch_고정부_260415@RightArm@HumanoidUpperBody,RA,body3,body3._________4@RightArm@HumanoidUpperBody,-177.0
RA,4,-,body6,body6.C1_손목_Pitch_고정부_260415@RightArm@HumanoidUpperBody,RA,body3,body3.____3@RightArm@HumanoidUpperBody,-177.0
RA,4,-,body6,body6.C1_NONE@RightArm@HumanoidUpperBody,RA,body3,body3.____3@RightArm@HumanoidUpperBody,-177.0
RA,4,-,body7,body7.C1_손목_Pitch_회전부2_260415_URDF@RightArm@HumanoidUpperBody,RA,body1,body1.어깨_Pitch_고정연결부_260423_Right_어깨양단지지_B_URDF@RightArm@HumanoidUpperBody,-177.0
RA,4,-,body6,body6.C1_손목_Pitch_링크고정부_260415@RightArm@HumanoidUpperBody,RA,body3,body3.____mm_______1@RightArm@HumanoidUpperBody,-178.0
RA,4,-,body6,body6.C1_손목_Pitch_링크고정부_260415@RightArm@HumanoidUpperBody,RA,body2,body2.어깨_Roll베어링_고정파트_URDF기본@RightArm@HumanoidUpperBody,-178.0
RA,4,-,body6,body6.C1_손목_Pitch_고정부_260415@RightArm@HumanoidUpperBody,RA,body3,body3.____mm_______1@RightArm@HumanoidUpperBody,-178.0
RA,4,-,body6,body6.C1_손목_Pitch_고정부_260415@RightArm@HumanoidUpperBody,RA,body2,body2.어깨_Roll베어링_고정파트_URDF기본1@RightArm@HumanoidUpperBody,-178.0
RA,4,-,body6,body6.C1_NONE@RightArm@HumanoidUpperBody,RA,body3,body3.____mm_______1@RightArm@HumanoidUpperBody,-178.0
RA,4,-,body6,body6.C1_NONE@RightArm@HumanoidUpperBody,RA,body2,body2.어깨_Roll베어링_고정파트_URDF기본1@RightArm@HumanoidUpperBody,-178.0
RA,4,-,body7,body7.C1_손목_Pitch_회전부2_260415_URDF@RightArm@HumanoidUpperBody,RA,body2,body2.어깨_Roll베어링_고정파트_URDF기본@RightArm@HumanoidUpperBody,-178.0
RA,4,-,body7,body7.C1_손목_Pitch_회전부2_260415_URDF@RightArm@HumanoidUpperBody,RA,body2,body2.어깨_Roll베어링_고정파트_URDF기본1@RightArm@HumanoidUpperBody,-178.0
RA,4,-,body5,body5.손목_Roll_회전부3_260409_v2_URDF@RightArm@HumanoidUpperBody,RA,body3,body3._________1@RightArm@HumanoidUpperBody,-178.0
RA,4,-,body6,body6.FL6700ZZ_Right_어깨양단지지_URDF@RightArm@HumanoidUpperBody,RA,body2,body2.어깨_Roll_Yaw_연결부_260422_URDF@RightArm@HumanoidUpperBody,-179.0
RA,4,-,body6,body6.C1_손목_Pitch_링크고정부_260415@RightArm@HumanoidUpperBody,RA,body3,body3.________2@RightArm@HumanoidUpperBody,-179.0
RA,4,-,body6,body6.C1_손목_Pitch_링크고정부_260415@RightArm@HumanoidUpperBody,RA,body3,body3.어깨_Yaw_체결부_260415_URDF@RightArm@HumanoidUpperBody,-179.0
RA,4,-,body6,body6.C1_손목_Pitch_고정부_260415@RightArm@HumanoidUpperBody,RA,body3,body3.________2@RightArm@HumanoidUpperBody,-179.0
RA,4,-,body6,body6.C1_손목_Pitch_고정부_260415@RightArm@HumanoidUpperBody,RA,body3,body3.어깨_Yaw_체결부_260415_URDF@RightArm@HumanoidUpperBody,-179.0
RA,4,-,body6,body6.C1_NONE@RightArm@HumanoidUpperBody,RA,body3,body3.________2@RightArm@HumanoidUpperBody,-179.0
RA,4,-,body6,body6.C1_NONE@RightArm@HumanoidUpperBody,RA,body3,body3.어깨_Yaw_체결부_260415_URDF@RightArm@HumanoidUpperBody,-179.0
RA,4,-,body6,body6.C1_손목_Pitch_베어링체결부_260407@RightArm@HumanoidUpperBody,RA,body3,body3.____3@RightArm@HumanoidUpperBody,-179.0
RA,4,-,body5,body5.NONE@RightArm@HumanoidUpperBody,RA,body2,body2.어깨_Roll_Yaw_연결부_260422_URDF@RightArm@HumanoidUpperBody,-179.0
RA,4,-,body6,body6.C1_손목_Pitch_베어링체결부_260407@RightArm@HumanoidUpperBody,RA,body3,body3.____mm_______1@RightArm@HumanoidUpperBody,-180.0
RA,4,-,body6,body6.C1_손목_Pitch_베어링체결부_260407@RightArm@HumanoidUpperBody,RA,body3,body3.어깨_Yaw_체결부_260415_URDF@RightArm@HumanoidUpperBody,-180.0
RA,4,-,body7,body7.C1_손목_Pitch_회전부2_260415_URDF@RightArm@HumanoidUpperBody,RA,body1,body1.어깨_Pitch_고정연결부_260423_Right_어깨양단지지_B_URDF1@RightArm@HumanoidUpperBody,-180.0
RA,4,-,body5,body5.NONE@RightArm@HumanoidUpperBody,RA,body3,body3._________12@RightArm@HumanoidUpperBody,-180.0
RA,5,+,body5,body5.손목_Roll_회전부_260409_v2_URDF@RightArm@HumanoidUpperBody,RA,body4,body4.손목_Roll_체결부_260415_v2_URDF@RightArm@HumanoidUpperBody,1.0
RA,5,+,body5,body5.손목_Roll_회전부_260409_v2_URDF@RightArm@HumanoidUpperBody,RA,body4,body4.NONE@RightArm@HumanoidUpperBody,1.0
RA,5,+,body5,body5.손목_Roll_회전부_260409_v2_URDF@RightArm@HumanoidUpperBody,RA,body4,body4.________11@RightArm@HumanoidUpperBody,1.0
RA,5,-,body5,body5.손목_Roll_회전부_260409_v2_URDF@RightArm@HumanoidUpperBody,RA,body4,body4.손목_Roll_체결부_260415_v2_URDF@RightArm@HumanoidUpperBody,-0.0
RA,5,-,body5,body5.손목_Roll_회전부_260409_v2_URDF@RightArm@HumanoidUpperBody,RA,body4,body4.NONE@RightArm@HumanoidUpperBody,-0.0
RA,5,-,body5,body5.손목_Roll_회전부_260409_v2_URDF@RightArm@HumanoidUpperBody,RA,body4,body4.________11@RightArm@HumanoidUpperBody,-0.0
RA,6,+,body6,body6.C1_손목_Pitch_고정부_260415@RightArm@HumanoidUpperBody,RA,body5,body5.________11@RightArm@HumanoidUpperBody,34.0
RA,6,+,body6,body6.C1_손목_Pitch_고정부_260415@RightArm@HumanoidUpperBody,RA,body5,body5.손목_샤프트_260408_URDF1@RightArm@HumanoidUpperBody,36.0
RA,6,+,body7,body7.C1_손목_Pitch_회전부_260415_URDF@RightArm@HumanoidUpperBody,RA,body5,body5.손목_Roll_회전부3_260409_v2_URDF@RightArm@HumanoidUpperBody,42.0
RA,6,+,body7,body7.C1_손목_Pitch_회전부_260415_URDF@RightArm@HumanoidUpperBody,RA,body5,body5.손목_Roll_회전부2_260409_v2_URDF@RightArm@HumanoidUpperBody,42.0
RA,6,+,body6,body6.C1_NONE@RightArm@HumanoidUpperBody,RA,body5,body5.손목_샤프트_260408_URDF1@RightArm@HumanoidUpperBody,55.0
RA,6,+,body6,body6.C1_손목_Pitch_고정부_260415@RightArm@HumanoidUpperBody,RA,body5,body5.손목_샤프트_260408_URDF@RightArm@HumanoidUpperBody,65.0
RA,6,+,body6,body6.C1_NONE@RightArm@HumanoidUpperBody,RA,body5,body5.손목_샤프트_260408_URDF@RightArm@HumanoidUpperBody,81.0
RA,6,+,body7,body7.C1_손목_Pitch_회전부_260415_URDF@RightArm@HumanoidUpperBody,RA,body5,body5.손목_샤프트_260408_URDF1@RightArm@HumanoidUpperBody,104.0
RA,6,+,body7,body7.C1_손목_Pitch_회전부_260415_URDF@RightArm@HumanoidUpperBody,RA,body5,body5.손목_Yaw_01_URDF@RightArm@HumanoidUpperBody,106.0
RA,6,+,body7,body7.C1_손목_Pitch_회전부2_260415_URDF@RightArm@HumanoidUpperBody,RA,body5,body5.________11@RightArm@HumanoidUpperBody,108.0
RA,6,+,body7,body7.C1_손목_Pitch_회전부_260415_URDF@RightArm@HumanoidUpperBody,RA,body5,body5.________11@RightArm@HumanoidUpperBody,108.0
RA,6,+,body7,body7.C1_손목_Pitch_회전부2_260415_URDF@RightArm@HumanoidUpperBody,RA,body5,body5.손목_샤프트_260408_URDF1@RightArm@HumanoidUpperBody,111.0
RA,6,+,body7,body7.C1_손목_Pitch_회전부_260415_URDF@RightArm@HumanoidUpperBody,RA,body6_2,body6_2.C1_손목_Yaw_회전부_260420@RightArm@HumanoidUpperBody,114.0
RA,6,+,body7,body7.C1_손목_Pitch_회전부_260415_URDF@RightArm@HumanoidUpperBody,RA,body5,body5.손목_샤프트_260408_URDF@RightArm@HumanoidUpperBody,132.0
RA,6,+,body7,body7.C1_손목_Pitch_회전부2_260415_URDF@RightArm@HumanoidUpperBody,RA,body5,body5.손목_샤프트_260408_URDF@RightArm@HumanoidUpperBody,139.0
RA,6,+,body7,body7.C1_손목_Pitch_회전부2_260415_URDF@RightArm@HumanoidUpperBody,RA,body5,body5.손목_Roll_회전부_260409_v2_URDF@RightArm@HumanoidUpperBody,150.0
RA,6,-,body6,body6.C1_손목_Pitch_링크고정부2_260408@RightArm@HumanoidUpperBody,RA,body5,body5.손목_Roll_회전부3_260409_v2_URDF@RightArm@HumanoidUpperBody,-9.0
RA,6,-,body6,body6.C1_DBSY4_7_5@RightArm@HumanoidUpperBody,RA,body5,body5.손목_Roll_회전부3_260409_v2_URDF@RightArm@HumanoidUpperBody,-25.0
RA,6,-,body6,body6.C1_SWSPS12_6_102@RightArm@HumanoidUpperBody,RA,body5,body5.손목_Roll_회전부3_260409_v2_URDF@RightArm@HumanoidUpperBody,-29.0
RA,6,-,body6,body6.C1_Body11@RightArm@HumanoidUpperBody,RA,body5,body5.손목_Roll_회전부3_260409_v2_URDF@RightArm@HumanoidUpperBody,-29.0
RA,6,-,body6,body6.C1_손목_Pitch_링크고정부_260415@RightArm@HumanoidUpperBody,RA,body5,body5.________11@RightArm@HumanoidUpperBody,-34.0
RA,6,-,body6,body6.C1_손목_Pitch_링크고정부_260415@RightArm@HumanoidUpperBody,RA,body5,body5.손목_샤프트_260408_URDF@RightArm@HumanoidUpperBody,-36.0
RA,6,-,body6,body6.C1_손목_Pitch_링크고정부2_260408@RightArm@HumanoidUpperBody,RA,body5,body5.손목_샤프트_260408_URDF@RightArm@HumanoidUpperBody,-52.0
RA,6,-,body6,body6.C1_손목_Pitch_링크고정부_260415@RightArm@HumanoidUpperBody,RA,body5,body5.손목_샤프트_260408_URDF1@RightArm@HumanoidUpperBody,-65.0
RA,6,-,body6,body6.C1_손목_Pitch_링크고정부2_260408@RightArm@HumanoidUpperBody,RA,body5,body5.손목_샤프트_260408_URDF1@RightArm@HumanoidUpperBody,-82.0
RA,6,-,body7,body7.C1_손목_Pitch_회전부2_260415_URDF@RightArm@HumanoidUpperBody,RA,body5,body5.________11@RightArm@HumanoidUpperBody,-125.0
RA,6,-,body7,body7.C1_손목_Pitch_회전부2_260415_URDF@RightArm@HumanoidUpperBody,RA,body5,body5.손목_샤프트_260408_URDF@RightArm@HumanoidUpperBody,-128.0
RA,6,-,body7,body7.C1_손목_Pitch_회전부_260415_URDF@RightArm@HumanoidUpperBody,RA,body5,body5.손목_Roll_회전부3_260409_v2_URDF@RightArm@HumanoidUpperBody,-152.0
RA,6,-,body7,body7.C1_손목_Pitch_회전부_260415_URDF@RightArm@HumanoidUpperBody,RA,body5,body5.손목_Roll_회전부2_260409_v2_URDF@RightArm@HumanoidUpperBody,-152.0
RA,6,-,body7,body7.C1_손목_Pitch_회전부2_260415_URDF@RightArm@HumanoidUpperBody,RA,body5,body5.손목_샤프트_260408_URDF1@RightArm@HumanoidUpperBody,-157.0
RA,7,+,body7,body7.C1_손목_Pitch_회전부_260415_URDF@RightArm@HumanoidUpperBody,RA,body6,body6.C1_손목_Pitch_고정부_260415@RightArm@HumanoidUpperBody,1.0
RA,7,+,body7,body7.C1_손목_Pitch_회전부_260415_URDF@RightArm@HumanoidUpperBody,RA,body6,body6.C1_NONE@RightArm@HumanoidUpperBody,1.0
RA,7,+,body7,body7.C1_손목_Pitch_회전부2_260415_URDF@RightArm@HumanoidUpperBody,RA,body6,body6.C1_________11@RightArm@HumanoidUpperBody,21.0
RA,7,+,body7,body7.C1_손목_Pitch_회전부_260415_URDF@RightArm@HumanoidUpperBody,RA,body5,body5.손목_Roll_회전부3_260409_v2_URDF@RightArm@HumanoidUpperBody,41.0
RA,7,+,body7,body7.C1_손목_Pitch_회전부2_260415_URDF@RightArm@HumanoidUpperBody,RA,body6,body6.C1_손목_Pitch_베어링체결부_260407@RightArm@HumanoidUpperBody,61.0
RA,7,+,body7,body7.C1_손목_Pitch_회전부2_260415_URDF@RightArm@HumanoidUpperBody,RA,body6,body6.FL6700ZZ_Right_어깨양단지지_URDF@RightArm@HumanoidUpperBody,62.0
RA,7,+,body7,body7.C1_손목_Pitch_회전부2_260415_URDF@RightArm@HumanoidUpperBody,RA,body5,body5.손목_Roll_회전부3_260409_v2_URDF@RightArm@HumanoidUpperBody,112.0
RA,7,+,body7,body7.C1_손목_Pitch_회전부2_260415_URDF@RightArm@HumanoidUpperBody,RA,body6_2,body6_2.C1_손목_Yaw_회전부_260420@RightArm@HumanoidUpperBody,130.0
RA,7,+,body7,body7.C1_손목_Pitch_회전부2_260415_URDF@RightArm@HumanoidUpperBody,RA,body5,body5.손목_샤프트_260408_URDF@RightArm@HumanoidUpperBody,136.0
RA,7,+,body7,body7.C1_손목_Pitch_회전부2_260415_URDF@RightArm@HumanoidUpperBody,RA,body5,body5.손목_샤프트_260408_URDF1@RightArm@HumanoidUpperBody,136.0
RA,7,+,body7,body7.C1_손목_Pitch_회전부2_260415_URDF@RightArm@HumanoidUpperBody,RA,body5,body5.________11@RightArm@HumanoidUpperBody,140.0
RA,7,+,body7,body7.C1_손목_Pitch_회전부2_260415_URDF@RightArm@HumanoidUpperBody,RA,body5,body5.NONE@RightArm@HumanoidUpperBody,143.0
RA,7,+,body7,body7.C1_손목_Pitch_회전부_260415_URDF@RightArm@HumanoidUpperBody,RA,body5,body5.손목_Roll_회전부2_260409_v2_URDF@RightArm@HumanoidUpperBody,148.0
RA,7,-,body7,body7.C1_손목_Pitch_회전부_260415_URDF@RightArm@HumanoidUpperBody,RA,body6,body6.C1_손목_Pitch_고정부_260415@RightArm@HumanoidUpperBody,-0.0
RA,7,-,body7,body7.C1_손목_Pitch_회전부_260415_URDF@RightArm@HumanoidUpperBody,RA,body6,body6.C1_NONE@RightArm@HumanoidUpperBody,-0.0
RA,7,-,body7,body7.C1_손목_Pitch_회전부2_260415_URDF@RightArm@HumanoidUpperBody,RA,body6,body6.C1_________11@RightArm@HumanoidUpperBody,-21.0
RA,7,-,body7,body7.C1_손목_Pitch_회전부_260415_URDF@RightArm@HumanoidUpperBody,RA,body5,body5.손목_Roll_회전부2_260409_v2_URDF@RightArm@HumanoidUpperBody,-41.0
RA,7,-,body7,body7.C1_손목_Pitch_회전부2_260415_URDF@RightArm@HumanoidUpperBody,RA,body6,body6.C1_손목_Pitch_베어링체결부_260409@RightArm@HumanoidUpperBody,-61.0
RA,7,-,body7,body7.C1_손목_Pitch_회전부2_260415_URDF@RightArm@HumanoidUpperBody,RA,body6,body6.FL6700ZZ_Right_어깨양단지지_URDF1@RightArm@HumanoidUpperBody,-62.0
RA,7,-,body7,body7.C1_손목_Pitch_회전부2_260415_URDF@RightArm@HumanoidUpperBody,RA,body5,body5.손목_Roll_회전부2_260409_v2_URDF@RightArm@HumanoidUpperBody,-112.0
RA,7,-,body7,body7.C1_손목_Pitch_회전부2_260415_URDF@RightArm@HumanoidUpperBody,RA,body5,body5.손목_샤프트_260408_URDF@RightArm@HumanoidUpperBody,-136.0
RA,7,-,body7,body7.C1_손목_Pitch_회전부2_260415_URDF@RightArm@HumanoidUpperBody,RA,body5,body5.손목_샤프트_260408_URDF1@RightArm@HumanoidUpperBody,-136.0
RA,7,-,body7,body7.C1_손목_Pitch_회전부2_260415_URDF@RightArm@HumanoidUpperBody,RA,body5,body5.손목_Yaw_01_URDF@RightArm@HumanoidUpperBody,-137.0
RA,7,-,body7,body7.C1_손목_Pitch_회전부2_260415_URDF@RightArm@HumanoidUpperBody,RA,body5,body5.________11@RightArm@HumanoidUpperBody,-147.0
RA,7,-,body7,body7.C1_손목_Pitch_회전부_260415_URDF@RightArm@HumanoidUpperBody,RA,body5,body5.손목_Roll_회전부3_260409_v2_URDF@RightArm@HumanoidUpperBody,-148.0
